Date,Currency,Currency Pair,Buying,Selling,Mid Rate
31-Dec-25,US Dollar,USDGHS,10.4448,10.4552,10.45
30-Dec-25,US Dollar,USDGHS,10.4448,10.4552,10.45
29-Dec-25,US Dollar,USDGHS,10.6447,10.6553,10.65
24-Dec-25,US Dollar,USDGHS,11.0945,11.1056,11.1
23-Dec-25,US Dollar,USDGHS,11.3443,11.3557,11.35
22-Dec-25,US Dollar,USDGHS,11.4143,11.4257,11.42
19-Dec-25,US Dollar,USDGHS,11.4843,11.4957,11.49
18-Dec-25,US Dollar,USDGHS,11.5042,11.5158,11.51
17-Dec-25,US Dollar,USDGHS,11.4943,11.5058,11.5
16-Dec-25,US Dollar,USDGHS,11.4943,11.5058,11.5
15-Dec-25,US Dollar,USDGHS,11.4843,11.4957,11.49
12-Dec-25,US Dollar,USDGHS,11.4843,11.4957,11.49
11-Dec-25,US Dollar,USDGHS,11.4643,11.4757,11.47
10-Dec-25,US Dollar,USDGHS,11.4343,11.4457,11.44
9-Dec-25,US Dollar,USDGHS,11.4143,11.4257,11.42
8-Dec-25,US Dollar,USDGHS,11.4143,11.4257,11.42
4-Dec-25,US Dollar,USDGHS,11.4043,11.4157,11.41
3-Dec-25,US Dollar,USDGHS,11.3613,11.3727,11.367
2-Dec-25,US Dollar,USDGHS,11.3343,11.3457,11.34
1-Dec-25,US Dollar,USDGHS,11.2944,11.3057,11.3
28-Nov-25,US Dollar,USDGHS,11.2644,11.2756,11.27
27-Nov-25,US Dollar,USDGHS,11.2044,11.2156,11.21
26-Nov-25,US Dollar,USDGHS,11.1844,11.1956,11.19
25-Nov-25,US Dollar,USDGHS,11.1444,11.1556,11.15
24-Nov-25,US Dollar,USDGHS,11.1144,11.1256,11.12
21-Nov-25,US Dollar,USDGHS,11.1144,11.1256,11.12
20-Nov-25,US Dollar,USDGHS,11.0745,11.0855,11.08
19-Nov-25,US Dollar,USDGHS,11.0045,11.0155,11.01
18-Nov-25,US Dollar,USDGHS,10.9945,11.0055,11
17-Nov-25,US Dollar,USDGHS,10.9745,10.9855,10.98
14-Nov-25,US Dollar,USDGHS,10.9645,10.9755,10.97
13-Nov-25,US Dollar,USDGHS,10.9645,10.9755,10.97
12-Nov-25,US Dollar,USDGHS,10.9593,10.9703,10.9648
11-Nov-25,US Dollar,USDGHS,10.9445,10.9555,10.95
10-Nov-25,US Dollar,USDGHS,10.9145,10.9255,10.92
7-Nov-25,US Dollar,USDGHS,10.9145,10.9255,10.92
6-Nov-25,US Dollar,USDGHS,10.9095,10.9205,10.915
5-Nov-25,US Dollar,USDGHS,10.9095,10.9205,10.915
4-Nov-25,US Dollar,USDGHS,10.9145,10.9255,10.92
3-Nov-25,US Dollar,USDGHS,10.8946,10.9055,10.9
31-Oct-25,US Dollar,USDGHS,10.8946,10.9055,10.9
30-Oct-25,US Dollar,USDGHS,10.8946,10.9055,10.9
29-Oct-25,US Dollar,USDGHS,10.8446,10.8554,10.85
28-Oct-25,US Dollar,USDGHS,10.8446,10.8554,10.85
27-Oct-25,US Dollar,USDGHS,10.7946,10.8054,10.8
24-Oct-25,US Dollar,USDGHS,10.8446,10.8554,10.85
23-Oct-25,US Dollar,USDGHS,10.7946,10.8054,10.8
22-Oct-25,US Dollar,USDGHS,10.7146,10.7254,10.72
21-Oct-25,US Dollar,USDGHS,10.7446,10.7554,10.75
20-Oct-25,US Dollar,USDGHS,10.7946,10.8054,10.8
17-Oct-25,US Dollar,USDGHS,10.6947,10.7054,10.7
16-Oct-25,US Dollar,USDGHS,10.6947,10.7054,10.7
15-Oct-25,US Dollar,USDGHS,11.2444,11.2556,11.25
14-Oct-25,US Dollar,USDGHS,11.4443,11.4557,11.45
13-Oct-25,US Dollar,USDGHS,11.8941,11.906,11.9
10-Oct-25,US Dollar,USDGHS,12.1589,12.1711,12.165
9-Oct-25,US Dollar,USDGHS,12.2939,12.3062,12.3
8-Oct-25,US Dollar,USDGHS,12.3938,12.4062,12.4
7-Oct-25,US Dollar,USDGHS,12.4038,12.4162,12.41
6-Oct-25,US Dollar,USDGHS,12.5437,12.5563,12.55
3-Oct-25,US Dollar,USDGHS,12.5437,12.5563,12.55
2-Oct-25,US Dollar,USDGHS,12.5437,12.5563,12.55
1-Oct-25,US Dollar,USDGHS,12.4438,12.4562,12.45
30-Sep-25,US Dollar,USDGHS,12.4138,12.4262,12.42
29-Sep-25,US Dollar,USDGHS,12.4041,12.4165,12.4103
26-Sep-25,US Dollar,USDGHS,12.3938,12.4062,12.4
25-Sep-25,US Dollar,USDGHS,12.3438,12.3562,12.35
24-Sep-25,US Dollar,USDGHS,12.2939,12.3062,12.3
23-Sep-25,US Dollar,USDGHS,12.2939,12.3062,12.3
19-Sep-25,US Dollar,USDGHS,12.2639,12.2761,12.27
18-Sep-25,US Dollar,USDGHS,12.2439,12.2561,12.25
17-Sep-25,US Dollar,USDGHS,12.2439,12.2561,12.25
16-Sep-25,US Dollar,USDGHS,12.1939,12.2061,12.2
15-Sep-25,US Dollar,USDGHS,12.1939,12.2061,12.2
12-Sep-25,US Dollar,USDGHS,12.1439,12.1561,12.15
11-Sep-25,US Dollar,USDGHS,12.1139,12.1261,12.12
10-Sep-25,US Dollar,USDGHS,12.094,12.1061,12.1
9-Sep-25,US Dollar,USDGHS,12.094,12.1061,12.1
8-Sep-25,US Dollar,USDGHS,12.044,12.056,12.05
5-Sep-25,US Dollar,USDGHS,11.954,11.966,11.96
4-Sep-25,US Dollar,USDGHS,11.944,11.956,11.95
3-Sep-25,US Dollar,USDGHS,11.8941,11.906,11.9
2-Sep-25,US Dollar,USDGHS,11.7441,11.7559,11.75
1-Sep-25,US Dollar,USDGHS,11.5942,11.6058,11.6
29-Aug-25,US Dollar,USDGHS,11.3943,11.4057,11.4
28-Aug-25,US Dollar,USDGHS,11.2444,11.2556,11.25
27-Aug-25,US Dollar,USDGHS,11.0445,11.0555,11.05
26-Aug-25,US Dollar,USDGHS,10.9745,10.9855,10.98
25-Aug-25,US Dollar,USDGHS,10.9445,10.9555,10.95
22-Aug-25,US Dollar,USDGHS,10.8946,10.9055,10.9
21-Aug-25,US Dollar,USDGHS,10.9445,10.9555,10.95
20-Aug-25,US Dollar,USDGHS,10.8146,10.8254,10.82
19-Aug-25,US Dollar,USDGHS,10.7945,10.8053,10.7999
18-Aug-25,US Dollar,USDGHS,10.7946,10.8054,10.8
15-Aug-25,US Dollar,USDGHS,10.6447,10.6553,10.65
14-Aug-25,US Dollar,USDGHS,10.7946,10.8054,10.8
13-Aug-25,US Dollar,USDGHS,10.7452,10.756,10.7506
12-Aug-25,US Dollar,USDGHS,10.6247,10.6353,10.63
11-Aug-25,US Dollar,USDGHS,10.5947,10.6053,10.6
8-Aug-25,US Dollar,USDGHS,10.5947,10.6053,10.6
7-Aug-25,US Dollar,USDGHS,10.4948,10.5053,10.5
6-Aug-25,US Dollar,USDGHS,10.5447,10.5553,10.55
5-Aug-25,US Dollar,USDGHS,10.5447,10.5553,10.55
4-Aug-25,US Dollar,USDGHS,10.5047,10.5153,10.51
1-Aug-25,US Dollar,USDGHS,10.4948,10.5053,10.5
31-Jul-25,US Dollar,USDGHS,10.4948,10.5053,10.5
30-Jul-25,US Dollar,USDGHS,10.4948,10.5053,10.5
29-Jul-25,US Dollar,USDGHS,10.4748,10.4852,10.48
28-Jul-25,US Dollar,USDGHS,10.4748,10.4852,10.48
25-Jul-25,US Dollar,USDGHS,10.4448,10.4552,10.45
24-Jul-25,US Dollar,USDGHS,10.4448,10.4552,10.45
23-Jul-25,US Dollar,USDGHS,10.4948,10.5053,10.5
22-Jul-25,US Dollar,USDGHS,10.4448,10.4552,10.45
21-Jul-25,US Dollar,USDGHS,10.4448,10.4552,10.45
18-Jul-25,US Dollar,USDGHS,10.4248,10.4352,10.43
17-Jul-25,US Dollar,USDGHS,10.4248,10.4352,10.43
16-Jul-25,US Dollar,USDGHS,10.4248,10.4352,10.43
15-Jul-25,US Dollar,USDGHS,10.3948,10.4052,10.4
14-Jul-25,US Dollar,USDGHS,10.3948,10.4052,10.4
11-Jul-25,US Dollar,USDGHS,10.3948,10.4052,10.4
10-Jul-25,US Dollar,USDGHS,10.3948,10.4052,10.4
9-Jul-25,US Dollar,USDGHS,10.3448,10.3552,10.35
8-Jul-25,US Dollar,USDGHS,10.3448,10.3552,10.35
7-Jul-25,US Dollar,USDGHS,10.3448,10.3552,10.35
3-Jul-25,US Dollar,USDGHS,10.3148,10.3252,10.32
2-Jul-25,US Dollar,USDGHS,10.3148,10.3252,10.32
1-Jul-25,US Dollar,USDGHS,10.3285,10.3389,10.3337
30-Jun-25,US Dollar,USDGHS,10.3048,10.3152,10.31
27-Jun-25,US Dollar,USDGHS,10.3048,10.3152,10.31
26-Jun-25,US Dollar,USDGHS,10.3048,10.3152,10.31
25-Jun-25,US Dollar,USDGHS,10.3148,10.3252,10.32
24-Jun-25,US Dollar,USDGHS,10.2949,10.3052,10.3
23-Jun-25,US Dollar,USDGHS,10.2949,10.3052,10.3
20-Jun-25,US Dollar,USDGHS,10.2949,10.3052,10.3
19-Jun-25,US Dollar,USDGHS,10.2949,10.3052,10.3
18-Jun-25,US Dollar,USDGHS,10.2949,10.3052,10.3
17-Jun-25,US Dollar,USDGHS,10.2949,10.3052,10.3
16-Jun-25,US Dollar,USDGHS,10.2949,10.3052,10.3
13-Jun-25,US Dollar,USDGHS,10.3448,10.3552,10.35
12-Jun-25,US Dollar,USDGHS,10.2449,10.2551,10.25
11-Jun-25,US Dollar,USDGHS,10.2449,10.2551,10.25
10-Jun-25,US Dollar,USDGHS,10.2449,10.2551,10.25
9-Jun-25,US Dollar,USDGHS,10.2449,10.2551,10.25
5-Jun-25,US Dollar,USDGHS,10.2449,10.2551,10.25
4-Jun-25,US Dollar,USDGHS,10.2249,10.2351,10.23
3-Jun-25,US Dollar,USDGHS,10.2449,10.2551,10.25
2-Jun-25,US Dollar,USDGHS,10.2449,10.2551,10.25
30-May-25,US Dollar,USDGHS,10.2749,10.2851,10.28
29-May-25,US Dollar,USDGHS,10.2949,10.3052,10.3
28-May-25,US Dollar,USDGHS,10.2749,10.2851,10.28
27-May-25,US Dollar,USDGHS,10.2949,10.3052,10.3
26-May-25,US Dollar,USDGHS,10.3948,10.4052,10.4
23-May-25,US Dollar,USDGHS,10.9445,10.9555,10.95
22-May-25,US Dollar,USDGHS,11.6242,11.6358,11.63
21-May-25,US Dollar,USDGHS,11.8441,11.8559,11.85
20-May-25,US Dollar,USDGHS,12.094,12.1061,12.1
19-May-25,US Dollar,USDGHS,12.2239,12.2361,12.23
16-May-25,US Dollar,USDGHS,12.3138,12.3262,12.32
15-May-25,US Dollar,USDGHS,12.3938,12.4062,12.4
14-May-25,US Dollar,USDGHS,12.4413,12.4537,12.4475
13-May-25,US Dollar,USDGHS,12.5937,12.6063,12.6
12-May-25,US Dollar,USDGHS,12.8836,12.8964,12.89
9-May-25,US Dollar,USDGHS,13.0935,13.1066,13.1
8-May-25,US Dollar,USDGHS,13.1934,13.2066,13.2
7-May-25,US Dollar,USDGHS,13.2934,13.3067,13.3
6-May-25,US Dollar,USDGHS,13.4433,13.4567,13.45
5-May-25,US Dollar,USDGHS,13.6432,13.6568,13.65
2-May-25,US Dollar,USDGHS,13.8931,13.907,13.9
30-Apr-25,US Dollar,USDGHS,14.1429,14.1571,14.15
29-Apr-25,US Dollar,USDGHS,14.2429,14.2571,14.25
28-Apr-25,US Dollar,USDGHS,14.3728,14.3872,14.38
25-Apr-25,US Dollar,USDGHS,14.5427,14.5573,14.55
24-Apr-25,US Dollar,USDGHS,14.8926,14.9075,14.9
23-Apr-25,US Dollar,USDGHS,15.3423,15.3577,15.35
22-Apr-25,US Dollar,USDGHS,15.4123,15.4277,15.42
17-Apr-25,US Dollar,USDGHS,15.4523,15.4677,15.46
16-Apr-25,US Dollar,USDGHS,15.4972,15.5128,15.505
15-Apr-25,US Dollar,USDGHS,15.5122,15.5278,15.52
14-Apr-25,US Dollar,USDGHS,15.5072,15.5228,15.515
11-Apr-25,US Dollar,USDGHS,15.5122,15.5278,15.52
10-Apr-25,US Dollar,USDGHS,15.5172,15.5328,15.525
9-Apr-25,US Dollar,USDGHS,15.5222,15.5378,15.53
8-Apr-25,US Dollar,USDGHS,15.5122,15.5278,15.52
7-Apr-25,US Dollar,USDGHS,15.5122,15.5278,15.52
4-Apr-25,US Dollar,USDGHS,15.5272,15.5428,15.535
3-Apr-25,US Dollar,USDGHS,15.5222,15.5378,15.53
2-Apr-25,US Dollar,USDGHS,15.5222,15.5378,15.53
28-Mar-25,US Dollar,USDGHS,15.5222,15.5378,15.53
27-Mar-25,US Dollar,USDGHS,15.5222,15.5378,15.53
26-Mar-25,US Dollar,USDGHS,15.5222,15.5378,15.53
25-Mar-25,US Dollar,USDGHS,15.5122,15.5278,15.52
24-Mar-25,US Dollar,USDGHS,15.5122,15.5278,15.52
21-Mar-25,US Dollar,USDGHS,15.5222,15.5378,15.53
20-Mar-25,US Dollar,USDGHS,15.5222,15.5378,15.53
19-Mar-25,US Dollar,USDGHS,15.5222,15.5378,15.53
18-Mar-25,US Dollar,USDGHS,15.5322,15.5478,15.54
17-Mar-25,US Dollar,USDGHS,15.5322,15.5478,15.54
14-Mar-25,US Dollar,USDGHS,15.5222,15.5378,15.53
13-Mar-25,US Dollar,USDGHS,15.5222,15.5378,15.53
12-Mar-25,US Dollar,USDGHS,15.5322,15.5478,15.54
11-Mar-25,US Dollar,USDGHS,15.5322,15.5478,15.54
10-Mar-25,US Dollar,USDGHS,15.5322,15.5478,15.54
7-Mar-25,US Dollar,USDGHS,15.5422,15.5578,15.55
5-Mar-25,US Dollar,USDGHS,15.5122,15.5278,15.52
4-Mar-25,US Dollar,USDGHS,15.5122,15.5278,15.52
3-Mar-25,US Dollar,USDGHS,15.5222,15.5378,15.53
28-Feb-25,US Dollar,USDGHS,15.5222,15.5378,15.53
27-Feb-25,US Dollar,USDGHS,15.5322,15.5478,15.54
26-Feb-25,US Dollar,USDGHS,15.5222,15.5378,15.53
25-Feb-25,US Dollar,USDGHS,15.5222,15.5378,15.53
24-Feb-25,US Dollar,USDGHS,15.4923,15.5078,15.5
21-Feb-25,US Dollar,USDGHS,15.5322,15.5478,15.54
20-Feb-25,US Dollar,USDGHS,15.5422,15.5578,15.55
19-Feb-25,US Dollar,USDGHS,15.5422,15.5578,15.55
18-Feb-25,US Dollar,USDGHS,15.4923,15.5078,15.5
17-Feb-25,US Dollar,USDGHS,15.4923,15.5078,15.5
14-Feb-25,US Dollar,USDGHS,15.4923,15.5078,15.5
13-Feb-25,US Dollar,USDGHS,15.4823,15.4977,15.49
12-Feb-25,US Dollar,USDGHS,15.4573,15.4727,15.465
11-Feb-25,US Dollar,USDGHS,15.4423,15.4577,15.45
10-Feb-25,US Dollar,USDGHS,15.4723,15.4877,15.48
7-Feb-25,US Dollar,USDGHS,15.4773,15.4927,15.485
6-Feb-25,US Dollar,USDGHS,15.4423,15.4577,15.45
5-Feb-25,US Dollar,USDGHS,15.4423,15.4577,15.45
4-Feb-25,US Dollar,USDGHS,15.3723,15.3877,15.38
3-Feb-25,US Dollar,USDGHS,15.2924,15.3077,15.3
31-Jan-25,US Dollar,USDGHS,15.2924,15.3077,15.3
30-Jan-25,US Dollar,USDGHS,15.2899,15.3051,15.2975
29-Jan-25,US Dollar,USDGHS,15.2424,15.2576,15.25
28-Jan-25,US Dollar,USDGHS,15.2424,15.2576,15.25
27-Jan-25,US Dollar,USDGHS,15.1924,15.2076,15.2
24-Jan-25,US Dollar,USDGHS,15.0925,15.1076,15.1
23-Jan-25,US Dollar,USDGHS,15.1124,15.1276,15.12
22-Jan-25,US Dollar,USDGHS,15.0525,15.0675,15.06
21-Jan-25,US Dollar,USDGHS,15.0121,15.0271,15.0196
20-Jan-25,US Dollar,USDGHS,14.9925,15.0075,15
17-Jan-25,US Dollar,USDGHS,14.9425,14.9575,14.95
16-Jan-25,US Dollar,USDGHS,14.9125,14.9275,14.92
15-Jan-25,US Dollar,USDGHS,14.8426,14.8574,14.85
14-Jan-25,US Dollar,USDGHS,14.8366,14.8514,14.844
13-Jan-25,US Dollar,USDGHS,14.7926,14.8074,14.8
10-Jan-25,US Dollar,USDGHS,14.7426,14.7574,14.75
9-Jan-25,US Dollar,USDGHS,14.7926,14.8074,14.8
8-Jan-25,US Dollar,USDGHS,14.7426,14.7574,14.75
6-Jan-25,US Dollar,USDGHS,14.6927,14.7074,14.7
3-Jan-25,US Dollar,USDGHS,14.7426,14.7574,14.75
2-Jan-25,US Dollar,USDGHS,14.6927,14.7074,14.7
31-Dec-24,US Dollar,USDGHS,14.6927,14.7074,14.7
30-Dec-24,US Dollar,USDGHS,14.7026,14.7174,14.71
27-Dec-24,US Dollar,USDGHS,14.6927,14.7074,14.7
24-Dec-24,US Dollar,USDGHS,14.6427,14.6573,14.65
23-Dec-24,US Dollar,USDGHS,14.6427,14.6573,14.65
20-Dec-24,US Dollar,USDGHS,14.6927,14.7074,14.7
19-Dec-24,US Dollar,USDGHS,14.7326,14.7474,14.74
18-Dec-24,US Dollar,USDGHS,14.7226,14.7374,14.73
17-Dec-24,US Dollar,USDGHS,14.7126,14.7274,14.72
16-Dec-24,US Dollar,USDGHS,14.7226,14.7374,14.73
13-Dec-24,US Dollar,USDGHS,14.7326,14.7474,14.74
12-Dec-24,US Dollar,USDGHS,14.7226,14.7374,14.73
11-Dec-24,US Dollar,USDGHS,14.6727,14.6873,14.68
10-Dec-24,US Dollar,USDGHS,14.7426,14.7574,14.75
9-Dec-24,US Dollar,USDGHS,14.7926,14.8074,14.8
5-Dec-24,US Dollar,USDGHS,14.8626,14.8774,14.87
4-Dec-24,US Dollar,USDGHS,14.9125,14.9275,14.92
3-Dec-24,US Dollar,USDGHS,15.1074,15.1226,15.115
2-Dec-24,US Dollar,USDGHS,15.1874,15.2026,15.195
29-Nov-24,US Dollar,USDGHS,15.2624,15.2776,15.27
28-Nov-24,US Dollar,USDGHS,15.3693,15.3847,15.377
27-Nov-24,US Dollar,USDGHS,15.4823,15.4977,15.49
26-Nov-24,US Dollar,USDGHS,15.6122,15.6278,15.62
25-Nov-24,US Dollar,USDGHS,15.7121,15.7279,15.72
22-Nov-24,US Dollar,USDGHS,15.7921,15.8079,15.8
21-Nov-24,US Dollar,USDGHS,15.8421,15.8579,15.85
20-Nov-24,US Dollar,USDGHS,15.8921,15.908,15.9
19-Nov-24,US Dollar,USDGHS,15.912,15.928,15.92
18-Nov-24,US Dollar,USDGHS,15.922,15.938,15.93
15-Nov-24,US Dollar,USDGHS,15.967,15.983,15.975
14-Nov-24,US Dollar,USDGHS,16.072,16.088,16.08
13-Nov-24,US Dollar,USDGHS,16.1419,16.1581,16.15
12-Nov-24,US Dollar,USDGHS,16.2419,16.2581,16.25
11-Nov-24,US Dollar,USDGHS,16.2919,16.3082,16.3
8-Nov-24,US Dollar,USDGHS,16.3419,16.3583,16.3501
7-Nov-24,US Dollar,USDGHS,16.1919,16.2081,16.2
6-Nov-24,US Dollar,USDGHS,16.4118,16.4282,16.42
5-Nov-24,US Dollar,USDGHS,16.3418,16.3582,16.35
4-Nov-24,US Dollar,USDGHS,16.3918,16.4082,16.4
1-Nov-24,US Dollar,USDGHS,16.2919,16.3082,16.3
31-Oct-24,US Dollar,USDGHS,16.2919,16.3082,16.3
30-Oct-24,US Dollar,USDGHS,16.2419,16.2581,16.25
29-Oct-24,US Dollar,USDGHS,16.2067,16.2229,16.2148
28-Oct-24,US Dollar,USDGHS,16.1419,16.1581,16.15
25-Oct-24,US Dollar,USDGHS,16.1419,16.1581,16.15
24-Oct-24,US Dollar,USDGHS,16.062,16.078,16.07
23-Oct-24,US Dollar,USDGHS,16.1419,16.1581,16.15
22-Oct-24,US Dollar,USDGHS,15.992,16.008,16
21-Oct-24,US Dollar,USDGHS,15.992,16.008,16
18-Oct-24,US Dollar,USDGHS,15.982,15.998,15.99
17-Oct-24,US Dollar,USDGHS,15.992,16.008,16
16-Oct-24,US Dollar,USDGHS,15.922,15.938,15.93
15-Oct-24,US Dollar,USDGHS,15.8921,15.908,15.9
14-Oct-24,US Dollar,USDGHS,15.962,15.978,15.97
11-Oct-24,US Dollar,USDGHS,15.8921,15.908,15.9
10-Oct-24,US Dollar,USDGHS,15.8421,15.8579,15.85
9-Oct-24,US Dollar,USDGHS,15.8921,15.908,15.9
8-Oct-24,US Dollar,USDGHS,15.8221,15.8379,15.83
7-Oct-24,US Dollar,USDGHS,15.8721,15.8879,15.88
4-Oct-24,US Dollar,USDGHS,15.7821,15.7979,15.79
3-Oct-24,US Dollar,USDGHS,15.7921,15.8079,15.8
2-Oct-24,US Dollar,USDGHS,15.8721,15.8879,15.88
1-Oct-24,US Dollar,USDGHS,15.8321,15.8479,15.84
30-Sep-24,US Dollar,USDGHS,15.7921,15.8079,15.8
27-Sep-24,US Dollar,USDGHS,15.8221,15.8379,15.83
26-Sep-24,US Dollar,USDGHS,15.7921,15.8079,15.8
25-Sep-24,US Dollar,USDGHS,15.6922,15.7079,15.7
24-Sep-24,US Dollar,USDGHS,15.7122,15.728,15.7201
20-Sep-24,US Dollar,USDGHS,15.748,15.7638,15.7559
19-Sep-24,US Dollar,USDGHS,15.7221,15.7379,15.73
18-Sep-24,US Dollar,USDGHS,15.7421,15.7579,15.75
17-Sep-24,US Dollar,USDGHS,15.6133,15.6289,15.6211
16-Sep-24,US Dollar,USDGHS,15.657,15.6726,15.6648
13-Sep-24,US Dollar,USDGHS,15.6337,15.6493,15.6415
12-Sep-24,US Dollar,USDGHS,15.5202,15.5358,15.528
11-Sep-24,US Dollar,USDGHS,15.4398,15.4552,15.4475
10-Sep-24,US Dollar,USDGHS,15.3598,15.3752,15.3675
9-Sep-24,US Dollar,USDGHS,15.3598,15.3752,15.3675
6-Sep-24,US Dollar,USDGHS,15.3373,15.3527,15.345
5-Sep-24,US Dollar,USDGHS,15.3158,15.3312,15.3235
4-Sep-24,US Dollar,USDGHS,15.2719,15.2871,15.2795
3-Sep-24,US Dollar,USDGHS,15.24,15.2552,15.2476
2-Sep-24,US Dollar,USDGHS,15.2226,15.2378,15.2302
30-Aug-24,US Dollar,USDGHS,15.1823,15.1975,15.1899
29-Aug-24,US Dollar,USDGHS,15.1643,15.1795,15.1719
28-Aug-24,US Dollar,USDGHS,15.1504,15.1656,15.158
27-Aug-24,US Dollar,USDGHS,15.1279,15.1431,15.1355
26-Aug-24,US Dollar,USDGHS,15.1289,15.1441,15.1365
23-Aug-24,US Dollar,USDGHS,15.1239,15.1391,15.1315
22-Aug-24,US Dollar,USDGHS,15.1239,15.1391,15.1315
21-Aug-24,US Dollar,USDGHS,15.1224,15.1376,15.13
20-Aug-24,US Dollar,USDGHS,15.1236,15.1388,15.1312
19-Aug-24,US Dollar,USDGHS,15.1236,15.1388,15.1312
16-Aug-24,US Dollar,USDGHS,15.1246,15.1398,15.1322
15-Aug-24,US Dollar,USDGHS,15.1251,15.1403,15.1327
14-Aug-24,US Dollar,USDGHS,15.1251,15.1403,15.1327
13-Aug-24,US Dollar,USDGHS,15.1265,15.1417,15.1341
12-Aug-24,US Dollar,USDGHS,15.108,15.1232,15.1156
9-Aug-24,US Dollar,USDGHS,15.0844,15.0994,15.0919
8-Aug-24,US Dollar,USDGHS,15.0499,15.0649,15.0574
7-Aug-24,US Dollar,USDGHS,15.0147,15.0297,15.0222
6-Aug-24,US Dollar,USDGHS,14.9836,14.9986,14.9911
2-Aug-24,US Dollar,USDGHS,14.9621,14.9771,14.9696
1-Aug-24,US Dollar,USDGHS,14.9426,14.9576,14.9501
31-Jul-24,US Dollar,USDGHS,14.8934,14.9084,14.9009
30-Jul-24,US Dollar,USDGHS,14.8832,14.898,14.8906
29-Jul-24,US Dollar,USDGHS,14.8284,14.8432,14.8358
26-Jul-24,US Dollar,USDGHS,14.8209,14.8357,14.8283
25-Jul-24,US Dollar,USDGHS,14.8111,14.8259,14.8185
24-Jul-24,US Dollar,USDGHS,14.791,14.8058,14.7984
23-Jul-24,US Dollar,USDGHS,14.779,14.7938,14.7864
22-Jul-24,US Dollar,USDGHS,14.7737,14.7885,14.7811
19-Jul-24,US Dollar,USDGHS,14.7737,14.7885,14.7811
18-Jul-24,US Dollar,USDGHS,14.7576,14.7724,14.765
17-Jul-24,US Dollar,USDGHS,14.753,14.7678,14.7604
16-Jul-24,US Dollar,USDGHS,14.7382,14.753,14.7456
15-Jul-24,US Dollar,USDGHS,14.7179,14.7327,14.7253
12-Jul-24,US Dollar,USDGHS,14.7098,14.7246,14.7172
11-Jul-24,US Dollar,USDGHS,14.7062,14.721,14.7136
10-Jul-24,US Dollar,USDGHS,14.7062,14.721,14.7136
9-Jul-24,US Dollar,USDGHS,14.7011,14.7159,14.7085
8-Jul-24,US Dollar,USDGHS,14.7011,14.7159,14.7085
5-Jul-24,US Dollar,USDGHS,14.6634,14.678,14.6707
4-Jul-24,US Dollar,USDGHS,14.6508,14.6654,14.6581
3-Jul-24,US Dollar,USDGHS,14.6508,14.6654,14.6581
2-Jul-24,US Dollar,USDGHS,14.6159,14.6305,14.6232
1-Jul-24,US Dollar,USDGHS,14.5787,14.5933,14.586
28-Jun-24,US Dollar,USDGHS,14.5787,14.5933,14.586
27-Jun-24,US Dollar,USDGHS,14.5537,14.5683,14.561
26-Jun-24,US Dollar,USDGHS,14.5385,14.5531,14.5458
25-Jun-24,US Dollar,USDGHS,14.5185,14.5331,14.5258
24-Jun-24,US Dollar,USDGHS,14.4793,14.4937,14.4865
21-Jun-24,US Dollar,USDGHS,14.4395,14.4539,14.4467
20-Jun-24,US Dollar,USDGHS,14.3995,14.4139,14.4067
19-Jun-24,US Dollar,USDGHS,14.3577,14.3721,14.3649
18-Jun-24,US Dollar,USDGHS,14.3157,14.3301,14.3229
14-Jun-24,US Dollar,USDGHS,14.2943,14.3087,14.3015
13-Jun-24,US Dollar,USDGHS,14.2659,14.2801,14.273
12-Jun-24,US Dollar,USDGHS,14.2659,14.2801,14.273
11-Jun-24,US Dollar,USDGHS,14.2409,14.2551,14.248
10-Jun-24,US Dollar,USDGHS,14.1925,14.2067,14.1996
7-Jun-24,US Dollar,USDGHS,14.1444,14.1586,14.1515
6-Jun-24,US Dollar,USDGHS,14.1374,14.1516,14.1445
5-Jun-24,US Dollar,USDGHS,14.1424,14.1566,14.1495
4-Jun-24,US Dollar,USDGHS,14.1424,14.1566,14.1495
3-Jun-24,US Dollar,USDGHS,14.1223,14.1365,14.1294
31-May-24,US Dollar,USDGHS,14.123,14.1372,14.1301
30-May-24,US Dollar,USDGHS,14.0909,14.1049,14.0979
29-May-24,US Dollar,USDGHS,14.0408,14.0548,14.0478
28-May-24,US Dollar,USDGHS,14.008,14.022,14.015
27-May-24,US Dollar,USDGHS,13.998,14.012,14.005
24-May-24,US Dollar,USDGHS,13.948,13.962,13.955
23-May-24,US Dollar,USDGHS,13.9225,13.9365,13.9295
22-May-24,US Dollar,USDGHS,13.9,13.914,13.907
21-May-24,US Dollar,USDGHS,13.8687,13.8825,13.8756
20-May-24,US Dollar,USDGHS,13.8326,13.8464,13.8395
17-May-24,US Dollar,USDGHS,13.7931,13.8069,13.8
16-May-24,US Dollar,USDGHS,13.7641,13.7779,13.771
15-May-24,US Dollar,USDGHS,13.7274,13.7412,13.7343
14-May-24,US Dollar,USDGHS,13.7161,13.7299,13.723
13-May-24,US Dollar,USDGHS,13.7161,13.7299,13.723
10-May-24,US Dollar,USDGHS,13.6754,13.689,13.6822
9-May-24,US Dollar,USDGHS,13.6584,13.672,13.6652
8-May-24,US Dollar,USDGHS,13.5447,13.5583,13.5515
7-May-24,US Dollar,USDGHS,13.4915,13.5049,13.4982
6-May-24,US Dollar,USDGHS,13.4641,13.4775,13.4708
3-May-24,US Dollar,USDGHS,13.4094,13.4228,13.4161
2-May-24,US Dollar,USDGHS,13.3667,13.3801,13.3734
30-Apr-24,US Dollar,USDGHS,13.2673,13.2805,13.2739
29-Apr-24,US Dollar,USDGHS,13.2376,13.2508,13.2442
26-Apr-24,US Dollar,USDGHS,13.1928,13.206,13.1994
25-Apr-24,US Dollar,USDGHS,13.1683,13.1815,13.1749
24-Apr-24,US Dollar,USDGHS,13.1355,13.1487,13.1421
23-Apr-24,US Dollar,USDGHS,13.0693,13.0823,13.0758
22-Apr-24,US Dollar,USDGHS,13.0601,13.0731,13.0666
19-Apr-24,US Dollar,USDGHS,13.0472,13.0602,13.0537
18-Apr-24,US Dollar,USDGHS,13.0035,13.0165,13.01
17-Apr-24,US Dollar,USDGHS,12.998,13.011,13.0045
16-Apr-24,US Dollar,USDGHS,12.9907,13.0037,12.9972
15-Apr-24,US Dollar,USDGHS,12.9907,13.0037,12.9972
12-Apr-24,US Dollar,USDGHS,12.9802,12.9932,12.9867
10-Apr-24,US Dollar,USDGHS,12.9643,12.9773,12.9708
9-Apr-24,US Dollar,USDGHS,12.9528,12.9658,12.9593
8-Apr-24,US Dollar,USDGHS,12.9528,12.9658,12.9593
5-Apr-24,US Dollar,USDGHS,12.9117,12.9247,12.9182
4-Apr-24,US Dollar,USDGHS,12.9067,12.9197,12.9132
3-Apr-24,US Dollar,USDGHS,12.9006,12.9136,12.9071
2-Apr-24,US Dollar,USDGHS,12.9006,12.9136,12.9071
28-Mar-24,US Dollar,USDGHS,12.8706,12.8834,12.877
27-Mar-24,US Dollar,USDGHS,12.8624,12.8752,12.8688
26-Mar-24,US Dollar,USDGHS,12.8558,12.8686,12.8622
25-Mar-24,US Dollar,USDGHS,12.8393,12.8521,12.8457
22-Mar-24,US Dollar,USDGHS,12.7936,12.8064,12.8
21-Mar-24,US Dollar,USDGHS,12.7706,12.7834,12.777
20-Mar-24,US Dollar,USDGHS,12.7413,12.7541,12.7477
19-Mar-24,US Dollar,USDGHS,12.7018,12.7146,12.7082
18-Mar-24,US Dollar,USDGHS,12.6547,12.6673,12.661
15-Mar-24,US Dollar,USDGHS,12.5984,12.611,12.6047
14-Mar-24,US Dollar,USDGHS,12.5984,12.611,12.6047
13-Mar-24,US Dollar,USDGHS,12.5984,12.611,12.6047
12-Mar-24,US Dollar,USDGHS,12.5696,12.5822,12.5759
11-Mar-24,US Dollar,USDGHS,12.5477,12.5603,12.554
8-Mar-24,US Dollar,USDGHS,12.5412,12.5538,12.5475
7-Mar-24,US Dollar,USDGHS,12.5285,12.5411,12.5348
5-Mar-24,US Dollar,USDGHS,12.4991,12.5117,12.5054
4-Mar-24,US Dollar,USDGHS,12.4956,12.5082,12.5019
1-Mar-24,US Dollar,USDGHS,12.4938,12.5063,12.5
29-Feb-24,US Dollar,USDGHS,12.458,12.4704,12.4642
28-Feb-24,US Dollar,USDGHS,12.4221,12.4345,12.4283
27-Feb-24,US Dollar,USDGHS,12.39,12.4024,12.3962
26-Feb-24,US Dollar,USDGHS,12.3843,12.3967,12.3905
23-Feb-24,US Dollar,USDGHS,12.3815,12.3939,12.3877
22-Feb-24,US Dollar,USDGHS,12.3815,12.3939,12.3877
21-Feb-24,US Dollar,USDGHS,12.3766,12.389,12.3828
20-Feb-24,US Dollar,USDGHS,12.2892,12.3014,12.2953
19-Feb-24,US Dollar,USDGHS,12.2753,12.2875,12.2814
16-Feb-24,US Dollar,USDGHS,12.2003,12.2125,12.2064
15-Feb-24,US Dollar,USDGHS,12.1754,12.1876,12.1815
14-Feb-24,US Dollar,USDGHS,12.1564,12.1686,12.1625
13-Feb-24,US Dollar,USDGHS,12.1549,12.1671,12.161
12-Feb-24,US Dollar,USDGHS,12.1549,12.1671,12.161
9-Feb-24,US Dollar,USDGHS,12.1117,12.1239,12.1178
8-Feb-24,US Dollar,USDGHS,12.094,12.1061,12.1
7-Feb-24,US Dollar,USDGHS,12.0816,12.0936,12.0876
6-Feb-24,US Dollar,USDGHS,12.0733,12.0853,12.0793
5-Feb-24,US Dollar,USDGHS,12.0651,12.0771,12.0711
2-Feb-24,US Dollar,USDGHS,12.0476,12.0596,12.0536
1-Feb-24,US Dollar,USDGHS,12.0296,12.0416,12.0356
31-Jan-24,US Dollar,USDGHS,12.0296,12.0416,12.0356
30-Jan-24,US Dollar,USDGHS,12.0066,12.0186,12.0126
29-Jan-24,US Dollar,USDGHS,11.999,12.011,12.005
26-Jan-24,US Dollar,USDGHS,11.974,11.986,11.98
25-Jan-24,US Dollar,USDGHS,11.965,11.977,11.971
24-Jan-24,US Dollar,USDGHS,11.9593,11.9713,11.9653
23-Jan-24,US Dollar,USDGHS,11.9593,11.9713,11.9653
22-Jan-24,US Dollar,USDGHS,11.9562,11.9682,11.9622
19-Jan-24,US Dollar,USDGHS,11.9541,11.9661,11.9601
18-Jan-24,US Dollar,USDGHS,11.9094,11.9214,11.9154
17-Jan-24,US Dollar,USDGHS,11.9071,11.9191,11.9131
16-Jan-24,US Dollar,USDGHS,11.9042,11.9162,11.9102
15-Jan-24,US Dollar,USDGHS,11.9017,11.9137,11.9077
12-Jan-24,US Dollar,USDGHS,11.9017,11.9137,11.9077
11-Jan-24,US Dollar,USDGHS,11.8937,11.9055,11.8996
10-Jan-24,US Dollar,USDGHS,11.8867,11.8985,11.8926
9-Jan-24,US Dollar,USDGHS,11.881,11.8928,11.8869
5-Jan-24,US Dollar,USDGHS,11.8787,11.8905,11.8846
4-Jan-24,US Dollar,USDGHS,11.8768,11.8886,11.8827
3-Jan-24,US Dollar,USDGHS,11.877,11.8888,11.8829
2-Jan-24,US Dollar,USDGHS,11.877,11.8888,11.8829
29-Dec-23,US Dollar,USDGHS,11.8741,11.8859,11.88
28-Dec-23,US Dollar,USDGHS,11.6372,11.6488,11.643
27-Dec-23,US Dollar,USDGHS,11.6385,11.6501,11.6443
22-Dec-23,US Dollar,USDGHS,11.6396,11.6512,11.6454
21-Dec-23,US Dollar,USDGHS,11.6399,11.6515,11.6457
20-Dec-23,US Dollar,USDGHS,11.6399,11.6515,11.6457
19-Dec-23,US Dollar,USDGHS,11.6392,11.6508,11.645
18-Dec-23,US Dollar,USDGHS,11.6373,11.6489,11.6431
15-Dec-23,US Dollar,USDGHS,11.6373,11.6489,11.6431
14-Dec-23,US Dollar,USDGHS,11.6344,11.646,11.6402
13-Dec-23,US Dollar,USDGHS,11.6326,11.6442,11.6384
12-Dec-23,US Dollar,USDGHS,11.6298,11.6414,11.6356
11-Dec-23,US Dollar,USDGHS,11.63,11.6416,11.6358
8-Dec-23,US Dollar,USDGHS,11.6243,11.6359,11.6301
7-Dec-23,US Dollar,USDGHS,11.6236,11.6352,11.6294
6-Dec-23,US Dollar,USDGHS,11.6203,11.6319,11.6261
5-Dec-23,US Dollar,USDGHS,11.6188,11.6304,11.6246
4-Dec-23,US Dollar,USDGHS,11.6188,11.6304,11.6246
30-Nov-23,US Dollar,USDGHS,11.6148,11.6264,11.6206
29-Nov-23,US Dollar,USDGHS,11.6053,11.6169,11.6111
28-Nov-23,US Dollar,USDGHS,11.5933,11.6049,11.5991
27-Nov-23,US Dollar,USDGHS,11.5842,11.5958,11.59
24-Nov-23,US Dollar,USDGHS,11.5772,11.5888,11.583
23-Nov-23,US Dollar,USDGHS,11.5687,11.5803,11.5745
22-Nov-23,US Dollar,USDGHS,11.5687,11.5803,11.5745
21-Nov-23,US Dollar,USDGHS,11.56,11.5716,11.5658
20-Nov-23,US Dollar,USDGHS,11.5552,11.5668,11.561
17-Nov-23,US Dollar,USDGHS,11.5552,11.5668,11.561
16-Nov-23,US Dollar,USDGHS,11.5472,11.5588,11.553
15-Nov-23,US Dollar,USDGHS,11.5392,11.5508,11.545
14-Nov-23,US Dollar,USDGHS,11.5312,11.5428,11.537
13-Nov-23,US Dollar,USDGHS,11.5237,11.5353,11.5295
10-Nov-23,US Dollar,USDGHS,11.5183,11.5299,11.5241
9-Nov-23,US Dollar,USDGHS,11.5141,11.5257,11.5199
8-Nov-23,US Dollar,USDGHS,11.509,11.5206,11.5148
7-Nov-23,US Dollar,USDGHS,11.5062,11.5178,11.512
6-Nov-23,US Dollar,USDGHS,11.5013,11.5129,11.5071
3-Nov-23,US Dollar,USDGHS,11.496,11.5076,11.5018
2-Nov-23,US Dollar,USDGHS,11.496,11.5076,11.5018
1-Nov-23,US Dollar,USDGHS,11.4936,11.505,11.4993
31-Oct-23,US Dollar,USDGHS,11.4906,11.502,11.4963
30-Oct-23,US Dollar,USDGHS,11.4656,11.477,11.4713
27-Oct-23,US Dollar,USDGHS,11.4579,11.4693,11.4636
26-Oct-23,US Dollar,USDGHS,11.4579,11.4693,11.4636
25-Oct-23,US Dollar,USDGHS,11.4549,11.4663,11.4606
24-Oct-23,US Dollar,USDGHS,11.4522,11.4636,11.4579
23-Oct-23,US Dollar,USDGHS,11.4362,11.4476,11.4419
20-Oct-23,US Dollar,USDGHS,11.4158,11.4272,11.4215
19-Oct-23,US Dollar,USDGHS,11.3793,11.3907,11.385
18-Oct-23,US Dollar,USDGHS,11.3548,11.3662,11.3605
17-Oct-23,US Dollar,USDGHS,11.3293,11.3407,11.335
16-Oct-23,US Dollar,USDGHS,11.3137,11.3251,11.3194
13-Oct-23,US Dollar,USDGHS,11.3057,11.3171,11.3114
12-Oct-23,US Dollar,USDGHS,11.2952,11.3066,11.3009
11-Oct-23,US Dollar,USDGHS,11.2603,11.2715,11.2659
10-Oct-23,US Dollar,USDGHS,11.2531,11.2643,11.2587
9-Oct-23,US Dollar,USDGHS,11.2231,11.2343,11.2287
6-Oct-23,US Dollar,USDGHS,11.2231,11.2343,11.2287
5-Oct-23,US Dollar,USDGHS,11.2193,11.2305,11.2249
4-Oct-23,US Dollar,USDGHS,11.1786,11.1898,11.1842
3-Oct-23,US Dollar,USDGHS,11.1436,11.1548,11.1492
2-Oct-23,US Dollar,USDGHS,11.1436,11.1548,11.1492
29-Sep-23,US Dollar,USDGHS,11.1229,11.1341,11.1285
28-Sep-23,US Dollar,USDGHS,11.1024,11.1136,11.108
27-Sep-23,US Dollar,USDGHS,11.076,11.087,11.0815
26-Sep-23,US Dollar,USDGHS,11.0736,11.0846,11.0791
25-Sep-23,US Dollar,USDGHS,11.0703,11.0813,11.0758
22-Sep-23,US Dollar,USDGHS,11.069,11.08,11.0745
20-Sep-23,US Dollar,USDGHS,11.069,11.08,11.0745
19-Sep-23,US Dollar,USDGHS,11.0681,11.0791,11.0736
18-Sep-23,US Dollar,USDGHS,11.0668,11.0778,11.0723
15-Sep-23,US Dollar,USDGHS,11.0653,11.0763,11.0708
14-Sep-23,US Dollar,USDGHS,11.0606,11.0716,11.0661
13-Sep-23,US Dollar,USDGHS,11.0503,11.0613,11.0558
12-Sep-23,US Dollar,USDGHS,11.0503,11.0613,11.0558
11-Sep-23,US Dollar,USDGHS,11.0476,11.0586,11.0531
8-Sep-23,US Dollar,USDGHS,11.0461,11.0571,11.0516
7-Sep-23,US Dollar,USDGHS,11.0346,11.0456,11.0401
6-Sep-23,US Dollar,USDGHS,11.0276,11.0386,11.0331
5-Sep-23,US Dollar,USDGHS,11.0175,11.0285,11.023
4-Sep-23,US Dollar,USDGHS,11.0152,11.0262,11.0207
1-Sep-23,US Dollar,USDGHS,11.0152,11.0262,11.0207
31-Aug-23,US Dollar,USDGHS,11.0137,11.0247,11.0192
30-Aug-23,US Dollar,USDGHS,11.0112,11.0222,11.0167
29-Aug-23,US Dollar,USDGHS,11.0097,11.0207,11.0152
28-Aug-23,US Dollar,USDGHS,11.0077,11.0187,11.0132
25-Aug-23,US Dollar,USDGHS,11.0047,11.0157,11.0102
24-Aug-23,US Dollar,USDGHS,11.0027,11.0137,11.0082
23-Aug-23,US Dollar,USDGHS,11.0012,11.0122,11.0067
22-Aug-23,US Dollar,USDGHS,11.0005,11.0115,11.006
21-Aug-23,US Dollar,USDGHS,10.9996,11.0106,11.0051
18-Aug-23,US Dollar,USDGHS,10.9996,11.0106,11.0051
17-Aug-23,US Dollar,USDGHS,10.9996,11.0106,11.0051
16-Aug-23,US Dollar,USDGHS,10.9991,11.0101,11.0046
15-Aug-23,US Dollar,USDGHS,10.9993,11.0103,11.0048
14-Aug-23,US Dollar,USDGHS,10.9985,11.0095,11.004
11-Aug-23,US Dollar,USDGHS,10.9976,11.0086,11.0031
10-Aug-23,US Dollar,USDGHS,10.9976,11.0086,11.0031
9-Aug-23,US Dollar,USDGHS,10.9969,11.0079,11.0024
8-Aug-23,US Dollar,USDGHS,10.9967,11.0077,11.0022
7-Aug-23,US Dollar,USDGHS,10.9967,11.0077,11.0022
3-Aug-23,US Dollar,USDGHS,10.9962,11.0072,11.0017
2-Aug-23,US Dollar,USDGHS,10.9971,11.0081,11.0026
1-Aug-23,US Dollar,USDGHS,10.9976,11.0086,11.0031
31-Jul-23,US Dollar,USDGHS,10.9979,11.0089,11.0034
28-Jul-23,US Dollar,USDGHS,10.9981,11.0091,11.0036
27-Jul-23,US Dollar,USDGHS,10.9984,11.0094,11.0039
26-Jul-23,US Dollar,USDGHS,10.9984,11.0094,11.0039
25-Jul-23,US Dollar,USDGHS,10.9979,11.0089,11.0034
24-Jul-23,US Dollar,USDGHS,10.9981,11.0091,11.0036
21-Jul-23,US Dollar,USDGHS,10.9977,11.0087,11.0032
20-Jul-23,US Dollar,USDGHS,10.9977,11.0087,11.0032
19-Jul-23,US Dollar,USDGHS,10.9973,11.0083,11.0028
18-Jul-23,US Dollar,USDGHS,10.9975,11.0085,11.003
17-Jul-23,US Dollar,USDGHS,10.997,11.008,11.0025
14-Jul-23,US Dollar,USDGHS,10.9973,11.0083,11.0028
13-Jul-23,US Dollar,USDGHS,10.9973,11.0083,11.0028
12-Jul-23,US Dollar,USDGHS,10.9961,11.0071,11.0016
11-Jul-23,US Dollar,USDGHS,10.9961,11.0071,11.0016
10-Jul-23,US Dollar,USDGHS,10.9951,11.0061,11.0006
7-Jul-23,US Dollar,USDGHS,10.9954,11.0064,11.0009
6-Jul-23,US Dollar,USDGHS,10.9949,11.0059,11.0004
5-Jul-23,US Dollar,USDGHS,10.9949,11.0059,11.0004
4-Jul-23,US Dollar,USDGHS,10.9914,11.0024,10.9969
3-Jul-23,US Dollar,USDGHS,10.9914,11.0024,10.9969
30-Jun-23,US Dollar,USDGHS,10.9917,11.0027,10.9972
29-Jun-23,US Dollar,USDGHS,10.9917,11.0027,10.9972
27-Jun-23,US Dollar,USDGHS,10.9922,11.0032,10.9977
26-Jun-23,US Dollar,USDGHS,10.9842,10.9952,10.9897
23-Jun-23,US Dollar,USDGHS,10.9827,10.9937,10.9882
22-Jun-23,US Dollar,USDGHS,10.9827,10.9937,10.9882
21-Jun-23,US Dollar,USDGHS,10.9822,10.9932,10.9877
20-Jun-23,US Dollar,USDGHS,10.9822,10.9932,10.9877
19-Jun-23,US Dollar,USDGHS,10.9843,10.9953,10.9898
16-Jun-23,US Dollar,USDGHS,10.9843,10.9953,10.9898
15-Jun-23,US Dollar,USDGHS,10.978,10.989,10.9835
14-Jun-23,US Dollar,USDGHS,10.978,10.989,10.9835
13-Jun-23,US Dollar,USDGHS,10.9729,10.9839,10.9784
12-Jun-23,US Dollar,USDGHS,10.9712,10.9822,10.9767
9-Jun-23,US Dollar,USDGHS,10.9712,10.9822,10.9767
8-Jun-23,US Dollar,USDGHS,10.9712,10.9822,10.9767
7-Jun-23,US Dollar,USDGHS,10.9714,10.9824,10.9769
6-Jun-23,US Dollar,USDGHS,10.9714,10.9824,10.9769
5-Jun-23,US Dollar,USDGHS,10.9665,10.9775,10.972
2-Jun-23,US Dollar,USDGHS,10.9654,10.9764,10.9709
1-Jun-23,US Dollar,USDGHS,10.9654,10.9764,10.9709
31-May-23,US Dollar,USDGHS,10.966,10.977,10.9715
30-May-23,US Dollar,USDGHS,10.967,10.978,10.9725
29-May-23,US Dollar,USDGHS,10.97,10.981,10.9755
26-May-23,US Dollar,USDGHS,10.97,10.981,10.9755
25-May-23,US Dollar,USDGHS,10.7747,10.7855,10.7801
24-May-23,US Dollar,USDGHS,10.772,10.7828,10.7774
23-May-23,US Dollar,USDGHS,10.772,10.7828,10.7774
22-May-23,US Dollar,USDGHS,10.7824,10.7932,10.7878
19-May-23,US Dollar,USDGHS,10.8074,10.8182,10.8128
18-May-23,US Dollar,USDGHS,10.8289,10.8397,10.8343
17-May-23,US Dollar,USDGHS,10.9365,10.9475,10.942
16-May-23,US Dollar,USDGHS,10.9538,10.9648,10.9593
15-May-23,US Dollar,USDGHS,10.958,10.969,10.9635
12-May-23,US Dollar,USDGHS,10.959,10.97,10.9645
11-May-23,US Dollar,USDGHS,10.9593,10.9703,10.9648
10-May-23,US Dollar,USDGHS,10.9543,10.9653,10.9598
9-May-23,US Dollar,USDGHS,10.9493,10.9603,10.9548
8-May-23,US Dollar,USDGHS,10.9493,10.9603,10.9548
5-May-23,US Dollar,USDGHS,10.9463,10.9573,10.9518
4-May-23,US Dollar,USDGHS,10.9463,10.9573,10.9518
3-May-23,US Dollar,USDGHS,10.946,10.957,10.9515
2-May-23,US Dollar,USDGHS,10.9461,10.9571,10.9516
28-Apr-23,US Dollar,USDGHS,10.9461,10.9571,10.9516
27-Apr-23,US Dollar,USDGHS,10.9463,10.9573,10.9518
26-Apr-23,US Dollar,USDGHS,10.9466,10.9576,10.9521
25-Apr-23,US Dollar,USDGHS,10.9436,10.9546,10.9491
21-Apr-23,US Dollar,USDGHS,10.9386,10.9496,10.9441
20-Apr-23,US Dollar,USDGHS,10.9388,10.9498,10.9443
19-Apr-23,US Dollar,USDGHS,10.9378,10.9488,10.9433
18-Apr-23,US Dollar,USDGHS,10.9373,10.9483,10.9428
17-Apr-23,US Dollar,USDGHS,10.9363,10.9473,10.9418
14-Apr-23,US Dollar,USDGHS,10.9343,10.9453,10.9398
13-Apr-23,US Dollar,USDGHS,10.9313,10.9423,10.9368
12-Apr-23,US Dollar,USDGHS,10.9263,10.9373,10.9318
11-Apr-23,US Dollar,USDGHS,10.9243,10.9353,10.9298
6-Apr-23,US Dollar,USDGHS,10.9245,10.9355,10.93
5-Apr-23,US Dollar,USDGHS,10.9245,10.9355,10.93
4-Apr-23,US Dollar,USDGHS,10.9395,10.9505,10.945
3-Apr-23,US Dollar,USDGHS,11.0062,11.0172,11.0117
31-Mar-23,US Dollar,USDGHS,11.0082,11.0192,11.0137
30-Mar-23,US Dollar,USDGHS,11.0083,11.0193,11.0138
29-Mar-23,US Dollar,USDGHS,11.0084,11.0194,11.0139
28-Mar-23,US Dollar,USDGHS,11.0085,11.0195,11.014
27-Mar-23,US Dollar,USDGHS,11.0087,11.0197,11.0142
24-Mar-23,US Dollar,USDGHS,11.0088,11.0198,11.0143
23-Mar-23,US Dollar,USDGHS,11.0087,11.0197,11.0142
22-Mar-23,US Dollar,USDGHS,11.0089,11.0199,11.0144
21-Mar-23,US Dollar,USDGHS,11.0085,11.0195,11.014
20-Mar-23,US Dollar,USDGHS,11.0085,11.0195,11.014
17-Mar-23,US Dollar,USDGHS,11.0086,11.0196,11.0141
16-Mar-23,US Dollar,USDGHS,11.0086,11.0196,11.0141
15-Mar-23,US Dollar,USDGHS,11.0084,11.0194,11.0139
14-Mar-23,US Dollar,USDGHS,11.0081,11.0191,11.0136
13-Mar-23,US Dollar,USDGHS,11.0081,11.0191,11.0136
10-Mar-23,US Dollar,USDGHS,11.0086,11.0196,11.0141
9-Mar-23,US Dollar,USDGHS,11.0082,11.0192,11.0137
8-Mar-23,US Dollar,USDGHS,11.0079,11.0189,11.0134
7-Mar-23,US Dollar,USDGHS,11.0081,11.0191,11.0136
3-Mar-23,US Dollar,USDGHS,11.0083,11.0193,11.0138
2-Mar-23,US Dollar,USDGHS,11.0088,11.0198,11.0143
1-Mar-23,US Dollar,USDGHS,11.009,11.02,11.0145
28-Feb-23,US Dollar,USDGHS,11.008,11.019,11.0135
27-Feb-23,US Dollar,USDGHS,11.0075,11.0185,11.013
24-Feb-23,US Dollar,USDGHS,11.0077,11.0187,11.0132
23-Feb-23,US Dollar,USDGHS,11.0079,11.0189,11.0134
22-Feb-23,US Dollar,USDGHS,11.0029,11.0139,11.0084
21-Feb-23,US Dollar,USDGHS,11.0009,11.0119,11.0064
20-Feb-23,US Dollar,USDGHS,10.7985,10.8093,10.8039
17-Feb-23,US Dollar,USDGHS,10.7985,10.8093,10.8039
16-Feb-23,US Dollar,USDGHS,10.7965,10.8073,10.8019
15-Feb-23,US Dollar,USDGHS,10.7967,10.8075,10.8021
14-Feb-23,US Dollar,USDGHS,10.7964,10.8072,10.8018
13-Feb-23,US Dollar,USDGHS,10.7944,10.8052,10.7998
10-Feb-23,US Dollar,USDGHS,10.7939,10.8047,10.7993
9-Feb-23,US Dollar,USDGHS,10.7929,10.8037,10.7983
8-Feb-23,US Dollar,USDGHS,10.793,10.8038,10.7984
7-Feb-23,US Dollar,USDGHS,10.7932,10.804,10.7986
6-Feb-23,US Dollar,USDGHS,10.7933,10.8041,10.7987
3-Feb-23,US Dollar,USDGHS,10.7936,10.8044,10.799
2-Feb-23,US Dollar,USDGHS,10.7938,10.8046,10.7992
1-Feb-23,US Dollar,USDGHS,10.7941,10.8049,10.7995
31-Jan-23,US Dollar,USDGHS,10.7943,10.8051,10.7997
30-Jan-23,US Dollar,USDGHS,10.7945,10.8053,10.7999
27-Jan-23,US Dollar,USDGHS,10.7946,10.8054,10.8
26-Jan-23,US Dollar,USDGHS,10.5947,10.6053,10.6
25-Jan-23,US Dollar,USDGHS,10.3998,10.4102,10.405
24-Jan-23,US Dollar,USDGHS,10.3998,10.4102,10.405
23-Jan-23,US Dollar,USDGHS,10.3948,10.4052,10.4
20-Jan-23,US Dollar,USDGHS,10.3507,10.3611,10.3559
19-Jan-23,US Dollar,USDGHS,10.3509,10.3613,10.3561
18-Jan-23,US Dollar,USDGHS,10.351,10.3614,10.3562
17-Jan-23,US Dollar,USDGHS,10.341,10.3514,10.3462
16-Jan-23,US Dollar,USDGHS,10.3305,10.3409,10.3357
13-Jan-23,US Dollar,USDGHS,10.3305,10.3409,10.3357
12-Jan-23,US Dollar,USDGHS,9.0402,9.0492,9.0447
11-Jan-23,US Dollar,USDGHS,9.0252,9.0342,9.0297
10-Jan-23,US Dollar,USDGHS,9.0052,9.0142,9.0097
6-Jan-23,US Dollar,USDGHS,9.0002,9.0092,9.0047
5-Jan-23,US Dollar,USDGHS,8.6067,8.6153,8.611
4-Jan-23,US Dollar,USDGHS,8.6017,8.6103,8.606
3-Jan-23,US Dollar,USDGHS,8.5817,8.5903,8.586
30-Dec-22,US Dollar,USDGHS,8.5717,8.5803,8.576
29-Dec-22,US Dollar,USDGHS,8.3108,8.3192,8.315
28-Dec-22,US Dollar,USDGHS,8.3008,8.3092,8.305
23-Dec-22,US Dollar,USDGHS,8.2988,8.3072,8.303
22-Dec-22,US Dollar,USDGHS,8.2959,8.3042,8.3
21-Dec-22,US Dollar,USDGHS,8.005,8.013,8.009
20-Dec-22,US Dollar,USDGHS,8,8.008,8.004
19-Dec-22,US Dollar,USDGHS,7.997,8.005,8.001
16-Dec-22,US Dollar,USDGHS,7.9972,8.0052,8.0012
15-Dec-22,US Dollar,USDGHS,7.9975,8.0055,8.0015
14-Dec-22,US Dollar,USDGHS,9.2954,9.3047,9.3
13-Dec-22,US Dollar,USDGHS,10.3948,10.4052,10.4
12-Dec-22,US Dollar,USDGHS,11.4943,11.5058,11.5
9-Dec-22,US Dollar,USDGHS,12.5517,12.5643,12.558
8-Dec-22,US Dollar,USDGHS,12.8886,12.9014,12.895
7-Dec-22,US Dollar,USDGHS,12.8936,12.9065,12.9
6-Dec-22,US Dollar,USDGHS,13.0769,13.0899,13.0834
5-Dec-22,US Dollar,USDGHS,13.0968,13.11,13.1034
1-Dec-22,US Dollar,USDGHS,13.0973,13.1105,13.1039
30-Nov-22,US Dollar,USDGHS,13.0978,13.111,13.1044
29-Nov-22,US Dollar,USDGHS,13.098,13.1112,13.1046
28-Nov-22,US Dollar,USDGHS,13.0982,13.1114,13.1048
25-Nov-22,US Dollar,USDGHS,13.0985,13.1117,13.1051
24-Nov-22,US Dollar,USDGHS,13.0987,13.1119,13.1053
23-Nov-22,US Dollar,USDGHS,13.0989,13.1121,13.1055
22-Nov-22,US Dollar,USDGHS,13.0986,13.1118,13.1052
21-Nov-22,US Dollar,USDGHS,13.0988,13.112,13.1054
18-Nov-22,US Dollar,USDGHS,13.099,13.1122,13.1056
17-Nov-22,US Dollar,USDGHS,13.0991,13.1123,13.1057
16-Nov-22,US Dollar,USDGHS,13.0892,13.1022,13.0957
15-Nov-22,US Dollar,USDGHS,13.0742,13.0872,13.0807
14-Nov-22,US Dollar,USDGHS,13.0744,13.0874,13.0809
11-Nov-22,US Dollar,USDGHS,13.0694,13.0824,13.0759
10-Nov-22,US Dollar,USDGHS,13.0694,13.0824,13.0759
9-Nov-22,US Dollar,USDGHS,13.0494,13.0624,13.0559
8-Nov-22,US Dollar,USDGHS,13.0314,13.0444,13.0379
7-Nov-22,US Dollar,USDGHS,13.0114,13.0244,13.0179
4-Nov-22,US Dollar,USDGHS,13.0012,13.0142,13.0077
3-Nov-22,US Dollar,USDGHS,13.0017,13.0147,13.0082
2-Nov-22,US Dollar,USDGHS,13.0029,13.0159,13.0094
1-Nov-22,US Dollar,USDGHS,13.0019,13.0149,13.0084
31-Oct-22,US Dollar,USDGHS,13.0021,13.0151,13.0086
28-Oct-22,US Dollar,USDGHS,13.0026,13.0156,13.0091
27-Oct-22,US Dollar,USDGHS,13.0028,13.0158,13.0093
26-Oct-22,US Dollar,USDGHS,13.0018,13.0148,13.0083
25-Oct-22,US Dollar,USDGHS,13.002,13.015,13.0085
24-Oct-22,US Dollar,USDGHS,12.5274,12.54,12.5337
21-Oct-22,US Dollar,USDGHS,12.5244,12.537,12.5307
20-Oct-22,US Dollar,USDGHS,12.5823,12.5949,12.5886
19-Oct-22,US Dollar,USDGHS,11.3076,11.319,11.3133
18-Oct-22,US Dollar,USDGHS,10.8655,10.8763,10.8709
17-Oct-22,US Dollar,USDGHS,10.8655,10.8763,10.8709
14-Oct-22,US Dollar,USDGHS,10.7115,10.7223,10.7169
13-Oct-22,US Dollar,USDGHS,10.7061,10.7169,10.7115
12-Oct-22,US Dollar,USDGHS,9.7871,9.7969,9.792
11-Oct-22,US Dollar,USDGHS,9.7176,9.7274,9.7225
10-Oct-22,US Dollar,USDGHS,9.6427,9.6523,9.6475
7-Oct-22,US Dollar,USDGHS,9.6327,9.6423,9.6375
6-Oct-22,US Dollar,USDGHS,9.6302,9.6398,9.635
5-Oct-22,US Dollar,USDGHS,9.6302,9.6398,9.635
4-Oct-22,US Dollar,USDGHS,9.6302,9.6398,9.635
3-Oct-22,US Dollar,USDGHS,9.62,9.6296,9.6248
30-Sep-22,US Dollar,USDGHS,9.6,9.6096,9.6048
29-Sep-22,US Dollar,USDGHS,9.5537,9.5633,9.5585
28-Sep-22,US Dollar,USDGHS,9.5435,9.5531,9.5483
27-Sep-22,US Dollar,USDGHS,9.5385,9.5481,9.5433
26-Sep-22,US Dollar,USDGHS,9.5365,9.5461,9.5413
23-Sep-22,US Dollar,USDGHS,9.5366,9.5462,9.5414
22-Sep-22,US Dollar,USDGHS,9.2367,9.2459,9.2413
20-Sep-22,US Dollar,USDGHS,9.0355,9.0445,9.04
19-Sep-22,US Dollar,USDGHS,9.0055,9.0145,9.01
16-Sep-22,US Dollar,USDGHS,8.2856,8.2938,8.2897
15-Sep-22,US Dollar,USDGHS,8.2756,8.2838,8.2797
14-Sep-22,US Dollar,USDGHS,8.2656,8.2738,8.2697
13-Sep-22,US Dollar,USDGHS,8.2646,8.2728,8.2687
12-Sep-22,US Dollar,USDGHS,8.2544,8.2626,8.2585
9-Sep-22,US Dollar,USDGHS,8.2524,8.2606,8.2565
8-Sep-22,US Dollar,USDGHS,8.2424,8.2506,8.2465
7-Sep-22,US Dollar,USDGHS,8.2424,8.2506,8.2465
6-Sep-22,US Dollar,USDGHS,8.2374,8.2456,8.2415
5-Sep-22,US Dollar,USDGHS,8.2344,8.2426,8.2385
2-Sep-22,US Dollar,USDGHS,8.2294,8.2376,8.2335
1-Sep-22,US Dollar,USDGHS,8.2284,8.2366,8.2325
31-Aug-22,US Dollar,USDGHS,8.2284,8.2366,8.2325
30-Aug-22,US Dollar,USDGHS,8.2234,8.2316,8.2275
29-Aug-22,US Dollar,USDGHS,8.2224,8.2306,8.2265
26-Aug-22,US Dollar,USDGHS,8.2214,8.2296,8.2255
25-Aug-22,US Dollar,USDGHS,8.2209,8.2291,8.225
24-Aug-22,US Dollar,USDGHS,8.221,8.2292,8.2251
23-Aug-22,US Dollar,USDGHS,8.191,8.1992,8.1951
22-Aug-22,US Dollar,USDGHS,8.19,8.1982,8.1941
19-Aug-22,US Dollar,USDGHS,8.145,8.1532,8.1491
18-Aug-22,US Dollar,USDGHS,8.0951,8.1031,8.0991
17-Aug-22,US Dollar,USDGHS,8.0951,8.1031,8.0991
16-Aug-22,US Dollar,USDGHS,8.0751,8.0831,8.0791
15-Aug-22,US Dollar,USDGHS,8.0631,8.0711,8.0671
12-Aug-22,US Dollar,USDGHS,8.0531,8.0611,8.0571
11-Aug-22,US Dollar,USDGHS,8.0281,8.0361,8.0321
10-Aug-22,US Dollar,USDGHS,8.0261,8.0341,8.0301
9-Aug-22,US Dollar,USDGHS,8.0161,8.0241,8.0201
8-Aug-22,US Dollar,USDGHS,8.0011,8.0091,8.0051
5-Aug-22,US Dollar,USDGHS,7.9961,8.0041,8.0001
3-Aug-22,US Dollar,USDGHS,7.6432,7.6508,7.647
2-Aug-22,US Dollar,USDGHS,7.6402,7.6478,7.644
1-Aug-22,US Dollar,USDGHS,7.6102,7.6178,7.614
29-Jul-22,US Dollar,USDGHS,7.6082,7.6158,7.612
28-Jul-22,US Dollar,USDGHS,7.5582,7.5658,7.562
27-Jul-22,US Dollar,USDGHS,7.5262,7.5338,7.53
26-Jul-22,US Dollar,USDGHS,7.4963,7.5038,7.5
25-Jul-22,US Dollar,USDGHS,7.4963,7.5038,7.5
22-Jul-22,US Dollar,USDGHS,7.4708,7.4782,7.4745
21-Jul-22,US Dollar,USDGHS,7.4408,7.4482,7.4445
20-Jul-22,US Dollar,USDGHS,7.4308,7.4382,7.4345
19-Jul-22,US Dollar,USDGHS,7.4008,7.4082,7.4045
18-Jul-22,US Dollar,USDGHS,7.3808,7.3882,7.3845
15-Jul-22,US Dollar,USDGHS,7.3808,7.3882,7.3845
14-Jul-22,US Dollar,USDGHS,7.3508,7.3582,7.3545
13-Jul-22,US Dollar,USDGHS,7.3308,7.3382,7.3345
12-Jul-22,US Dollar,USDGHS,7.3208,7.3282,7.3245
8-Jul-22,US Dollar,USDGHS,7.3008,7.3082,7.3045
7-Jul-22,US Dollar,USDGHS,7.2809,7.2881,7.2845
6-Jul-22,US Dollar,USDGHS,7.2659,7.2731,7.2695
5-Jul-22,US Dollar,USDGHS,7.2409,7.2481,7.2445
4-Jul-22,US Dollar,USDGHS,7.2309,7.2381,7.2345
1-Jul-22,US Dollar,USDGHS,7.2309,7.2381,7.2345
30-Jun-22,US Dollar,USDGHS,7.2269,7.2341,7.2305
29-Jun-22,US Dollar,USDGHS,7.2209,7.2281,7.2245
28-Jun-22,US Dollar,USDGHS,7.2189,7.2261,7.2225
27-Jun-22,US Dollar,USDGHS,7.2164,7.2236,7.22
24-Jun-22,US Dollar,USDGHS,7.2114,7.2186,7.215
23-Jun-22,US Dollar,USDGHS,7.2074,7.2146,7.211
22-Jun-22,US Dollar,USDGHS,7.2074,7.2146,7.211
21-Jun-22,US Dollar,USDGHS,7.2024,7.2096,7.206
20-Jun-22,US Dollar,USDGHS,7.2024,7.2096,7.206
17-Jun-22,US Dollar,USDGHS,7.1994,7.2066,7.203
16-Jun-22,US Dollar,USDGHS,7.1994,7.2066,7.203
15-Jun-22,US Dollar,USDGHS,7.1994,7.2066,7.203
14-Jun-22,US Dollar,USDGHS,7.1974,7.2046,7.201
13-Jun-22,US Dollar,USDGHS,7.1964,7.2036,7.2
10-Jun-22,US Dollar,USDGHS,7.1964,7.2036,7.2
9-Jun-22,US Dollar,USDGHS,7.1569,7.1641,7.1605
8-Jun-22,US Dollar,USDGHS,7.1489,7.1561,7.1525
7-Jun-22,US Dollar,USDGHS,7.1435,7.1507,7.1471
6-Jun-22,US Dollar,USDGHS,7.1425,7.1497,7.1461
3-Jun-22,US Dollar,USDGHS,7.1425,7.1497,7.1461
2-Jun-22,US Dollar,USDGHS,7.1415,7.1487,7.1451
1-Jun-22,US Dollar,USDGHS,7.1405,7.1477,7.1441
31-May-22,US Dollar,USDGHS,7.1405,7.1477,7.1441
30-May-22,US Dollar,USDGHS,7.1377,7.1449,7.1413
27-May-22,US Dollar,USDGHS,7.1377,7.1449,7.1413
26-May-22,US Dollar,USDGHS,7.1342,7.1414,7.1378
25-May-22,US Dollar,USDGHS,7.1337,7.1409,7.1373
24-May-22,US Dollar,USDGHS,7.1317,7.1389,7.1353
23-May-22,US Dollar,USDGHS,7.1297,7.1369,7.1333
20-May-22,US Dollar,USDGHS,7.1287,7.1359,7.1323
19-May-22,US Dollar,USDGHS,7.1262,7.1334,7.1298
18-May-22,US Dollar,USDGHS,7.1262,7.1334,7.1298
17-May-22,US Dollar,USDGHS,7.1217,7.1289,7.1253
16-May-22,US Dollar,USDGHS,7.1167,7.1239,7.1203
13-May-22,US Dollar,USDGHS,7.1127,7.1199,7.1163
12-May-22,US Dollar,USDGHS,7.1107,7.1179,7.1143
11-May-22,US Dollar,USDGHS,7.1107,7.1179,7.1143
10-May-22,US Dollar,USDGHS,7.11,7.1172,7.1136
9-May-22,US Dollar,USDGHS,7.1095,7.1167,7.1131
6-May-22,US Dollar,USDGHS,7.1096,7.1168,7.1132
5-May-22,US Dollar,USDGHS,7.1097,7.1169,7.1133
4-May-22,US Dollar,USDGHS,7.1097,7.1169,7.1133
29-Apr-22,US Dollar,USDGHS,7.1092,7.1164,7.1128
28-Apr-22,US Dollar,USDGHS,7.1087,7.1159,7.1123
27-Apr-22,US Dollar,USDGHS,7.1088,7.116,7.1124
26-Apr-22,US Dollar,USDGHS,7.1089,7.1161,7.1125
25-Apr-22,US Dollar,USDGHS,7.1087,7.1159,7.1123
22-Apr-22,US Dollar,USDGHS,7.1088,7.116,7.1124
21-Apr-22,US Dollar,USDGHS,7.1086,7.1158,7.1122
20-Apr-22,US Dollar,USDGHS,7.1086,7.1158,7.1122
19-Apr-22,US Dollar,USDGHS,7.1088,7.116,7.1124
14-Apr-22,US Dollar,USDGHS,7.1088,7.116,7.1124
13-Apr-22,US Dollar,USDGHS,7.109,7.1162,7.1126
12-Apr-22,US Dollar,USDGHS,7.1089,7.1161,7.1125
11-Apr-22,US Dollar,USDGHS,7.1089,7.1161,7.1125
8-Apr-22,US Dollar,USDGHS,7.1084,7.1156,7.112
7-Apr-22,US Dollar,USDGHS,7.1084,7.1156,7.112
6-Apr-22,US Dollar,USDGHS,7.1081,7.1153,7.1117
5-Apr-22,US Dollar,USDGHS,7.1083,7.1155,7.1119
4-Apr-22,US Dollar,USDGHS,7.1084,7.1156,7.112
1-Apr-22,US Dollar,USDGHS,7.1084,7.1156,7.112
31-Mar-22,US Dollar,USDGHS,7.1086,7.1158,7.1122
30-Mar-22,US Dollar,USDGHS,7.1088,7.116,7.1124
29-Mar-22,US Dollar,USDGHS,7.1088,7.116,7.1124
28-Mar-22,US Dollar,USDGHS,7.109,7.1162,7.1126
25-Mar-22,US Dollar,USDGHS,7.1085,7.1157,7.1121
24-Mar-22,US Dollar,USDGHS,7.1086,7.1158,7.1122
23-Mar-22,US Dollar,USDGHS,7.1087,7.1159,7.1123
22-Mar-22,US Dollar,USDGHS,7.1088,7.116,7.1124
21-Mar-22,US Dollar,USDGHS,7.1089,7.1161,7.1125
18-Mar-22,US Dollar,USDGHS,7.1089,7.1161,7.1125
17-Mar-22,US Dollar,USDGHS,7.0315,7.0385,7.035
16-Mar-22,US Dollar,USDGHS,7.0315,7.0385,7.035
15-Mar-22,US Dollar,USDGHS,7.0315,7.0385,7.035
14-Mar-22,US Dollar,USDGHS,7.0265,7.0335,7.03
11-Mar-22,US Dollar,USDGHS,7.0215,7.0285,7.025
10-Mar-22,US Dollar,USDGHS,7.0165,7.0235,7.02
9-Mar-22,US Dollar,USDGHS,7.0066,7.0136,7.0101
8-Mar-22,US Dollar,USDGHS,7.0065,7.0135,7.01
4-Mar-22,US Dollar,USDGHS,6.9984,7.0054,7.0019
3-Mar-22,US Dollar,USDGHS,6.9974,7.0044,7.0009
2-Mar-22,US Dollar,USDGHS,6.9931,7.0001,6.9966
1-Mar-22,US Dollar,USDGHS,6.6972,6.704,6.7006
28-Feb-22,US Dollar,USDGHS,6.5971,6.6037,6.6004
25-Feb-22,US Dollar,USDGHS,6.5971,6.6037,6.6004
24-Feb-22,US Dollar,USDGHS,6.4971,6.5037,6.5004
23-Feb-22,US Dollar,USDGHS,6.447,6.4534,6.4502
22-Feb-22,US Dollar,USDGHS,6.4193,6.4257,6.4225
21-Feb-22,US Dollar,USDGHS,6.4195,6.4259,6.4227
18-Feb-22,US Dollar,USDGHS,6.4195,6.4259,6.4227
17-Feb-22,US Dollar,USDGHS,6.317,6.3234,6.3202
16-Feb-22,US Dollar,USDGHS,6.3068,6.3132,6.31
15-Feb-22,US Dollar,USDGHS,6.3037,6.3101,6.3069
14-Feb-22,US Dollar,USDGHS,6.2989,6.3053,6.3021
11-Feb-22,US Dollar,USDGHS,6.2988,6.3052,6.302
10-Feb-22,US Dollar,USDGHS,6.2076,6.2138,6.2107
9-Feb-22,US Dollar,USDGHS,6.1974,6.2036,6.2005
8-Feb-22,US Dollar,USDGHS,6.1976,6.2038,6.2007
7-Feb-22,US Dollar,USDGHS,6.1567,6.1629,6.1598
4-Feb-22,US Dollar,USDGHS,6.1046,6.1108,6.1077
3-Feb-22,US Dollar,USDGHS,6.1046,6.1108,6.1077
2-Feb-22,US Dollar,USDGHS,6.0996,6.1058,6.1027
1-Feb-22,US Dollar,USDGHS,6.0996,6.1058,6.1027
31-Jan-22,US Dollar,USDGHS,6.0206,6.0266,6.0236
28-Jan-22,US Dollar,USDGHS,6.0196,6.0256,6.0226
27-Jan-22,US Dollar,USDGHS,6.0196,6.0256,6.0226
26-Jan-22,US Dollar,USDGHS,6.0094,6.0154,6.0124
25-Jan-22,US Dollar,USDGHS,6.0079,6.0139,6.0109
24-Jan-22,US Dollar,USDGHS,6.0079,6.0139,6.0109
21-Jan-22,US Dollar,USDGHS,6.0069,6.0129,6.0099
20-Jan-22,US Dollar,USDGHS,6.0071,6.0131,6.0101
19-Jan-22,US Dollar,USDGHS,6.0071,6.0131,6.0101
18-Jan-22,US Dollar,USDGHS,6.0053,6.0113,6.0083
17-Jan-22,US Dollar,USDGHS,6.0033,6.0093,6.0063
14-Jan-22,US Dollar,USDGHS,6.0033,6.0093,6.0063
13-Jan-22,US Dollar,USDGHS,6.0032,6.0092,6.0062
12-Jan-22,US Dollar,USDGHS,6.0032,6.0092,6.0062
11-Jan-22,US Dollar,USDGHS,6.0034,6.0094,6.0064
10-Jan-22,US Dollar,USDGHS,6.0034,6.0094,6.0064
6-Jan-22,US Dollar,USDGHS,6.0034,6.0094,6.0064
5-Jan-22,US Dollar,USDGHS,6.0029,6.0089,6.0059
4-Jan-22,US Dollar,USDGHS,6.0031,6.0091,6.0061
31-Dec-21,US Dollar,USDGHS,6.0031,6.0091,6.0061
30-Dec-21,US Dollar,USDGHS,5.9931,5.9991,5.9961
29-Dec-21,US Dollar,USDGHS,5.9779,5.9839,5.9809
24-Dec-21,US Dollar,USDGHS,5.9744,5.9804,5.9774
23-Dec-21,US Dollar,USDGHS,5.9594,5.9654,5.9624
22-Dec-21,US Dollar,USDGHS,5.9543,5.9603,5.9573
21-Dec-21,US Dollar,USDGHS,5.9533,5.9593,5.9563
20-Dec-21,US Dollar,USDGHS,5.9508,5.9568,5.9538
17-Dec-21,US Dollar,USDGHS,5.951,5.957,5.954
16-Dec-21,US Dollar,USDGHS,5.9361,5.9421,5.9391
15-Dec-21,US Dollar,USDGHS,5.9361,5.9421,5.9391
14-Dec-21,US Dollar,USDGHS,5.9301,5.9361,5.9331
13-Dec-21,US Dollar,USDGHS,5.9286,5.9346,5.9316
10-Dec-21,US Dollar,USDGHS,5.9284,5.9344,5.9314
9-Dec-21,US Dollar,USDGHS,5.9182,5.9242,5.9212
8-Dec-21,US Dollar,USDGHS,5.9182,5.9242,5.9212
7-Dec-21,US Dollar,USDGHS,5.9172,5.9232,5.9202
6-Dec-21,US Dollar,USDGHS,5.9172,5.9232,5.9202
2-Dec-21,US Dollar,USDGHS,5.9152,5.9212,5.9182
1-Dec-21,US Dollar,USDGHS,5.9152,5.9212,5.9182
30-Nov-21,US Dollar,USDGHS,5.9142,5.9202,5.9172
29-Nov-21,US Dollar,USDGHS,5.9122,5.9182,5.9152
26-Nov-21,US Dollar,USDGHS,5.9112,5.9172,5.9142
25-Nov-21,US Dollar,USDGHS,5.9092,5.9152,5.9122
24-Nov-21,US Dollar,USDGHS,5.9087,5.9147,5.9117
23-Nov-21,US Dollar,USDGHS,5.9088,5.9148,5.9118
22-Nov-21,US Dollar,USDGHS,5.9083,5.9143,5.9113
19-Nov-21,US Dollar,USDGHS,5.9083,5.9143,5.9113
18-Nov-21,US Dollar,USDGHS,5.9083,5.9143,5.9113
17-Nov-21,US Dollar,USDGHS,5.9083,5.9143,5.9113
16-Nov-21,US Dollar,USDGHS,5.9012,5.9072,5.9042
15-Nov-21,US Dollar,USDGHS,5.9007,5.9067,5.9037
12-Nov-21,US Dollar,USDGHS,5.9001,5.9061,5.9031
11-Nov-21,US Dollar,USDGHS,5.8995,5.9055,5.9025
10-Nov-21,US Dollar,USDGHS,5.8995,5.9055,5.9025
9-Nov-21,US Dollar,USDGHS,5.8993,5.9053,5.9023
8-Nov-21,US Dollar,USDGHS,5.8993,5.9053,5.9023
5-Nov-21,US Dollar,USDGHS,5.8985,5.9045,5.9015
4-Nov-21,US Dollar,USDGHS,5.8987,5.9047,5.9017
3-Nov-21,US Dollar,USDGHS,5.8982,5.9042,5.9012
2-Nov-21,US Dollar,USDGHS,5.8982,5.9042,5.9012
1-Nov-21,US Dollar,USDGHS,5.8979,5.9039,5.9009
29-Oct-21,US Dollar,USDGHS,5.8979,5.9039,5.9009
28-Oct-21,US Dollar,USDGHS,5.8974,5.9034,5.9004
27-Oct-21,US Dollar,USDGHS,5.897,5.9028,5.8999
26-Oct-21,US Dollar,USDGHS,5.897,5.9028,5.8999
25-Oct-21,US Dollar,USDGHS,5.8971,5.9031,5.9001
22-Oct-21,US Dollar,USDGHS,5.892,5.8978,5.8949
21-Oct-21,US Dollar,USDGHS,5.8818,5.8876,5.8847
20-Oct-21,US Dollar,USDGHS,5.8808,5.8866,5.8837
19-Oct-21,US Dollar,USDGHS,5.8798,5.8856,5.8827
18-Oct-21,US Dollar,USDGHS,5.8793,5.8851,5.8822
15-Oct-21,US Dollar,USDGHS,5.8793,5.8851,5.8822
14-Oct-21,US Dollar,USDGHS,5.8773,5.8831,5.8802
13-Oct-21,US Dollar,USDGHS,5.8773,5.8831,5.8802
12-Oct-21,US Dollar,USDGHS,5.8669,5.8727,5.8698
11-Oct-21,US Dollar,USDGHS,5.8659,5.8717,5.8688
8-Oct-21,US Dollar,USDGHS,5.8659,5.8717,5.8688
7-Oct-21,US Dollar,USDGHS,5.8649,5.8707,5.8678
6-Oct-21,US Dollar,USDGHS,5.8649,5.8707,5.8678
5-Oct-21,US Dollar,USDGHS,5.8644,5.8702,5.8673
4-Oct-21,US Dollar,USDGHS,5.8644,5.8702,5.8673
1-Oct-21,US Dollar,USDGHS,5.8634,5.8692,5.8663
30-Sep-21,US Dollar,USDGHS,5.8634,5.8692,5.8663
29-Sep-21,US Dollar,USDGHS,5.8624,5.8682,5.8653
28-Sep-21,US Dollar,USDGHS,5.8624,5.8682,5.8653
27-Sep-21,US Dollar,USDGHS,5.8614,5.8672,5.8643
24-Sep-21,US Dollar,USDGHS,5.8614,5.8672,5.8643
23-Sep-21,US Dollar,USDGHS,5.8594,5.8652,5.8623
22-Sep-21,US Dollar,USDGHS,5.8599,5.8657,5.8628
20-Sep-21,US Dollar,USDGHS,5.8601,5.8659,5.863
17-Sep-21,US Dollar,USDGHS,5.8601,5.8659,5.863
16-Sep-21,US Dollar,USDGHS,5.8545,5.8603,5.8574
15-Sep-21,US Dollar,USDGHS,5.8543,5.8601,5.8572
14-Sep-21,US Dollar,USDGHS,5.8538,5.8596,5.8567
13-Sep-21,US Dollar,USDGHS,5.8532,5.859,5.8561
10-Sep-21,US Dollar,USDGHS,5.8532,5.859,5.8561
9-Sep-21,US Dollar,USDGHS,5.8532,5.859,5.8561
8-Sep-21,US Dollar,USDGHS,5.8533,5.8591,5.8562
7-Sep-21,US Dollar,USDGHS,5.8535,5.8593,5.8564
6-Sep-21,US Dollar,USDGHS,5.8535,5.8593,5.8564
3-Sep-21,US Dollar,USDGHS,5.8535,5.8593,5.8564
2-Sep-21,US Dollar,USDGHS,5.8485,5.8543,5.8514
1-Sep-21,US Dollar,USDGHS,5.8483,5.8541,5.8512
31-Aug-21,US Dollar,USDGHS,5.8488,5.8546,5.8517
30-Aug-21,US Dollar,USDGHS,5.8473,5.8531,5.8502
27-Aug-21,US Dollar,USDGHS,5.8473,5.8531,5.8502
26-Aug-21,US Dollar,USDGHS,5.8306,5.8364,5.8335
25-Aug-21,US Dollar,USDGHS,5.8306,5.8364,5.8335
24-Aug-21,US Dollar,USDGHS,5.8307,5.8365,5.8336
23-Aug-21,US Dollar,USDGHS,5.8307,5.8365,5.8336
20-Aug-21,US Dollar,USDGHS,5.8307,5.8365,5.8336
19-Aug-21,US Dollar,USDGHS,5.8242,5.83,5.8271
18-Aug-21,US Dollar,USDGHS,5.8232,5.829,5.8261
17-Aug-21,US Dollar,USDGHS,5.8232,5.829,5.8261
16-Aug-21,US Dollar,USDGHS,5.8202,5.826,5.8231
13-Aug-21,US Dollar,USDGHS,5.8192,5.825,5.8221
12-Aug-21,US Dollar,USDGHS,5.8192,5.825,5.8221
11-Aug-21,US Dollar,USDGHS,5.8172,5.823,5.8201
10-Aug-21,US Dollar,USDGHS,5.8174,5.8232,5.8203
9-Aug-21,US Dollar,USDGHS,5.8174,5.8232,5.8203
6-Aug-21,US Dollar,USDGHS,5.8174,5.8232,5.8203
5-Aug-21,US Dollar,USDGHS,5.7995,5.8053,5.8024
3-Aug-21,US Dollar,USDGHS,5.7997,5.8055,5.8026
2-Aug-21,US Dollar,USDGHS,5.7992,5.805,5.8021
30-Jul-21,US Dollar,USDGHS,5.7982,5.804,5.8011
29-Jul-21,US Dollar,USDGHS,5.7982,5.804,5.8011
28-Jul-21,US Dollar,USDGHS,5.7972,5.803,5.8001
27-Jul-21,US Dollar,USDGHS,5.7974,5.8032,5.8003
26-Jul-21,US Dollar,USDGHS,5.7974,5.8032,5.8003
23-Jul-21,US Dollar,USDGHS,5.7974,5.8032,5.8003
22-Jul-21,US Dollar,USDGHS,5.7934,5.7992,5.7963
21-Jul-21,US Dollar,USDGHS,5.7936,5.7994,5.7965
19-Jul-21,US Dollar,USDGHS,5.7934,5.7992,5.7963
16-Jul-21,US Dollar,USDGHS,5.7936,5.7994,5.7965
15-Jul-21,US Dollar,USDGHS,5.7791,5.7849,5.782
14-Jul-21,US Dollar,USDGHS,5.7781,5.7839,5.781
13-Jul-21,US Dollar,USDGHS,5.7781,5.7839,5.781
12-Jul-21,US Dollar,USDGHS,5.7771,5.7829,5.78
9-Jul-21,US Dollar,USDGHS,5.7773,5.7831,5.7802
8-Jul-21,US Dollar,USDGHS,5.7651,5.7709,5.768
7-Jul-21,US Dollar,USDGHS,5.7621,5.7679,5.765
6-Jul-21,US Dollar,USDGHS,5.7611,5.7669,5.764
5-Jul-21,US Dollar,USDGHS,5.7612,5.767,5.7641
2-Jul-21,US Dollar,USDGHS,5.7612,5.767,5.7641
1-Jul-21,US Dollar,USDGHS,5.7602,5.766,5.7631
30-Jun-21,US Dollar,USDGHS,5.7597,5.7655,5.7626
29-Jun-21,US Dollar,USDGHS,5.7584,5.7642,5.7613
28-Jun-21,US Dollar,USDGHS,5.7569,5.7627,5.7598
25-Jun-21,US Dollar,USDGHS,5.7513,5.7571,5.7542
24-Jun-21,US Dollar,USDGHS,5.7513,5.7571,5.7542
23-Jun-21,US Dollar,USDGHS,5.7513,5.7571,5.7542
22-Jun-21,US Dollar,USDGHS,5.7503,5.7561,5.7532
21-Jun-21,US Dollar,USDGHS,5.7488,5.7546,5.7517
18-Jun-21,US Dollar,USDGHS,5.7483,5.7541,5.7512
17-Jun-21,US Dollar,USDGHS,5.7483,5.7541,5.7512
16-Jun-21,US Dollar,USDGHS,5.7483,5.7541,5.7512
15-Jun-21,US Dollar,USDGHS,5.7485,5.7543,5.7514
14-Jun-21,US Dollar,USDGHS,5.7485,5.7543,5.7514
11-Jun-21,US Dollar,USDGHS,5.7486,5.7544,5.7515
10-Jun-21,US Dollar,USDGHS,5.7488,5.7546,5.7517
9-Jun-21,US Dollar,USDGHS,5.7483,5.7541,5.7512
8-Jun-21,US Dollar,USDGHS,5.7483,5.7541,5.7512
7-Jun-21,US Dollar,USDGHS,5.7473,5.7531,5.7502
4-Jun-21,US Dollar,USDGHS,5.7441,5.7499,5.747
3-Jun-21,US Dollar,USDGHS,5.7441,5.7499,5.747
2-Jun-21,US Dollar,USDGHS,5.7443,5.7501,5.7472
1-Jun-21,US Dollar,USDGHS,5.7443,5.7501,5.7472
31-May-21,US Dollar,USDGHS,5.7444,5.7502,5.7473
28-May-21,US Dollar,USDGHS,5.7387,5.7445,5.7416
27-May-21,US Dollar,USDGHS,5.7331,5.7389,5.736
26-May-21,US Dollar,USDGHS,5.7331,5.7389,5.736
25-May-21,US Dollar,USDGHS,5.7316,5.7374,5.7345
24-May-21,US Dollar,USDGHS,5.7296,5.7354,5.7325
21-May-21,US Dollar,USDGHS,5.7286,5.7344,5.7315
20-May-21,US Dollar,USDGHS,5.7286,5.7344,5.7315
19-May-21,US Dollar,USDGHS,5.7276,5.7334,5.7305
18-May-21,US Dollar,USDGHS,5.7276,5.7334,5.7305
17-May-21,US Dollar,USDGHS,5.7276,5.7334,5.7305
14-May-21,US Dollar,USDGHS,5.7278,5.7336,5.7307
12-May-21,US Dollar,USDGHS,5.7278,5.7336,5.7307
11-May-21,US Dollar,USDGHS,5.728,5.7338,5.7309
10-May-21,US Dollar,USDGHS,5.7282,5.734,5.7311
7-May-21,US Dollar,USDGHS,5.7287,5.7345,5.7316
6-May-21,US Dollar,USDGHS,5.7289,5.7347,5.7318
5-May-21,US Dollar,USDGHS,5.7289,5.7347,5.7318
4-May-21,US Dollar,USDGHS,5.7291,5.7349,5.732
30-Apr-21,US Dollar,USDGHS,5.7293,5.7351,5.7322
29-Apr-21,US Dollar,USDGHS,5.7283,5.7341,5.7312
28-Apr-21,US Dollar,USDGHS,5.7288,5.7346,5.7317
27-Apr-21,US Dollar,USDGHS,5.7288,5.7346,5.7317
26-Apr-21,US Dollar,USDGHS,5.7278,5.7336,5.7307
23-Apr-21,US Dollar,USDGHS,5.728,5.7338,5.7309
22-Apr-21,US Dollar,USDGHS,5.728,5.7338,5.7309
21-Apr-21,US Dollar,USDGHS,5.7283,5.7341,5.7312
20-Apr-21,US Dollar,USDGHS,5.7285,5.7343,5.7314
19-Apr-21,US Dollar,USDGHS,5.7285,5.7343,5.7314
16-Apr-21,US Dollar,USDGHS,5.729,5.7348,5.7319
15-Apr-21,US Dollar,USDGHS,5.7285,5.7343,5.7314
14-Apr-21,US Dollar,USDGHS,5.7285,5.7343,5.7314
13-Apr-21,US Dollar,USDGHS,5.7275,5.7333,5.7304
12-Apr-21,US Dollar,USDGHS,5.7265,5.7323,5.7294
9-Apr-21,US Dollar,USDGHS,5.7265,5.7323,5.7294
8-Apr-21,US Dollar,USDGHS,5.7265,5.7323,5.7294
7-Apr-21,US Dollar,USDGHS,5.7265,5.7323,5.7294
6-Apr-21,US Dollar,USDGHS,5.7267,5.7325,5.7296
1-Apr-21,US Dollar,USDGHS,5.7269,5.7327,5.7298
31-Mar-21,US Dollar,USDGHS,5.7259,5.7317,5.7288
30-Mar-21,US Dollar,USDGHS,5.7259,5.7317,5.7288
29-Mar-21,US Dollar,USDGHS,5.7259,5.7317,5.7288
26-Mar-21,US Dollar,USDGHS,5.7239,5.7297,5.7268
25-Mar-21,US Dollar,USDGHS,5.7239,5.7297,5.7268
24-Mar-21,US Dollar,USDGHS,5.7244,5.7302,5.7273
23-Mar-21,US Dollar,USDGHS,5.7244,5.7302,5.7273
22-Mar-21,US Dollar,USDGHS,5.7244,5.7302,5.7273
19-Mar-21,US Dollar,USDGHS,5.7246,5.7304,5.7275
18-Mar-21,US Dollar,USDGHS,5.7246,5.7304,5.7275
17-Mar-21,US Dollar,USDGHS,5.7246,5.7304,5.7275
16-Mar-21,US Dollar,USDGHS,5.7241,5.7299,5.727
15-Mar-21,US Dollar,USDGHS,5.7241,5.7299,5.727
12-Mar-21,US Dollar,USDGHS,5.7236,5.7294,5.7265
11-Mar-21,US Dollar,USDGHS,5.7236,5.7294,5.7265
10-Mar-21,US Dollar,USDGHS,5.7236,5.7294,5.7265
9-Mar-21,US Dollar,USDGHS,5.7238,5.7296,5.7267
5-Mar-21,US Dollar,USDGHS,5.7233,5.7291,5.7262
4-Mar-21,US Dollar,USDGHS,5.7236,5.7294,5.7265
3-Mar-21,US Dollar,USDGHS,5.7251,5.7309,5.728
2-Mar-21,US Dollar,USDGHS,5.7251,5.7309,5.728
1-Mar-21,US Dollar,USDGHS,5.7295,5.7353,5.7324
26-Feb-21,US Dollar,USDGHS,5.7345,5.7403,5.7374
25-Feb-21,US Dollar,USDGHS,5.7495,5.7553,5.7524
24-Feb-21,US Dollar,USDGHS,5.7505,5.7563,5.7534
23-Feb-21,US Dollar,USDGHS,5.7507,5.7565,5.7536
22-Feb-21,US Dollar,USDGHS,5.7507,5.7565,5.7536
19-Feb-21,US Dollar,USDGHS,5.7557,5.7615,5.7586
18-Feb-21,US Dollar,USDGHS,5.7562,5.762,5.7591
17-Feb-21,US Dollar,USDGHS,5.7567,5.7625,5.7596
16-Feb-21,US Dollar,USDGHS,5.7568,5.7626,5.7597
15-Feb-21,US Dollar,USDGHS,5.7568,5.7626,5.7597
12-Feb-21,US Dollar,USDGHS,5.757,5.7628,5.7599
11-Feb-21,US Dollar,USDGHS,5.757,5.7628,5.7599
10-Feb-21,US Dollar,USDGHS,5.7572,5.763,5.7601
9-Feb-21,US Dollar,USDGHS,5.7574,5.7632,5.7603
8-Feb-21,US Dollar,USDGHS,5.7574,5.7632,5.7603
5-Feb-21,US Dollar,USDGHS,5.7576,5.7634,5.7605
4-Feb-21,US Dollar,USDGHS,5.7575,5.7633,5.7604
3-Feb-21,US Dollar,USDGHS,5.7576,5.7634,5.7605
2-Feb-21,US Dollar,USDGHS,5.7577,5.7635,5.7606
1-Feb-21,US Dollar,USDGHS,5.7577,5.7635,5.7606
29-Jan-21,US Dollar,USDGHS,5.7575,5.7633,5.7604
28-Jan-21,US Dollar,USDGHS,5.7575,5.7633,5.7604
27-Jan-21,US Dollar,USDGHS,5.7585,5.7643,5.7614
26-Jan-21,US Dollar,USDGHS,5.7587,5.7645,5.7616
25-Jan-21,US Dollar,USDGHS,5.7587,5.7645,5.7616
22-Jan-21,US Dollar,USDGHS,5.7589,5.7647,5.7618
21-Jan-21,US Dollar,USDGHS,5.7589,5.7647,5.7618
20-Jan-21,US Dollar,USDGHS,5.7579,5.7637,5.7608
19-Jan-21,US Dollar,USDGHS,5.7574,5.7632,5.7603
18-Jan-21,US Dollar,USDGHS,5.7574,5.7632,5.7603
15-Jan-21,US Dollar,USDGHS,5.7576,5.7634,5.7605
14-Jan-21,US Dollar,USDGHS,5.7576,5.7634,5.7605
13-Jan-21,US Dollar,USDGHS,5.7574,5.7632,5.7603
12-Jan-21,US Dollar,USDGHS,5.7574,5.7632,5.7603
11-Jan-21,US Dollar,USDGHS,5.7576,5.7634,5.7605
8-Jan-21,US Dollar,USDGHS,5.7576,5.7634,5.7605
6-Jan-21,US Dollar,USDGHS,5.7578,5.7636,5.7607
5-Jan-21,US Dollar,USDGHS,5.7578,5.7636,5.7607
4-Jan-21,US Dollar,USDGHS,5.7573,5.7631,5.7602
31-Dec-20,US Dollar,USDGHS,5.7573,5.7631,5.7602
30-Dec-20,US Dollar,USDGHS,5.7313,5.7371,5.7342
29-Dec-20,US Dollar,USDGHS,5.7293,5.7351,5.7322
24-Dec-20,US Dollar,USDGHS,5.7293,5.7351,5.7322
23-Dec-20,US Dollar,USDGHS,5.7183,5.7241,5.7212
22-Dec-20,US Dollar,USDGHS,5.7173,5.7231,5.7202
21-Dec-20,US Dollar,USDGHS,5.7163,5.7221,5.7192
18-Dec-20,US Dollar,USDGHS,5.7166,5.7224,5.7195
17-Dec-20,US Dollar,USDGHS,5.7136,5.7194,5.7165
16-Dec-20,US Dollar,USDGHS,5.7131,5.7189,5.716
15-Dec-20,US Dollar,USDGHS,5.7131,5.7189,5.716
14-Dec-20,US Dollar,USDGHS,5.7126,5.7184,5.7155
11-Dec-20,US Dollar,USDGHS,5.7116,5.7174,5.7145
10-Dec-20,US Dollar,USDGHS,5.7116,5.7174,5.7145
9-Dec-20,US Dollar,USDGHS,5.7113,5.7171,5.7142
8-Dec-20,US Dollar,USDGHS,5.7113,5.7171,5.7142
4-Dec-20,US Dollar,USDGHS,5.7113,5.7171,5.7142
3-Dec-20,US Dollar,USDGHS,5.7113,5.7171,5.7142
2-Dec-20,US Dollar,USDGHS,5.7115,5.7173,5.7144
1-Dec-20,US Dollar,USDGHS,5.7115,5.7173,5.7144
30-Nov-20,US Dollar,USDGHS,5.711,5.7168,5.7139
27-Nov-20,US Dollar,USDGHS,5.7105,5.7163,5.7134
26-Nov-20,US Dollar,USDGHS,5.71,5.7158,5.7129
25-Nov-20,US Dollar,USDGHS,5.71,5.7158,5.7129
24-Nov-20,US Dollar,USDGHS,5.71,5.7158,5.7129
23-Nov-20,US Dollar,USDGHS,5.7101,5.7159,5.713
20-Nov-20,US Dollar,USDGHS,5.7101,5.7159,5.713
19-Nov-20,US Dollar,USDGHS,5.7096,5.7154,5.7125
18-Nov-20,US Dollar,USDGHS,5.7096,5.7154,5.7125
17-Nov-20,US Dollar,USDGHS,5.709,5.7148,5.7119
16-Nov-20,US Dollar,USDGHS,5.7091,5.7149,5.712
13-Nov-20,US Dollar,USDGHS,5.7088,5.7146,5.7117
12-Nov-20,US Dollar,USDGHS,5.7088,5.7146,5.7117
11-Nov-20,US Dollar,USDGHS,5.7083,5.7141,5.7112
10-Nov-20,US Dollar,USDGHS,5.7083,5.7141,5.7112
9-Nov-20,US Dollar,USDGHS,5.7081,5.7139,5.711
6-Nov-20,US Dollar,USDGHS,5.7078,5.7136,5.7107
5-Nov-20,US Dollar,USDGHS,5.708,5.7138,5.7109
4-Nov-20,US Dollar,USDGHS,5.708,5.7138,5.7109
3-Nov-20,US Dollar,USDGHS,5.7081,5.7139,5.711
2-Nov-20,US Dollar,USDGHS,5.7081,5.7139,5.711
30-Oct-20,US Dollar,USDGHS,5.7071,5.7129,5.71
29-Oct-20,US Dollar,USDGHS,5.7071,5.7129,5.71
28-Oct-20,US Dollar,USDGHS,5.7061,5.7119,5.709
27-Oct-20,US Dollar,USDGHS,5.7061,5.7119,5.709
26-Oct-20,US Dollar,USDGHS,5.7046,5.7104,5.7075
23-Oct-20,US Dollar,USDGHS,5.7047,5.7105,5.7076
22-Oct-20,US Dollar,USDGHS,5.7047,5.7105,5.7076
21-Oct-20,US Dollar,USDGHS,5.7037,5.7095,5.7066
20-Oct-20,US Dollar,USDGHS,5.7037,5.7095,5.7066
19-Oct-20,US Dollar,USDGHS,5.7027,5.7085,5.7056
16-Oct-20,US Dollar,USDGHS,5.7027,5.7085,5.7056
15-Oct-20,US Dollar,USDGHS,5.7007,5.7065,5.7036
14-Oct-20,US Dollar,USDGHS,5.7007,5.7065,5.7036
13-Oct-20,US Dollar,USDGHS,5.7008,5.7066,5.7037
12-Oct-20,US Dollar,USDGHS,5.7003,5.7061,5.7032
9-Oct-20,US Dollar,USDGHS,5.7003,5.7061,5.7032
8-Oct-20,US Dollar,USDGHS,5.7003,5.7061,5.7032
7-Oct-20,US Dollar,USDGHS,5.6998,5.7056,5.7027
6-Oct-20,US Dollar,USDGHS,5.6998,5.7056,5.7027
5-Oct-20,US Dollar,USDGHS,5.7,5.7058,5.7029
2-Oct-20,US Dollar,USDGHS,5.7,5.7058,5.7029
1-Oct-20,US Dollar,USDGHS,5.6998,5.7056,5.7027
30-Sep-20,US Dollar,USDGHS,5.6998,5.7056,5.7027
29-Sep-20,US Dollar,USDGHS,5.7,5.7058,5.7029
28-Sep-20,US Dollar,USDGHS,5.699,5.7048,5.7019
25-Sep-20,US Dollar,USDGHS,5.6991,5.7049,5.702
24-Sep-20,US Dollar,USDGHS,5.6981,5.7039,5.701
23-Sep-20,US Dollar,USDGHS,5.6981,5.7039,5.701
22-Sep-20,US Dollar,USDGHS,5.6972,5.7029,5.7
18-Sep-20,US Dollar,USDGHS,5.6972,5.7029,5.7
17-Sep-20,US Dollar,USDGHS,5.6967,5.7023,5.6995
16-Sep-20,US Dollar,USDGHS,5.6967,5.7023,5.6995
15-Sep-20,US Dollar,USDGHS,5.6972,5.7029,5.7
14-Sep-20,US Dollar,USDGHS,5.6972,5.7029,5.7
11-Sep-20,US Dollar,USDGHS,5.6939,5.6995,5.6967
10-Sep-20,US Dollar,USDGHS,5.6941,5.6997,5.6969
9-Sep-20,US Dollar,USDGHS,5.6911,5.6967,5.6939
8-Sep-20,US Dollar,USDGHS,5.6911,5.6967,5.6939
7-Sep-20,US Dollar,USDGHS,5.6913,5.6969,5.6941
4-Sep-20,US Dollar,USDGHS,5.6913,5.6969,5.6941
3-Sep-20,US Dollar,USDGHS,5.685,5.6906,5.6878
2-Sep-20,US Dollar,USDGHS,5.683,5.6886,5.6858
1-Sep-20,US Dollar,USDGHS,5.683,5.6886,5.6858
31-Aug-20,US Dollar,USDGHS,5.682,5.6876,5.6848
28-Aug-20,US Dollar,USDGHS,5.682,5.6876,5.6848
27-Aug-20,US Dollar,USDGHS,5.6801,5.6857,5.6829
26-Aug-20,US Dollar,USDGHS,5.6801,5.6857,5.6829
25-Aug-20,US Dollar,USDGHS,5.6806,5.6862,5.6834
24-Aug-20,US Dollar,USDGHS,5.6806,5.6862,5.6834
21-Aug-20,US Dollar,USDGHS,5.6803,5.6859,5.6831
20-Aug-20,US Dollar,USDGHS,5.6803,5.6859,5.6831
19-Aug-20,US Dollar,USDGHS,5.6793,5.6849,5.6821
18-Aug-20,US Dollar,USDGHS,5.6793,5.6849,5.6821
17-Aug-20,US Dollar,USDGHS,5.6781,5.6837,5.6809
14-Aug-20,US Dollar,USDGHS,5.6778,5.6834,5.6806
13-Aug-20,US Dollar,USDGHS,5.6778,5.6834,5.6806
12-Aug-20,US Dollar,USDGHS,5.6778,5.6834,5.6806
11-Aug-20,US Dollar,USDGHS,5.6768,5.6824,5.6796
10-Aug-20,US Dollar,USDGHS,5.6768,5.6824,5.6796
7-Aug-20,US Dollar,USDGHS,5.6769,5.6825,5.6797
6-Aug-20,US Dollar,USDGHS,5.6759,5.6815,5.6787
5-Aug-20,US Dollar,USDGHS,5.6759,5.6815,5.6787
3-Aug-20,US Dollar,USDGHS,5.6759,5.6815,5.6787
30-Jul-20,US Dollar,USDGHS,5.6754,5.681,5.6782
29-Jul-20,US Dollar,USDGHS,5.6755,5.6811,5.6783
28-Jul-20,US Dollar,USDGHS,5.675,5.6806,5.6778
27-Jul-20,US Dollar,USDGHS,5.6751,5.6807,5.6779
24-Jul-20,US Dollar,USDGHS,5.6751,5.6807,5.6779
23-Jul-20,US Dollar,USDGHS,5.6736,5.6792,5.6764
22-Jul-20,US Dollar,USDGHS,5.6716,5.6772,5.6744
21-Jul-20,US Dollar,USDGHS,5.6706,5.6762,5.6734
20-Jul-20,US Dollar,USDGHS,5.6686,5.6742,5.6714
17-Jul-20,US Dollar,USDGHS,5.6681,5.6737,5.6709
16-Jul-20,US Dollar,USDGHS,5.6682,5.6738,5.671
15-Jul-20,US Dollar,USDGHS,5.6682,5.6738,5.671
14-Jul-20,US Dollar,USDGHS,5.6687,5.6743,5.6715
13-Jul-20,US Dollar,USDGHS,5.669,5.6746,5.6718
10-Jul-20,US Dollar,USDGHS,5.6692,5.6748,5.672
9-Jul-20,US Dollar,USDGHS,5.6672,5.6728,5.67
8-Jul-20,US Dollar,USDGHS,5.6672,5.6728,5.67
7-Jul-20,US Dollar,USDGHS,5.6651,5.6707,5.6679
6-Jul-20,US Dollar,USDGHS,5.6652,5.6708,5.668
3-Jul-20,US Dollar,USDGHS,5.6654,5.671,5.6682
2-Jul-20,US Dollar,USDGHS,5.6654,5.671,5.6682
1-Jul-20,US Dollar,USDGHS,5.6644,5.67,5.6672
30-Jun-20,US Dollar,USDGHS,5.6646,5.6702,5.6674
29-Jun-20,US Dollar,USDGHS,5.6646,5.6702,5.6674
26-Jun-20,US Dollar,USDGHS,5.6651,5.6707,5.6679
25-Jun-20,US Dollar,USDGHS,5.6549,5.6605,5.6577
24-Jun-20,US Dollar,USDGHS,5.6501,5.6557,5.6529
23-Jun-20,US Dollar,USDGHS,5.6501,5.6557,5.6529
22-Jun-20,US Dollar,USDGHS,5.6491,5.6547,5.6519
19-Jun-20,US Dollar,USDGHS,5.6493,5.6549,5.6521
18-Jun-20,US Dollar,USDGHS,5.6483,5.6539,5.6511
17-Jun-20,US Dollar,USDGHS,5.6488,5.6544,5.6516
16-Jun-20,US Dollar,USDGHS,5.6491,5.6547,5.6519
15-Jun-20,US Dollar,USDGHS,5.6471,5.6527,5.6499
12-Jun-20,US Dollar,USDGHS,5.6472,5.6528,5.65
11-Jun-20,US Dollar,USDGHS,5.628,5.6336,5.6308
10-Jun-20,US Dollar,USDGHS,5.625,5.6306,5.6278
9-Jun-20,US Dollar,USDGHS,5.625,5.6306,5.6278
8-Jun-20,US Dollar,USDGHS,5.62,5.6256,5.6228
5-Jun-20,US Dollar,USDGHS,5.6202,5.6258,5.623
4-Jun-20,US Dollar,USDGHS,5.6182,5.6238,5.621
3-Jun-20,US Dollar,USDGHS,5.6184,5.624,5.6212
2-Jun-20,US Dollar,USDGHS,5.6174,5.623,5.6202
1-Jun-20,US Dollar,USDGHS,5.6174,5.623,5.6202
29-May-20,US Dollar,USDGHS,5.6175,5.6231,5.6203
28-May-20,US Dollar,USDGHS,5.6165,5.6221,5.6193
27-May-20,US Dollar,USDGHS,5.6155,5.6211,5.6183
26-May-20,US Dollar,USDGHS,5.6125,5.6181,5.6153
22-May-20,US Dollar,USDGHS,5.6125,5.6181,5.6153
21-May-20,US Dollar,USDGHS,5.6125,5.6181,5.6153
20-May-20,US Dollar,USDGHS,5.6127,5.6183,5.6155
19-May-20,US Dollar,USDGHS,5.6127,5.6183,5.6155
18-May-20,US Dollar,USDGHS,5.6129,5.6185,5.6157
15-May-20,US Dollar,USDGHS,5.6099,5.6155,5.6127
14-May-20,US Dollar,USDGHS,5.6101,5.6157,5.6129
13-May-20,US Dollar,USDGHS,5.6101,5.6157,5.6129
12-May-20,US Dollar,USDGHS,5.6051,5.6107,5.6079
11-May-20,US Dollar,USDGHS,5.6021,5.6077,5.6049
8-May-20,US Dollar,USDGHS,5.6001,5.6057,5.6029
7-May-20,US Dollar,USDGHS,5.5982,5.6038,5.601
6-May-20,US Dollar,USDGHS,5.5972,5.6028,5.6
5-May-20,US Dollar,USDGHS,5.5972,5.6028,5.6
4-May-20,US Dollar,USDGHS,5.5982,5.6038,5.601
30-Apr-20,US Dollar,USDGHS,5.5982,5.6038,5.601
29-Apr-20,US Dollar,USDGHS,5.5657,5.5713,5.5685
28-Apr-20,US Dollar,USDGHS,5.5553,5.5609,5.5581
27-Apr-20,US Dollar,USDGHS,5.5451,5.5507,5.5479
24-Apr-20,US Dollar,USDGHS,5.5421,5.5477,5.5449
23-Apr-20,US Dollar,USDGHS,5.5219,5.5275,5.5247
22-Apr-20,US Dollar,USDGHS,5.5219,5.5275,5.5247
21-Apr-20,US Dollar,USDGHS,5.512,5.5176,5.5148
20-Apr-20,US Dollar,USDGHS,5.512,5.5176,5.5148
17-Apr-20,US Dollar,USDGHS,5.5072,5.5128,5.51
16-Apr-20,US Dollar,USDGHS,5.5072,5.5128,5.51
15-Apr-20,US Dollar,USDGHS,5.5075,5.5131,5.5103
14-Apr-20,US Dollar,USDGHS,5.5077,5.5133,5.5105
9-Apr-20,US Dollar,USDGHS,5.5027,5.5083,5.5055
8-Apr-20,US Dollar,USDGHS,5.4997,5.5053,5.5025
7-Apr-20,US Dollar,USDGHS,5.4977,5.5033,5.5005
6-Apr-20,US Dollar,USDGHS,5.4979,5.5035,5.5007
3-Apr-20,US Dollar,USDGHS,5.4583,5.4637,5.461
2-Apr-20,US Dollar,USDGHS,5.4473,5.4527,5.45
1-Apr-20,US Dollar,USDGHS,5.4396,5.445,5.4423
31-Mar-20,US Dollar,USDGHS,5.4396,5.445,5.4423
30-Mar-20,US Dollar,USDGHS,5.4347,5.4401,5.4374
27-Mar-20,US Dollar,USDGHS,5.435,5.4404,5.4377
26-Mar-20,US Dollar,USDGHS,5.4352,5.4406,5.4379
25-Mar-20,US Dollar,USDGHS,5.4334,5.4388,5.4361
24-Mar-20,US Dollar,USDGHS,5.3936,5.399,5.3963
23-Mar-20,US Dollar,USDGHS,5.3686,5.374,5.3713
20-Mar-20,US Dollar,USDGHS,5.3576,5.363,5.3603
19-Mar-20,US Dollar,USDGHS,5.3473,5.3527,5.35
18-Mar-20,US Dollar,USDGHS,5.3453,5.3507,5.348
17-Mar-20,US Dollar,USDGHS,5.3454,5.3508,5.3481
16-Mar-20,US Dollar,USDGHS,5.3349,5.3403,5.3376
13-Mar-20,US Dollar,USDGHS,5.3251,5.3305,5.3278
12-Mar-20,US Dollar,USDGHS,5.3251,5.3305,5.3278
11-Mar-20,US Dollar,USDGHS,5.3153,5.3207,5.318
10-Mar-20,US Dollar,USDGHS,5.3101,5.3155,5.3128
9-Mar-20,US Dollar,USDGHS,5.3003,5.3057,5.303
5-Mar-20,US Dollar,USDGHS,5.2974,5.3027,5.3
4-Mar-20,US Dollar,USDGHS,5.2974,5.3027,5.3
3-Mar-20,US Dollar,USDGHS,5.2948,5.3,5.2974
2-Mar-20,US Dollar,USDGHS,5.2938,5.299,5.2964
28-Feb-20,US Dollar,USDGHS,5.2923,5.2975,5.2949
27-Feb-20,US Dollar,USDGHS,5.2918,5.297,5.2944
26-Feb-20,US Dollar,USDGHS,5.2918,5.297,5.2944
25-Feb-20,US Dollar,USDGHS,5.2843,5.2895,5.2869
24-Feb-20,US Dollar,USDGHS,5.2793,5.2845,5.2819
21-Feb-20,US Dollar,USDGHS,5.2803,5.2855,5.2829
20-Feb-20,US Dollar,USDGHS,5.2803,5.2855,5.2829
19-Feb-20,US Dollar,USDGHS,5.2853,5.2905,5.2879
18-Feb-20,US Dollar,USDGHS,5.285,5.2902,5.2876
17-Feb-20,US Dollar,USDGHS,5.285,5.2902,5.2876
14-Feb-20,US Dollar,USDGHS,5.295,5.3002,5.2976
13-Feb-20,US Dollar,USDGHS,5.297,5.3022,5.2996
12-Feb-20,US Dollar,USDGHS,5.3269,5.3323,5.3296
11-Feb-20,US Dollar,USDGHS,5.3569,5.3623,5.3596
10-Feb-20,US Dollar,USDGHS,5.3574,5.3628,5.3601
7-Feb-20,US Dollar,USDGHS,5.3581,5.3635,5.3608
6-Feb-20,US Dollar,USDGHS,5.3583,5.3637,5.361
5-Feb-20,US Dollar,USDGHS,5.3583,5.3637,5.361
4-Feb-20,US Dollar,USDGHS,5.3633,5.3687,5.366
3-Feb-20,US Dollar,USDGHS,5.409,5.4144,5.4117
31-Jan-20,US Dollar,USDGHS,5.4645,5.4699,5.4672
30-Jan-20,US Dollar,USDGHS,5.496,5.5014,5.4987
29-Jan-20,US Dollar,USDGHS,5.5159,5.5215,5.5187
28-Jan-20,US Dollar,USDGHS,5.5159,5.5215,5.5187
27-Jan-20,US Dollar,USDGHS,5.5189,5.5245,5.5217
24-Jan-20,US Dollar,USDGHS,5.5239,5.5295,5.5267
23-Jan-20,US Dollar,USDGHS,5.5289,5.5345,5.5317
22-Jan-20,US Dollar,USDGHS,5.5309,5.5365,5.5337
21-Jan-20,US Dollar,USDGHS,5.5319,5.5375,5.5347
20-Jan-20,US Dollar,USDGHS,5.5314,5.537,5.5342
17-Jan-20,US Dollar,USDGHS,5.5314,5.537,5.5342
16-Jan-20,US Dollar,USDGHS,5.5334,5.539,5.5362
15-Jan-20,US Dollar,USDGHS,5.5341,5.5397,5.5369
14-Jan-20,US Dollar,USDGHS,5.5338,5.5394,5.5366
13-Jan-20,US Dollar,USDGHS,5.534,5.5396,5.5368
10-Jan-20,US Dollar,USDGHS,5.5335,5.5391,5.5363
9-Jan-20,US Dollar,USDGHS,5.5335,5.5391,5.5363
8-Jan-20,US Dollar,USDGHS,5.5337,5.5393,5.5365
6-Jan-20,US Dollar,USDGHS,5.5312,5.5368,5.534
3-Jan-20,US Dollar,USDGHS,5.5314,5.537,5.5342
2-Jan-20,US Dollar,USDGHS,5.5314,5.537,5.5342
31-Dec-19,US Dollar,USDGHS,5.5309,5.5365,5.5337
30-Dec-19,US Dollar,USDGHS,5.535,5.5406,5.5378
27-Dec-19,US Dollar,USDGHS,5.536,5.5416,5.5388
24-Dec-19,US Dollar,USDGHS,5.5365,5.5421,5.5393
23-Dec-19,US Dollar,USDGHS,5.5368,5.5424,5.5396
20-Dec-19,US Dollar,USDGHS,5.5368,5.5424,5.5396
19-Dec-19,US Dollar,USDGHS,5.5373,5.5429,5.5401
18-Dec-19,US Dollar,USDGHS,5.5375,5.5431,5.5403
17-Dec-19,US Dollar,USDGHS,5.5375,5.5431,5.5403
16-Dec-19,US Dollar,USDGHS,5.5377,5.5433,5.5405
13-Dec-19,US Dollar,USDGHS,5.5357,5.5413,5.5385
12-Dec-19,US Dollar,USDGHS,5.5359,5.5415,5.5387
11-Dec-19,US Dollar,USDGHS,5.5359,5.5415,5.5387
10-Dec-19,US Dollar,USDGHS,5.5339,5.5395,5.5367
9-Dec-19,US Dollar,USDGHS,5.5341,5.5397,5.5369
5-Dec-19,US Dollar,USDGHS,5.5341,5.5397,5.5369
4-Dec-19,US Dollar,USDGHS,5.5341,5.5397,5.5369
3-Dec-19,US Dollar,USDGHS,5.5341,5.5397,5.5369
2-Dec-19,US Dollar,USDGHS,5.5226,5.5282,5.5254
29-Nov-19,US Dollar,USDGHS,5.5226,5.5282,5.5254
28-Nov-19,US Dollar,USDGHS,5.4983,5.5039,5.5011
27-Nov-19,US Dollar,USDGHS,5.4983,5.5039,5.5011
26-Nov-19,US Dollar,USDGHS,5.4983,5.5039,5.5011
25-Nov-19,US Dollar,USDGHS,5.3747,5.3801,5.3774
22-Nov-19,US Dollar,USDGHS,5.3749,5.3803,5.3776
21-Nov-19,US Dollar,USDGHS,5.3749,5.3803,5.3776
20-Nov-19,US Dollar,USDGHS,5.3646,5.37,5.3673
19-Nov-19,US Dollar,USDGHS,5.3621,5.3675,5.3648
18-Nov-19,US Dollar,USDGHS,5.3606,5.366,5.3633
15-Nov-19,US Dollar,USDGHS,5.3581,5.3635,5.3608
14-Nov-19,US Dollar,USDGHS,5.3581,5.3635,5.3608
13-Nov-19,US Dollar,USDGHS,5.3566,5.362,5.3593
12-Nov-19,US Dollar,USDGHS,5.3569,5.3623,5.3596
11-Nov-19,US Dollar,USDGHS,5.3571,5.3625,5.3598
8-Nov-19,US Dollar,USDGHS,5.3571,5.3625,5.3598
7-Nov-19,US Dollar,USDGHS,5.3571,5.3625,5.3598
6-Nov-19,US Dollar,USDGHS,5.3571,5.3625,5.3598
5-Nov-19,US Dollar,USDGHS,5.3473,5.3527,5.35
4-Nov-19,US Dollar,USDGHS,5.3395,5.3449,5.3422
1-Nov-19,US Dollar,USDGHS,5.3345,5.3399,5.3372
31-Oct-19,US Dollar,USDGHS,5.3345,5.3399,5.3372
30-Oct-19,US Dollar,USDGHS,5.3345,5.3399,5.3372
29-Oct-19,US Dollar,USDGHS,5.3297,5.3351,5.3324
28-Oct-19,US Dollar,USDGHS,5.3295,5.3349,5.3322
25-Oct-19,US Dollar,USDGHS,5.3295,5.3349,5.3322
24-Oct-19,US Dollar,USDGHS,5.3245,5.3299,5.3272
23-Oct-19,US Dollar,USDGHS,5.3248,5.3302,5.3275
22-Oct-19,US Dollar,USDGHS,5.3198,5.3252,5.3225
21-Oct-19,US Dollar,USDGHS,5.3188,5.3242,5.3215
18-Oct-19,US Dollar,USDGHS,5.3188,5.3242,5.3215
17-Oct-19,US Dollar,USDGHS,5.3178,5.3232,5.3205
16-Oct-19,US Dollar,USDGHS,5.3183,5.3237,5.321
15-Oct-19,US Dollar,USDGHS,5.3193,5.3247,5.322
14-Oct-19,US Dollar,USDGHS,5.3193,5.3247,5.322
11-Oct-19,US Dollar,USDGHS,5.3191,5.3245,5.3218
10-Oct-19,US Dollar,USDGHS,5.3171,5.3225,5.3198
9-Oct-19,US Dollar,USDGHS,5.3173,5.3227,5.32
8-Oct-19,US Dollar,USDGHS,5.3175,5.3229,5.3202
7-Oct-19,US Dollar,USDGHS,5.3174,5.3228,5.3201
4-Oct-19,US Dollar,USDGHS,5.3126,5.318,5.3153
3-Oct-19,US Dollar,USDGHS,5.3126,5.318,5.3153
2-Oct-19,US Dollar,USDGHS,5.3129,5.3183,5.3156
1-Oct-19,US Dollar,USDGHS,5.3129,5.3183,5.3156
30-Sep-19,US Dollar,USDGHS,5.3134,5.3188,5.3161
27-Sep-19,US Dollar,USDGHS,5.3134,5.3188,5.3161
26-Sep-19,US Dollar,USDGHS,5.3137,5.3191,5.3164
25-Sep-19,US Dollar,USDGHS,5.3139,5.3193,5.3166
24-Sep-19,US Dollar,USDGHS,5.3141,5.3195,5.3168
20-Sep-19,US Dollar,USDGHS,5.3142,5.3196,5.3169
19-Sep-19,US Dollar,USDGHS,5.3093,5.3147,5.312
18-Sep-19,US Dollar,USDGHS,5.3068,5.3122,5.3095
17-Sep-19,US Dollar,USDGHS,5.3068,5.3122,5.3095
16-Sep-19,US Dollar,USDGHS,5.3043,5.3097,5.307
13-Sep-19,US Dollar,USDGHS,5.3043,5.3097,5.307
12-Sep-19,US Dollar,USDGHS,5.3043,5.3097,5.307
11-Sep-19,US Dollar,USDGHS,5.3013,5.3067,5.304
10-Sep-19,US Dollar,USDGHS,5.3013,5.3067,5.304
9-Sep-19,US Dollar,USDGHS,5.3003,5.3057,5.303
6-Sep-19,US Dollar,USDGHS,5.3003,5.3057,5.303
5-Sep-19,US Dollar,USDGHS,5.2974,5.3027,5.3001
4-Sep-19,US Dollar,USDGHS,5.2974,5.3027,5.3001
3-Sep-19,US Dollar,USDGHS,5.2846,5.2898,5.2872
2-Sep-19,US Dollar,USDGHS,5.2788,5.284,5.2814
30-Aug-19,US Dollar,USDGHS,5.2788,5.284,5.2814
29-Aug-19,US Dollar,USDGHS,5.2788,5.284,5.2814
28-Aug-19,US Dollar,USDGHS,5.2778,5.283,5.2804
27-Aug-19,US Dollar,USDGHS,5.2778,5.283,5.2804
26-Aug-19,US Dollar,USDGHS,5.2763,5.2815,5.2789
23-Aug-19,US Dollar,USDGHS,5.2748,5.28,5.2774
22-Aug-19,US Dollar,USDGHS,5.2738,5.279,5.2764
21-Aug-19,US Dollar,USDGHS,5.2724,5.2776,5.275
20-Aug-19,US Dollar,USDGHS,5.2724,5.2776,5.275
19-Aug-19,US Dollar,USDGHS,5.2724,5.2776,5.275
16-Aug-19,US Dollar,USDGHS,5.2674,5.2726,5.27
15-Aug-19,US Dollar,USDGHS,5.264,5.2692,5.2666
14-Aug-19,US Dollar,USDGHS,5.2614,5.2666,5.264
13-Aug-19,US Dollar,USDGHS,5.2614,5.2666,5.264
9-Aug-19,US Dollar,USDGHS,5.2589,5.2641,5.2615
8-Aug-19,US Dollar,USDGHS,5.2813,5.2865,5.2839
7-Aug-19,US Dollar,USDGHS,5.2578,5.263,5.2604
6-Aug-19,US Dollar,USDGHS,5.2554,5.2606,5.258
2-Aug-19,US Dollar,USDGHS,5.254,5.2592,5.2566
1-Aug-19,US Dollar,USDGHS,5.2545,5.2597,5.2571
31-Jul-19,US Dollar,USDGHS,5.2544,5.2596,5.257
30-Jul-19,US Dollar,USDGHS,5.2544,5.2596,5.257
29-Jul-19,US Dollar,USDGHS,5.2525,5.2577,5.2551
26-Jul-19,US Dollar,USDGHS,5.252,5.2572,5.2546
25-Jul-19,US Dollar,USDGHS,5.2529,5.2581,5.2555
24-Jul-19,US Dollar,USDGHS,5.2534,5.2586,5.256
23-Jul-19,US Dollar,USDGHS,5.2539,5.2591,5.2565
22-Jul-19,US Dollar,USDGHS,5.2539,5.2591,5.2565
19-Jul-19,US Dollar,USDGHS,5.2524,5.2576,5.255
18-Jul-19,US Dollar,USDGHS,5.2504,5.2556,5.253
17-Jul-19,US Dollar,USDGHS,5.2494,5.2546,5.252
16-Jul-19,US Dollar,USDGHS,5.2489,5.2541,5.2515
15-Jul-19,US Dollar,USDGHS,5.2499,5.2551,5.2525
12-Jul-19,US Dollar,USDGHS,5.2518,5.2571,5.2545
11-Jul-19,US Dollar,USDGHS,5.2548,5.26,5.2574
10-Jul-19,US Dollar,USDGHS,5.2554,5.2606,5.258
9-Jul-19,US Dollar,USDGHS,5.2559,5.2611,5.2585
8-Jul-19,US Dollar,USDGHS,5.2559,5.2611,5.2585
5-Jul-19,US Dollar,USDGHS,5.2569,5.2621,5.2595
4-Jul-19,US Dollar,USDGHS,5.2549,5.2601,5.2575
3-Jul-19,US Dollar,USDGHS,5.2549,5.2601,5.2575
2-Jul-19,US Dollar,USDGHS,5.2549,5.2601,5.2575
1-Jul-19,US Dollar,USDGHS,5.2554,5.2606,5.258
28-Jun-19,US Dollar,USDGHS,5.2564,5.2616,5.259
27-Jun-19,US Dollar,USDGHS,5.2564,5.2616,5.259
26-Jun-19,US Dollar,USDGHS,5.2574,5.2626,5.26
25-Jun-19,US Dollar,USDGHS,5.2544,5.2596,5.257
24-Jun-19,US Dollar,USDGHS,5.2496,5.2548,5.2522
21-Jun-19,US Dollar,USDGHS,5.2496,5.2548,5.2522
20-Jun-19,US Dollar,USDGHS,5.2476,5.2528,5.2502
19-Jun-19,US Dollar,USDGHS,5.2471,5.2523,5.2497
18-Jun-19,US Dollar,USDGHS,5.2471,5.2523,5.2497
17-Jun-19,US Dollar,USDGHS,5.2473,5.2525,5.2499
14-Jun-19,US Dollar,USDGHS,5.2375,5.2427,5.2401
13-Jun-19,US Dollar,USDGHS,5.2328,5.238,5.2354
12-Jun-19,US Dollar,USDGHS,5.2278,5.233,5.2304
11-Jun-19,US Dollar,USDGHS,5.2278,5.233,5.2304
10-Jun-19,US Dollar,USDGHS,5.2228,5.228,5.2254
7-Jun-19,US Dollar,USDGHS,5.2233,5.2285,5.2259
6-Jun-19,US Dollar,USDGHS,5.2233,5.2285,5.2259
4-Jun-19,US Dollar,USDGHS,5.2083,5.2135,5.2109
3-Jun-19,US Dollar,USDGHS,5.1983,5.2035,5.2009
31-May-19,US Dollar,USDGHS,5.1985,5.2037,5.2011
30-May-19,US Dollar,USDGHS,5.1477,5.1529,5.1503
29-May-19,US Dollar,USDGHS,5.1275,5.1327,5.1301
28-May-19,US Dollar,USDGHS,5.1275,5.1327,5.1301
27-May-19,US Dollar,USDGHS,5.1125,5.1177,5.1151
24-May-19,US Dollar,USDGHS,5.1125,5.1177,5.1151
23-May-19,US Dollar,USDGHS,5.1115,5.1165,5.114
22-May-19,US Dollar,USDGHS,5.1044,5.1096,5.107
21-May-19,US Dollar,USDGHS,5.1005,5.1055,5.103
20-May-19,US Dollar,USDGHS,5.1009,5.1061,5.1035
17-May-19,US Dollar,USDGHS,5.0959,5.101,5.0985
16-May-19,US Dollar,USDGHS,5.095,5.1,5.0975
15-May-19,US Dollar,USDGHS,5.093,5.098,5.0955
14-May-19,US Dollar,USDGHS,5.0915,5.0965,5.094
13-May-19,US Dollar,USDGHS,5.0917,5.0967,5.0942
10-May-19,US Dollar,USDGHS,5.0897,5.0947,5.0922
9-May-19,US Dollar,USDGHS,5.0887,5.0937,5.0912
8-May-19,US Dollar,USDGHS,5.0887,5.0937,5.0912
7-May-19,US Dollar,USDGHS,5.0877,5.0927,5.0902
6-May-19,US Dollar,USDGHS,5.0867,5.0917,5.0892
3-May-19,US Dollar,USDGHS,5.0872,5.0922,5.0897
2-May-19,US Dollar,USDGHS,5.0866,5.0916,5.0891
30-Apr-19,US Dollar,USDGHS,5.0856,5.0906,5.0881
29-Apr-19,US Dollar,USDGHS,5.0856,5.0906,5.0881
26-Apr-19,US Dollar,USDGHS,5.0854,5.0904,5.0879
25-Apr-19,US Dollar,USDGHS,5.0854,5.0904,5.0879
24-Apr-19,US Dollar,USDGHS,5.0852,5.0902,5.0877
23-Apr-19,US Dollar,USDGHS,5.0853,5.0903,5.0878
18-Apr-19,US Dollar,USDGHS,5.0853,5.0903,5.0878
17-Apr-19,US Dollar,USDGHS,5.0833,5.0883,5.0858
16-Apr-19,US Dollar,USDGHS,5.0835,5.0885,5.086
15-Apr-19,US Dollar,USDGHS,5.0835,5.0885,5.086
12-Apr-19,US Dollar,USDGHS,5.0837,5.0887,5.0862
11-Apr-19,US Dollar,USDGHS,5.0837,5.0887,5.0862
10-Apr-19,US Dollar,USDGHS,5.0827,5.0877,5.0852
9-Apr-19,US Dollar,USDGHS,5.0825,5.0875,5.085
8-Apr-19,US Dollar,USDGHS,5.0825,5.0875,5.085
5-Apr-19,US Dollar,USDGHS,5.0827,5.0877,5.0852
4-Apr-19,US Dollar,USDGHS,5.0829,5.0879,5.0854
3-Apr-19,US Dollar,USDGHS,5.0832,5.0882,5.0857
2-Apr-19,US Dollar,USDGHS,5.0832,5.0882,5.0857
1-Apr-19,US Dollar,USDGHS,5.0834,5.0884,5.0859
29-Mar-19,US Dollar,USDGHS,5.0809,5.0859,5.0834
28-Mar-19,US Dollar,USDGHS,5.0798,5.085,5.0824
27-Mar-19,US Dollar,USDGHS,5.0798,5.085,5.0824
26-Mar-19,US Dollar,USDGHS,5.078,5.083,5.0805
25-Mar-19,US Dollar,USDGHS,5.078,5.083,5.0805
22-Mar-19,US Dollar,USDGHS,5.0778,5.0829,5.0804
21-Mar-19,US Dollar,USDGHS,5.1565,5.1617,5.1591
20-Mar-19,US Dollar,USDGHS,5.2373,5.2426,5.24
19-Mar-19,US Dollar,USDGHS,5.2373,5.2426,5.24
18-Mar-19,US Dollar,USDGHS,5.2374,5.2426,5.24
15-Mar-19,US Dollar,USDGHS,5.2374,5.2426,5.24
14-Mar-19,US Dollar,USDGHS,5.2374,5.2426,5.24
13-Mar-19,US Dollar,USDGHS,5.2374,5.2426,5.24
12-Mar-19,US Dollar,USDGHS,5.2374,5.2426,5.24
11-Mar-19,US Dollar,USDGHS,5.2326,5.2378,5.2352
8-Mar-19,US Dollar,USDGHS,5.2176,5.2228,5.2202
7-Mar-19,US Dollar,USDGHS,5.2076,5.2128,5.2102
5-Mar-19,US Dollar,USDGHS,5.1976,5.2028,5.2002
4-Mar-19,US Dollar,USDGHS,5.1976,5.2028,5.2002
1-Mar-19,US Dollar,USDGHS,5.1976,5.2028,5.2002
28-Feb-19,US Dollar,USDGHS,5.1726,5.1778,5.1752
27-Feb-19,US Dollar,USDGHS,5.1525,5.1577,5.1551
26-Feb-19,US Dollar,USDGHS,5.0976,5.1027,5.1002
25-Feb-19,US Dollar,USDGHS,5.0302,5.0352,5.0327
22-Feb-19,US Dollar,USDGHS,5.0202,5.0252,5.0227
21-Feb-19,US Dollar,USDGHS,5.0142,5.0192,5.0167
20-Feb-19,US Dollar,USDGHS,5.0092,5.0142,5.0117
19-Feb-19,US Dollar,USDGHS,5.0042,5.0092,5.0067
18-Feb-19,US Dollar,USDGHS,4.9992,5.0042,5.0017
15-Feb-19,US Dollar,USDGHS,4.9992,5.0042,5.0017
14-Feb-19,US Dollar,USDGHS,4.999,5.004,5.0015
13-Feb-19,US Dollar,USDGHS,4.9991,5.0041,5.0016
12-Feb-19,US Dollar,USDGHS,4.9981,5.0031,5.0006
11-Feb-19,US Dollar,USDGHS,4.9978,5.0028,5.0003
8-Feb-19,US Dollar,USDGHS,4.9977,5.0027,5.0002
7-Feb-19,US Dollar,USDGHS,4.9677,4.9727,4.9702
6-Feb-19,US Dollar,USDGHS,4.9575,4.9625,4.96
5-Feb-19,US Dollar,USDGHS,4.9576,4.9626,4.9601
4-Feb-19,US Dollar,USDGHS,4.9502,4.955,4.9526
1-Feb-19,US Dollar,USDGHS,4.9502,4.955,4.9526
31-Jan-19,US Dollar,USDGHS,4.9482,4.953,4.9506
30-Jan-19,US Dollar,USDGHS,4.946,4.9509,4.9485
29-Jan-19,US Dollar,USDGHS,4.9402,4.9452,4.9427
28-Jan-19,US Dollar,USDGHS,4.9405,4.9454,4.943
25-Jan-19,US Dollar,USDGHS,4.938,4.9429,4.9405
24-Jan-19,US Dollar,USDGHS,4.9355,4.9403,4.9379
23-Jan-19,US Dollar,USDGHS,4.9279,4.9329,4.9304
22-Jan-19,US Dollar,USDGHS,4.9179,4.9228,4.9204
21-Jan-19,US Dollar,USDGHS,4.9078,4.9126,4.9102
18-Jan-19,US Dollar,USDGHS,4.9077,4.9126,4.9102
17-Jan-19,US Dollar,USDGHS,4.9026,4.9076,4.9051
16-Jan-19,US Dollar,USDGHS,4.8978,4.9027,4.9003
15-Jan-19,US Dollar,USDGHS,4.8877,4.8925,4.8901
14-Jan-19,US Dollar,USDGHS,4.8727,4.8775,4.8751
11-Jan-19,US Dollar,USDGHS,4.8625,4.8675,4.865
10-Jan-19,US Dollar,USDGHS,4.8475,4.8524,4.85
9-Jan-19,US Dollar,USDGHS,4.8401,4.8449,4.8425
8-Jan-19,US Dollar,USDGHS,4.8341,4.8389,4.8365
4-Jan-19,US Dollar,USDGHS,4.831,4.8358,4.8334
3-Jan-19,US Dollar,USDGHS,4.828,4.8328,4.8304
2-Jan-19,US Dollar,USDGHS,4.8243,4.8291,4.8267
31-Dec-18,US Dollar,USDGHS,4.8176,4.8224,4.82
28-Dec-18,US Dollar,USDGHS,4.8176,4.8224,4.82
27-Dec-18,US Dollar,USDGHS,4.8166,4.8214,4.819
24-Dec-18,US Dollar,USDGHS,4.8166,4.8214,4.819
21-Dec-18,US Dollar,USDGHS,4.8159,4.8207,4.8183
20-Dec-18,US Dollar,USDGHS,4.8159,4.8207,4.8183
19-Dec-18,US Dollar,USDGHS,4.8154,4.8202,4.8178
18-Dec-18,US Dollar,USDGHS,4.8138,4.8186,4.8162
17-Dec-18,US Dollar,USDGHS,4.8118,4.8166,4.8142
14-Dec-18,US Dollar,USDGHS,4.8118,4.8166,4.8142
13-Dec-18,US Dollar,USDGHS,4.8115,4.8163,4.8139
12-Dec-18,US Dollar,USDGHS,4.8116,4.8164,4.814
11-Dec-18,US Dollar,USDGHS,4.8116,4.8164,4.814
10-Dec-18,US Dollar,USDGHS,4.8096,4.8144,4.812
6-Dec-18,US Dollar,USDGHS,4.8071,4.8119,4.8095
5-Dec-18,US Dollar,USDGHS,4.8056,4.8104,4.808
4-Dec-18,US Dollar,USDGHS,4.8056,4.8104,4.808
3-Dec-18,US Dollar,USDGHS,4.8056,4.8104,4.808
30-Nov-18,US Dollar,USDGHS,4.8036,4.8084,4.806
29-Nov-18,US Dollar,USDGHS,4.7976,4.8024,4.8
28-Nov-18,US Dollar,USDGHS,4.7921,4.7969,4.7945
27-Nov-18,US Dollar,USDGHS,4.7891,4.7939,4.7915
26-Nov-18,US Dollar,USDGHS,4.7891,4.7939,4.7915
23-Nov-18,US Dollar,USDGHS,4.7893,4.7941,4.7917
22-Nov-18,US Dollar,USDGHS,4.7878,4.7926,4.7902
21-Nov-18,US Dollar,USDGHS,4.7878,4.7926,4.7902
20-Nov-18,US Dollar,USDGHS,4.7876,4.7924,4.79
19-Nov-18,US Dollar,USDGHS,4.7868,4.7916,4.7892
16-Nov-18,US Dollar,USDGHS,4.787,4.7918,4.7894
15-Nov-18,US Dollar,USDGHS,4.787,4.7918,4.7894
14-Nov-18,US Dollar,USDGHS,4.7865,4.7913,4.7889
13-Nov-18,US Dollar,USDGHS,4.7865,4.7912,4.7889
12-Nov-18,US Dollar,USDGHS,4.7869,4.7917,4.7893
9-Nov-18,US Dollar,USDGHS,4.7869,4.7917,4.7893
8-Nov-18,US Dollar,USDGHS,4.7864,4.791,4.7887
7-Nov-18,US Dollar,USDGHS,4.7868,4.7916,4.7892
6-Nov-18,US Dollar,USDGHS,4.787,4.7918,4.7894
5-Nov-18,US Dollar,USDGHS,4.7866,4.7914,4.789
2-Nov-18,US Dollar,USDGHS,4.7869,4.7917,4.7893
1-Nov-18,US Dollar,USDGHS,4.7869,4.7917,4.7893
31-Oct-18,US Dollar,USDGHS,4.7875,4.7923,4.7899
30-Oct-18,US Dollar,USDGHS,4.7875,4.7923,4.7899
29-Oct-18,US Dollar,USDGHS,4.7875,4.7923,4.7899
26-Oct-18,US Dollar,USDGHS,4.7871,4.7919,4.7895
25-Oct-18,US Dollar,USDGHS,4.7871,4.7919,4.7895
24-Oct-18,US Dollar,USDGHS,4.7879,4.7927,4.7903
23-Oct-18,US Dollar,USDGHS,4.7881,4.7929,4.7905
22-Oct-18,US Dollar,USDGHS,4.7888,4.7936,4.7912
19-Oct-18,US Dollar,USDGHS,4.7896,4.7944,4.792
18-Oct-18,US Dollar,USDGHS,4.7905,4.7953,4.7929
17-Oct-18,US Dollar,USDGHS,4.792,4.7968,4.7944
16-Oct-18,US Dollar,USDGHS,4.793,4.7977,4.7954
15-Oct-18,US Dollar,USDGHS,4.7936,4.7984,4.796
12-Oct-18,US Dollar,USDGHS,4.7938,4.7986,4.7962
11-Oct-18,US Dollar,USDGHS,4.7948,4.7996,4.7972
10-Oct-18,US Dollar,USDGHS,4.7949,4.7996,4.7973
9-Oct-18,US Dollar,USDGHS,4.7939,4.7987,4.7963
8-Oct-18,US Dollar,USDGHS,4.7934,4.7982,4.7958
5-Oct-18,US Dollar,USDGHS,4.7934,4.7982,4.7958
4-Oct-18,US Dollar,USDGHS,4.7925,4.7973,4.7949
3-Oct-18,US Dollar,USDGHS,4.7925,4.7973,4.7949
2-Oct-18,US Dollar,USDGHS,4.7794,4.7842,4.7818
1-Oct-18,US Dollar,USDGHS,4.7775,4.7822,4.7799
28-Sep-18,US Dollar,USDGHS,4.7752,4.78,4.7776
27-Sep-18,US Dollar,USDGHS,4.7702,4.775,4.7726
26-Sep-18,US Dollar,USDGHS,4.7687,4.7735,4.7711
25-Sep-18,US Dollar,USDGHS,4.7664,4.7712,4.7688
24-Sep-18,US Dollar,USDGHS,4.7644,4.7691,4.7668
20-Sep-18,US Dollar,USDGHS,4.7642,4.7689,4.7666
19-Sep-18,US Dollar,USDGHS,4.7631,4.7679,4.7655
18-Sep-18,US Dollar,USDGHS,4.7632,4.768,4.7656
17-Sep-18,US Dollar,USDGHS,4.7582,4.763,4.7606
14-Sep-18,US Dollar,USDGHS,4.7583,4.7631,4.7607
13-Sep-18,US Dollar,USDGHS,4.7572,4.7618,4.7595
12-Sep-18,US Dollar,USDGHS,4.7572,4.7618,4.7595
11-Sep-18,US Dollar,USDGHS,4.7545,4.7593,4.7569
10-Sep-18,US Dollar,USDGHS,4.7522,4.7568,4.7545
7-Sep-18,US Dollar,USDGHS,4.7501,4.7548,4.7525
6-Sep-18,US Dollar,USDGHS,4.7462,4.751,4.7486
5-Sep-18,US Dollar,USDGHS,4.7267,4.7315,4.7291
4-Sep-18,US Dollar,USDGHS,4.7245,4.7292,4.7269
3-Sep-18,US Dollar,USDGHS,4.7217,4.7264,4.7241
31-Aug-18,US Dollar,USDGHS,4.7217,4.7264,4.7241
30-Aug-18,US Dollar,USDGHS,4.7207,4.7253,4.723
29-Aug-18,US Dollar,USDGHS,4.7187,4.7234,4.7211
28-Aug-18,US Dollar,USDGHS,4.7173,4.7219,4.7196
27-Aug-18,US Dollar,USDGHS,4.7158,4.7206,4.7182
24-Aug-18,US Dollar,USDGHS,4.7163,4.7209,4.7186
23-Aug-18,US Dollar,USDGHS,4.7148,4.7194,4.7171
22-Aug-18,US Dollar,USDGHS,4.7142,4.7188,4.7165
20-Aug-18,US Dollar,USDGHS,4.711,4.7158,4.7134
17-Aug-18,US Dollar,USDGHS,4.7116,4.7162,4.7139
16-Aug-18,US Dollar,USDGHS,4.7055,4.7102,4.7079
15-Aug-18,US Dollar,USDGHS,4.7038,4.7084,4.7061
14-Aug-18,US Dollar,USDGHS,4.7019,4.7065,4.7042
13-Aug-18,US Dollar,USDGHS,4.6996,4.7042,4.7019
10-Aug-18,US Dollar,USDGHS,4.6975,4.7022,4.6999
9-Aug-18,US Dollar,USDGHS,4.6968,4.7015,4.6992
8-Aug-18,US Dollar,USDGHS,4.6957,4.7003,4.698
7-Aug-18,US Dollar,USDGHS,4.6957,4.7004,4.6981
6-Aug-18,US Dollar,USDGHS,4.6937,4.6983,4.696
3-Aug-18,US Dollar,USDGHS,4.6939,4.6986,4.6963
2-Aug-18,US Dollar,USDGHS,4.6927,4.6974,4.6951
1-Aug-18,US Dollar,USDGHS,4.692,4.6966,4.6943
31-Jul-18,US Dollar,USDGHS,4.692,4.6966,4.6943
30-Jul-18,US Dollar,USDGHS,4.6923,4.6969,4.6946
27-Jul-18,US Dollar,USDGHS,4.6924,4.697,4.6947
26-Jul-18,US Dollar,USDGHS,4.6924,4.697,4.6947
25-Jul-18,US Dollar,USDGHS,4.6911,4.6957,4.6934
24-Jul-18,US Dollar,USDGHS,4.6902,4.6948,4.6925
23-Jul-18,US Dollar,USDGHS,4.6882,4.6928,4.6905
20-Jul-18,US Dollar,USDGHS,4.6868,4.6915,4.6892
19-Jul-18,US Dollar,USDGHS,4.6847,4.6893,4.687
18-Jul-18,US Dollar,USDGHS,4.6835,4.6882,4.6859
17-Jul-18,US Dollar,USDGHS,4.6841,4.6888,4.6865
16-Jul-18,US Dollar,USDGHS,4.6827,4.6875,4.6851
13-Jul-18,US Dollar,USDGHS,4.6819,4.6865,4.6842
12-Jul-18,US Dollar,USDGHS,4.6809,4.6855,4.6832
11-Jul-18,US Dollar,USDGHS,4.6804,4.685,4.6827
10-Jul-18,US Dollar,USDGHS,4.6025,4.6071,4.6048
9-Jul-18,US Dollar,USDGHS,4.5395,4.5441,4.5418
6-Jul-18,US Dollar,USDGHS,4.5294,4.534,4.5317
5-Jul-18,US Dollar,USDGHS,4.5269,4.5314,4.5292
4-Jul-18,US Dollar,USDGHS,4.5243,4.5287,4.5265
3-Jul-18,US Dollar,USDGHS,4.5243,4.5287,4.5265
29-Jun-18,US Dollar,USDGHS,4.5207,4.5252,4.523
28-Jun-18,US Dollar,USDGHS,4.5174,4.5219,4.5197
27-Jun-18,US Dollar,USDGHS,4.5074,4.5119,4.5097
26-Jun-18,US Dollar,USDGHS,4.5044,4.5089,4.5067
25-Jun-18,US Dollar,USDGHS,4.4759,4.4804,4.4782
22-Jun-18,US Dollar,USDGHS,4.4697,4.4742,4.472
21-Jun-18,US Dollar,USDGHS,4.4653,4.4697,4.4675
20-Jun-18,US Dollar,USDGHS,4.4623,4.4667,4.4645
19-Jun-18,US Dollar,USDGHS,4.4576,4.462,4.4598
18-Jun-18,US Dollar,USDGHS,4.4534,4.458,4.4557
14-Jun-18,US Dollar,USDGHS,4.4512,4.4557,4.4535
13-Jun-18,US Dollar,USDGHS,4.4484,4.4528,4.4506
12-Jun-18,US Dollar,USDGHS,4.4457,4.4501,4.4479
11-Jun-18,US Dollar,USDGHS,4.443,4.4475,4.4453
8-Jun-18,US Dollar,USDGHS,4.4406,4.445,4.4428
7-Jun-18,US Dollar,USDGHS,4.4356,4.44,4.4378
6-Jun-18,US Dollar,USDGHS,4.4317,4.4361,4.4339
5-Jun-18,US Dollar,USDGHS,4.4279,4.4323,4.4301
4-Jun-18,US Dollar,USDGHS,4.4244,4.4288,4.4266
1-Jun-18,US Dollar,USDGHS,4.4228,4.4272,4.425
31-May-18,US Dollar,USDGHS,4.4204,4.4248,4.4226
30-May-18,US Dollar,USDGHS,4.4188,4.4232,4.421
29-May-18,US Dollar,USDGHS,4.4161,4.4205,4.4183
28-May-18,US Dollar,USDGHS,4.4149,4.4193,4.4171
24-May-18,US Dollar,USDGHS,4.4149,4.4193,4.4171
23-May-18,US Dollar,USDGHS,4.4142,4.4187,4.4165
22-May-18,US Dollar,USDGHS,4.4135,4.4179,4.4157
21-May-18,US Dollar,USDGHS,4.4136,4.418,4.4158
18-May-18,US Dollar,USDGHS,4.4128,4.4172,4.415
17-May-18,US Dollar,USDGHS,4.412,4.4164,4.4142
16-May-18,US Dollar,USDGHS,4.412,4.4164,4.4142
15-May-18,US Dollar,USDGHS,4.4116,4.416,4.4138
14-May-18,US Dollar,USDGHS,4.4109,4.4153,4.4131
11-May-18,US Dollar,USDGHS,4.4101,4.4145,4.4123
10-May-18,US Dollar,USDGHS,4.4098,4.4142,4.412
9-May-18,US Dollar,USDGHS,4.4083,4.4128,4.4106
8-May-18,US Dollar,USDGHS,4.4072,4.4116,4.4094
7-May-18,US Dollar,USDGHS,4.4064,4.4108,4.4086
4-May-18,US Dollar,USDGHS,4.4058,4.4103,4.4081
3-May-18,US Dollar,USDGHS,4.4058,4.4103,4.4081
2-May-18,US Dollar,USDGHS,4.4065,4.4109,4.4087
30-Apr-18,US Dollar,USDGHS,4.4056,4.41,4.4078
27-Apr-18,US Dollar,USDGHS,4.4049,4.4093,4.4071
26-Apr-18,US Dollar,USDGHS,4.4044,4.4088,4.4066
25-Apr-18,US Dollar,USDGHS,4.4036,4.408,4.4058
24-Apr-18,US Dollar,USDGHS,4.4035,4.4079,4.4057
23-Apr-18,US Dollar,USDGHS,4.403,4.4074,4.4052
20-Apr-18,US Dollar,USDGHS,4.403,4.4074,4.4052
19-Apr-18,US Dollar,USDGHS,4.402,4.4064,4.4042
18-Apr-18,US Dollar,USDGHS,4.4022,4.4066,4.4044
17-Apr-18,US Dollar,USDGHS,4.4021,4.4065,4.4043
16-Apr-18,US Dollar,USDGHS,4.4021,4.4065,4.4043
13-Apr-18,US Dollar,USDGHS,4.402,4.4064,4.4042
12-Apr-18,US Dollar,USDGHS,4.4025,4.4069,4.4047
11-Apr-18,US Dollar,USDGHS,4.403,4.4074,4.4052
10-Apr-18,US Dollar,USDGHS,4.4034,4.4078,4.4056
9-Apr-18,US Dollar,USDGHS,4.4031,4.4075,4.4053
6-Apr-18,US Dollar,USDGHS,4.4036,4.408,4.4058
5-Apr-18,US Dollar,USDGHS,4.4036,4.408,4.4058
4-Apr-18,US Dollar,USDGHS,4.4029,4.4073,4.4051
3-Apr-18,US Dollar,USDGHS,4.4026,4.407,4.4048
29-Mar-18,US Dollar,USDGHS,4.4022,4.4066,4.4044
28-Mar-18,US Dollar,USDGHS,4.4022,4.4066,4.4044
27-Mar-18,US Dollar,USDGHS,4.4015,4.4059,4.4037
26-Mar-18,US Dollar,USDGHS,4.402,4.4064,4.4042
23-Mar-18,US Dollar,USDGHS,4.4036,4.4082,4.4059
22-Mar-18,US Dollar,USDGHS,4.4024,4.4068,4.4046
21-Mar-18,US Dollar,USDGHS,4.4119,4.4163,4.4141
20-Mar-18,US Dollar,USDGHS,4.4141,4.4185,4.4163
19-Mar-18,US Dollar,USDGHS,4.4139,4.4183,4.4161
16-Mar-18,US Dollar,USDGHS,4.4144,4.4188,4.4166
15-Mar-18,US Dollar,USDGHS,4.415,4.4194,4.4172
14-Mar-18,US Dollar,USDGHS,4.4155,4.4199,4.4177
13-Mar-18,US Dollar,USDGHS,4.4159,4.4203,4.4181
12-Mar-18,US Dollar,USDGHS,4.4164,4.4208,4.4186
9-Mar-18,US Dollar,USDGHS,4.4164,4.4208,4.4186
8-Mar-18,US Dollar,USDGHS,4.4167,4.4211,4.4189
7-Mar-18,US Dollar,USDGHS,4.416,4.4204,4.4182
5-Mar-18,US Dollar,USDGHS,4.4158,4.4202,4.418
2-Mar-18,US Dollar,USDGHS,4.4161,4.4206,4.4184
1-Mar-18,US Dollar,USDGHS,4.4165,4.4209,4.4187
28-Feb-18,US Dollar,USDGHS,4.4165,4.4209,4.4187
27-Feb-18,US Dollar,USDGHS,4.416,4.4204,4.4182
26-Feb-18,US Dollar,USDGHS,4.416,4.4204,4.4182
23-Feb-18,US Dollar,USDGHS,4.4163,4.4207,4.4185
22-Feb-18,US Dollar,USDGHS,4.416,4.4204,4.4182
21-Feb-18,US Dollar,USDGHS,4.416,4.4205,4.4183
20-Feb-18,US Dollar,USDGHS,4.4157,4.4201,4.4179
19-Feb-18,US Dollar,USDGHS,4.4159,4.4204,4.4182
16-Feb-18,US Dollar,USDGHS,4.4159,4.4204,4.4182
15-Feb-18,US Dollar,USDGHS,4.4159,4.4204,4.4182
14-Feb-18,US Dollar,USDGHS,4.4159,4.4203,4.4181
13-Feb-18,US Dollar,USDGHS,4.4162,4.4206,4.4184
12-Feb-18,US Dollar,USDGHS,4.4164,4.4208,4.4186
9-Feb-18,US Dollar,USDGHS,4.4164,4.4208,4.4186
8-Feb-18,US Dollar,USDGHS,4.4179,4.4223,4.4201
7-Feb-18,US Dollar,USDGHS,4.4194,4.4238,4.4216
6-Feb-18,US Dollar,USDGHS,4.4203,4.4248,4.4226
5-Feb-18,US Dollar,USDGHS,4.4203,4.4248,4.4226
2-Feb-18,US Dollar,USDGHS,4.4213,4.4258,4.4236
1-Feb-18,US Dollar,USDGHS,4.4213,4.4257,4.4235
31-Jan-18,US Dollar,USDGHS,4.4218,4.4262,4.424
30-Jan-18,US Dollar,USDGHS,4.4218,4.4262,4.424
29-Jan-18,US Dollar,USDGHS,4.4219,4.4263,4.4241
26-Jan-18,US Dollar,USDGHS,4.4219,4.4263,4.4241
25-Jan-18,US Dollar,USDGHS,4.4219,4.4263,4.4241
24-Jan-18,US Dollar,USDGHS,4.4219,4.4263,4.4241
23-Jan-18,US Dollar,USDGHS,4.4207,4.4251,4.4229
22-Jan-18,US Dollar,USDGHS,4.4198,4.4242,4.422
19-Jan-18,US Dollar,USDGHS,4.4198,4.4242,4.422
18-Jan-18,US Dollar,USDGHS,4.4191,4.4235,4.4213
17-Jan-18,US Dollar,USDGHS,4.4181,4.4225,4.4203
16-Jan-18,US Dollar,USDGHS,4.4181,4.4225,4.4203
15-Jan-18,US Dollar,USDGHS,4.4176,4.422,4.4198
12-Jan-18,US Dollar,USDGHS,4.4176,4.422,4.4198
11-Jan-18,US Dollar,USDGHS,4.4178,4.4222,4.42
10-Jan-18,US Dollar,USDGHS,4.4173,4.4217,4.4195
9-Jan-18,US Dollar,USDGHS,4.4166,4.421,4.4188
8-Jan-18,US Dollar,USDGHS,4.4166,4.421,4.4188
5-Jan-18,US Dollar,USDGHS,4.4157,4.4201,4.4179
4-Jan-18,US Dollar,USDGHS,4.416,4.4204,4.4182
3-Jan-18,US Dollar,USDGHS,4.4145,4.4189,4.4167
2-Jan-18,US Dollar,USDGHS,4.4145,4.4189,4.4167
29-Dec-17,US Dollar,USDGHS,4.4134,4.4179,4.4157
28-Dec-17,US Dollar,USDGHS,4.4119,4.4164,4.4142
27-Dec-17,US Dollar,USDGHS,4.4119,4.4164,4.4142
22-Dec-17,US Dollar,USDGHS,4.4094,4.4138,4.4116
21-Dec-17,US Dollar,USDGHS,4.4094,4.4138,4.4116
20-Dec-17,US Dollar,USDGHS,4.4094,4.4138,4.4116
19-Dec-17,US Dollar,USDGHS,4.4093,4.4137,4.4115
18-Dec-17,US Dollar,USDGHS,4.4093,4.4137,4.4115
15-Dec-17,US Dollar,USDGHS,4.4099,4.4143,4.4121
14-Dec-17,US Dollar,USDGHS,4.4099,4.4143,4.4121
13-Dec-17,US Dollar,USDGHS,4.4104,4.4148,4.4126
12-Dec-17,US Dollar,USDGHS,4.4104,4.4148,4.4126
11-Dec-17,US Dollar,USDGHS,4.41,4.4144,4.4122
8-Dec-17,US Dollar,USDGHS,4.409,4.4134,4.4112
7-Dec-17,US Dollar,USDGHS,4.409,4.4134,4.4112
6-Dec-17,US Dollar,USDGHS,4.4095,4.4139,4.4117
5-Dec-17,US Dollar,USDGHS,4.4094,4.414,4.4117
4-Dec-17,US Dollar,USDGHS,4.4095,4.4139,4.4117
30-Nov-17,US Dollar,USDGHS,4.41,4.4144,4.4122
29-Nov-17,US Dollar,USDGHS,4.4102,4.4146,4.4124
28-Nov-17,US Dollar,USDGHS,4.4102,4.4146,4.4124
27-Nov-17,US Dollar,USDGHS,4.4054,4.4098,4.4076
24-Nov-17,US Dollar,USDGHS,4.4043,4.4087,4.4065
23-Nov-17,US Dollar,USDGHS,4.4014,4.4058,4.4036
22-Nov-17,US Dollar,USDGHS,4.4014,4.4058,4.4036
21-Nov-17,US Dollar,USDGHS,4.3983,4.4027,4.4005
20-Nov-17,US Dollar,USDGHS,4.3983,4.4027,4.4005
17-Nov-17,US Dollar,USDGHS,4.3933,4.3977,4.3955
16-Nov-17,US Dollar,USDGHS,4.392,4.3964,4.3942
15-Nov-17,US Dollar,USDGHS,4.3898,4.3942,4.392
14-Nov-17,US Dollar,USDGHS,4.3905,4.3949,4.3927
13-Nov-17,US Dollar,USDGHS,4.3896,4.394,4.3918
10-Nov-17,US Dollar,USDGHS,4.3903,4.3947,4.3925
9-Nov-17,US Dollar,USDGHS,4.3903,4.3947,4.3925
8-Nov-17,US Dollar,USDGHS,4.3875,4.3919,4.3897
7-Nov-17,US Dollar,USDGHS,4.3856,4.39,4.3878
6-Nov-17,US Dollar,USDGHS,4.3819,4.3861,4.384
3-Nov-17,US Dollar,USDGHS,4.3792,4.3836,4.3814
2-Nov-17,US Dollar,USDGHS,4.3778,4.3822,4.38
1-Nov-17,US Dollar,USDGHS,4.3757,4.3801,4.3779
31-Oct-17,US Dollar,USDGHS,4.3743,4.3787,4.3765
30-Oct-17,US Dollar,USDGHS,4.372,4.3764,4.3742
27-Oct-17,US Dollar,USDGHS,4.3728,4.3771,4.375
26-Oct-17,US Dollar,USDGHS,4.3738,4.3782,4.376
25-Oct-17,US Dollar,USDGHS,4.373,4.3774,4.3752
24-Oct-17,US Dollar,USDGHS,4.3726,4.377,4.3748
23-Oct-17,US Dollar,USDGHS,4.3737,4.378,4.3759
20-Oct-17,US Dollar,USDGHS,4.3737,4.3781,4.3759
19-Oct-17,US Dollar,USDGHS,4.3752,4.3796,4.3774
18-Oct-17,US Dollar,USDGHS,4.3727,4.3771,4.3749
17-Oct-17,US Dollar,USDGHS,4.375,4.3794,4.3772
16-Oct-17,US Dollar,USDGHS,4.3732,4.3776,4.3754
13-Oct-17,US Dollar,USDGHS,4.3761,4.3805,4.3783
12-Oct-17,US Dollar,USDGHS,4.3752,4.3796,4.3774
11-Oct-17,US Dollar,USDGHS,4.3768,4.3812,4.379
10-Oct-17,US Dollar,USDGHS,4.387,4.3914,4.3892
9-Oct-17,US Dollar,USDGHS,4.3876,4.3919,4.3898
6-Oct-17,US Dollar,USDGHS,4.3876,4.3919,4.3898
5-Oct-17,US Dollar,USDGHS,4.3915,4.3959,4.3937
4-Oct-17,US Dollar,USDGHS,4.3923,4.3966,4.3945
3-Oct-17,US Dollar,USDGHS,4.3927,4.3971,4.3949
2-Oct-17,US Dollar,USDGHS,4.392,4.3964,4.3942
29-Sep-17,US Dollar,USDGHS,4.3922,4.3966,4.3944
28-Sep-17,US Dollar,USDGHS,4.3996,4.404,4.4018
27-Sep-17,US Dollar,USDGHS,4.3997,4.4041,4.4019
26-Sep-17,US Dollar,USDGHS,4.4013,4.4057,4.4035
25-Sep-17,US Dollar,USDGHS,4.4051,4.4095,4.4073
22-Sep-17,US Dollar,USDGHS,4.4055,4.4099,4.4077
20-Sep-17,US Dollar,USDGHS,4.4054,4.4098,4.4076
19-Sep-17,US Dollar,USDGHS,4.4052,4.4096,4.4074
18-Sep-17,US Dollar,USDGHS,4.4045,4.4089,4.4067
15-Sep-17,US Dollar,USDGHS,4.4031,4.4075,4.4053
14-Sep-17,US Dollar,USDGHS,4.403,4.4074,4.4052
13-Sep-17,US Dollar,USDGHS,4.403,4.4074,4.4052
12-Sep-17,US Dollar,USDGHS,4.4028,4.4073,4.4051
11-Sep-17,US Dollar,USDGHS,4.4022,4.4066,4.4044
8-Sep-17,US Dollar,USDGHS,4.4005,4.4049,4.4027
7-Sep-17,US Dollar,USDGHS,4.3998,4.4042,4.402
6-Sep-17,US Dollar,USDGHS,4.3999,4.4043,4.4021
5-Sep-17,US Dollar,USDGHS,4.3977,4.4021,4.3999
4-Sep-17,US Dollar,USDGHS,4.3972,4.4016,4.3994
31-Aug-17,US Dollar,USDGHS,4.3972,4.4016,4.3994
30-Aug-17,US Dollar,USDGHS,4.3967,4.4011,4.3989
29-Aug-17,US Dollar,USDGHS,4.3968,4.4012,4.399
28-Aug-17,US Dollar,USDGHS,4.3968,4.4012,4.399
25-Aug-17,US Dollar,USDGHS,4.3962,4.4006,4.3984
24-Aug-17,US Dollar,USDGHS,4.3929,4.3973,4.3951
23-Aug-17,US Dollar,USDGHS,4.3872,4.3916,4.3894
22-Aug-17,US Dollar,USDGHS,4.3861,4.3905,4.3883
21-Aug-17,US Dollar,USDGHS,4.3832,4.3876,4.3854
18-Aug-17,US Dollar,USDGHS,4.3841,4.3885,4.3863
17-Aug-17,US Dollar,USDGHS,4.3836,4.388,4.3858
16-Aug-17,US Dollar,USDGHS,4.3826,4.387,4.3848
15-Aug-17,US Dollar,USDGHS,4.3816,4.386,4.3838
14-Aug-17,US Dollar,USDGHS,4.3786,4.383,4.3808
11-Aug-17,US Dollar,USDGHS,4.3753,4.3797,4.3775
10-Aug-17,US Dollar,USDGHS,4.3739,4.3783,4.3761
9-Aug-17,US Dollar,USDGHS,4.3739,4.3783,4.3761
8-Aug-17,US Dollar,USDGHS,4.3742,4.3786,4.3764
7-Aug-17,US Dollar,USDGHS,4.3742,4.3786,4.3764
4-Aug-17,US Dollar,USDGHS,4.3736,4.378,4.3758
3-Aug-17,US Dollar,USDGHS,4.3728,4.3772,4.375
2-Aug-17,US Dollar,USDGHS,4.3732,4.3776,4.3754
1-Aug-17,US Dollar,USDGHS,4.3732,4.3776,4.3754
31-Jul-17,US Dollar,USDGHS,4.3721,4.3765,4.3743
28-Jul-17,US Dollar,USDGHS,4.37,4.3743,4.3722
27-Jul-17,US Dollar,USDGHS,4.3756,4.38,4.3778
26-Jul-17,US Dollar,USDGHS,4.3728,4.3772,4.375
25-Jul-17,US Dollar,USDGHS,4.3725,4.3769,4.3747
24-Jul-17,US Dollar,USDGHS,4.3708,4.3751,4.373
21-Jul-17,US Dollar,USDGHS,4.37,4.3744,4.3722
20-Jul-17,US Dollar,USDGHS,4.3682,4.3724,4.3703
19-Jul-17,US Dollar,USDGHS,4.3678,4.3721,4.37
18-Jul-17,US Dollar,USDGHS,4.3616,4.366,4.3638
17-Jul-17,US Dollar,USDGHS,4.3593,4.3636,4.3615
14-Jul-17,US Dollar,USDGHS,4.358,4.3624,4.3602
13-Jul-17,US Dollar,USDGHS,4.3563,4.3607,4.3585
12-Jul-17,US Dollar,USDGHS,4.3551,4.3595,4.3573
11-Jul-17,US Dollar,USDGHS,4.354,4.3583,4.3562
10-Jul-17,US Dollar,USDGHS,4.3627,4.3671,4.3649
7-Jul-17,US Dollar,USDGHS,4.3623,4.3667,4.3645
6-Jul-17,US Dollar,USDGHS,4.3623,4.3667,4.3645
5-Jul-17,US Dollar,USDGHS,4.3618,4.3662,4.364
4-Jul-17,US Dollar,USDGHS,4.3608,4.365,4.3629
30-Jun-17,US Dollar,USDGHS,4.3608,4.365,4.3629
29-Jun-17,US Dollar,USDGHS,4.3596,4.364,4.3618
28-Jun-17,US Dollar,USDGHS,4.3577,4.3619,4.3598
27-Jun-17,US Dollar,USDGHS,4.355,4.3592,4.3571
23-Jun-17,US Dollar,USDGHS,4.3518,4.3562,4.354
22-Jun-17,US Dollar,USDGHS,4.351,4.3554,4.3532
21-Jun-17,US Dollar,USDGHS,4.3499,4.3543,4.3521
20-Jun-17,US Dollar,USDGHS,4.343,4.3472,4.3451
19-Jun-17,US Dollar,USDGHS,4.3422,4.3464,4.3443
16-Jun-17,US Dollar,USDGHS,4.3402,4.3444,4.3423
15-Jun-17,US Dollar,USDGHS,4.3373,4.3417,4.3395
14-Jun-17,US Dollar,USDGHS,4.3365,4.3408,4.3387
13-Jun-17,US Dollar,USDGHS,4.3353,4.3397,4.3375
12-Jun-17,US Dollar,USDGHS,4.3257,4.33,4.3279
9-Jun-17,US Dollar,USDGHS,4.3192,4.3234,4.3213
8-Jun-17,US Dollar,USDGHS,4.3033,4.3075,4.3054
7-Jun-17,US Dollar,USDGHS,4.2998,4.304,4.3019
6-Jun-17,US Dollar,USDGHS,4.2974,4.3017,4.2996
5-Jun-17,US Dollar,USDGHS,4.2909,4.2952,4.2931
2-Jun-17,US Dollar,USDGHS,4.2906,4.2949,4.2928
1-Jun-17,US Dollar,USDGHS,4.2843,4.2886,4.2865
31-May-17,US Dollar,USDGHS,4.2835,4.2878,4.2857
30-May-17,US Dollar,USDGHS,4.2954,4.2998,4.2976
29-May-17,US Dollar,USDGHS,4.2967,4.301,4.2989
26-May-17,US Dollar,USDGHS,4.3024,4.3067,4.3046
24-May-17,US Dollar,USDGHS,4.301,4.3054,4.3032
23-May-17,US Dollar,USDGHS,4.3003,4.3046,4.3025
22-May-17,US Dollar,USDGHS,4.2608,4.265,4.2629
19-May-17,US Dollar,USDGHS,4.2463,4.2505,4.2484
18-May-17,US Dollar,USDGHS,4.2391,4.2434,4.2413
17-May-17,US Dollar,USDGHS,4.2371,4.2413,4.2392
16-May-17,US Dollar,USDGHS,4.2278,4.232,4.2299
15-May-17,US Dollar,USDGHS,4.2149,4.2191,4.217
12-May-17,US Dollar,USDGHS,4.207,4.2112,4.2091
11-May-17,US Dollar,USDGHS,4.1976,4.2018,4.1997
10-May-17,US Dollar,USDGHS,4.1962,4.2004,4.1983
9-May-17,US Dollar,USDGHS,4.1958,4.2,4.1979
8-May-17,US Dollar,USDGHS,4.1934,4.1976,4.1955
5-May-17,US Dollar,USDGHS,4.1913,4.1955,4.1934
4-May-17,US Dollar,USDGHS,4.1904,4.1946,4.1925
3-May-17,US Dollar,USDGHS,4.1814,4.1855,4.1835
2-May-17,US Dollar,USDGHS,4.1866,4.1907,4.1887
28-Apr-17,US Dollar,USDGHS,4.1846,4.1887,4.1867
27-Apr-17,US Dollar,USDGHS,4.1853,4.1895,4.1874
26-Apr-17,US Dollar,USDGHS,4.1808,4.185,4.1829
25-Apr-17,US Dollar,USDGHS,4.181,4.1852,4.1831
24-Apr-17,US Dollar,USDGHS,4.162,4.1661,4.1641
21-Apr-17,US Dollar,USDGHS,4.1607,4.1647,4.1627
20-Apr-17,US Dollar,USDGHS,4.1633,4.1673,4.1653
19-Apr-17,US Dollar,USDGHS,4.1666,4.1708,4.1687
18-Apr-17,US Dollar,USDGHS,4.2046,4.2088,4.2067
13-Apr-17,US Dollar,USDGHS,4.2082,4.2124,4.2103
12-Apr-17,US Dollar,USDGHS,4.2041,4.2083,4.2062
11-Apr-17,US Dollar,USDGHS,4.2063,4.2105,4.2084
10-Apr-17,US Dollar,USDGHS,4.1894,4.1936,4.1915
7-Apr-17,US Dollar,USDGHS,4.1839,4.1881,4.186
6-Apr-17,US Dollar,USDGHS,4.1936,4.1978,4.1957
5-Apr-17,US Dollar,USDGHS,4.162,4.1661,4.1641
4-Apr-17,US Dollar,USDGHS,4.2732,4.2774,4.2753
3-Apr-17,US Dollar,USDGHS,4.2896,4.2938,4.2917
31-Mar-17,US Dollar,USDGHS,4.3151,4.3194,4.3173
30-Mar-17,US Dollar,USDGHS,4.3362,4.3406,4.3384
29-Mar-17,US Dollar,USDGHS,4.3348,4.339,4.3369
28-Mar-17,US Dollar,USDGHS,4.3354,4.3398,4.3376
27-Mar-17,US Dollar,USDGHS,4.3407,4.345,4.3429
24-Mar-17,US Dollar,USDGHS,4.3484,4.3528,4.3506
23-Mar-17,US Dollar,USDGHS,4.4194,4.4238,4.4216
22-Mar-17,US Dollar,USDGHS,4.4767,4.4813,4.479
21-Mar-17,US Dollar,USDGHS,4.4922,4.4968,4.4945
20-Mar-17,US Dollar,USDGHS,4.5178,4.5224,4.5201
17-Mar-17,US Dollar,USDGHS,4.5423,4.5468,4.5446
16-Mar-17,US Dollar,USDGHS,4.5536,4.5582,4.5559
15-Mar-17,US Dollar,USDGHS,4.5717,4.5761,4.5739
14-Mar-17,US Dollar,USDGHS,4.5796,4.5842,4.5819
13-Mar-17,US Dollar,USDGHS,4.5916,4.5962,4.5939
10-Mar-17,US Dollar,USDGHS,4.6007,4.6053,4.603
9-Mar-17,US Dollar,USDGHS,4.6016,4.6062,4.6039
8-Mar-17,US Dollar,USDGHS,4.6019,4.6065,4.6042
7-Mar-17,US Dollar,USDGHS,4.5398,4.5442,4.542
3-Mar-17,US Dollar,USDGHS,4.507,4.5114,4.5092
2-Mar-17,US Dollar,USDGHS,4.5016,4.506,4.5038
1-Mar-17,US Dollar,USDGHS,4.4948,4.4992,4.497
28-Feb-17,US Dollar,USDGHS,4.4764,4.4808,4.4786
27-Feb-17,US Dollar,USDGHS,4.4572,4.4616,4.4594
24-Feb-17,US Dollar,USDGHS,4.4376,4.4421,4.4399
23-Feb-17,US Dollar,USDGHS,4.434,4.4385,4.4363
22-Feb-17,US Dollar,USDGHS,4.4241,4.4285,4.4263
21-Feb-17,US Dollar,USDGHS,4.3738,4.3782,4.376
20-Feb-17,US Dollar,USDGHS,4.3728,4.3772,4.375
17-Feb-17,US Dollar,USDGHS,4.3728,4.3772,4.375
16-Feb-17,US Dollar,USDGHS,4.3722,4.3766,4.3744
15-Feb-17,US Dollar,USDGHS,4.3715,4.3759,4.3737
14-Feb-17,US Dollar,USDGHS,4.3712,4.3756,4.3734
13-Feb-17,US Dollar,USDGHS,4.3708,4.3752,4.373
10-Feb-17,US Dollar,USDGHS,4.3702,4.3746,4.3724
9-Feb-17,US Dollar,USDGHS,4.369,4.3734,4.3712
8-Feb-17,US Dollar,USDGHS,4.3614,4.3656,4.3635
7-Feb-17,US Dollar,USDGHS,4.312,4.3163,4.3142
6-Feb-17,US Dollar,USDGHS,4.3021,4.3064,4.3043
3-Feb-17,US Dollar,USDGHS,4.2982,4.3025,4.3004
2-Feb-17,US Dollar,USDGHS,4.2892,4.2934,4.2913
1-Feb-17,US Dollar,USDGHS,4.2789,4.2831,4.281
31-Jan-17,US Dollar,USDGHS,4.2689,4.2732,4.2711
30-Jan-17,US Dollar,USDGHS,4.2684,4.2727,4.2706
27-Jan-17,US Dollar,USDGHS,4.2668,4.271,4.2689
26-Jan-17,US Dollar,USDGHS,4.2659,4.2702,4.2681
25-Jan-17,US Dollar,USDGHS,4.2646,4.2688,4.2667
24-Jan-17,US Dollar,USDGHS,4.2409,4.2451,4.243
23-Jan-17,US Dollar,USDGHS,4.2383,4.2425,4.2404
20-Jan-17,US Dollar,USDGHS,4.2355,4.2397,4.2376
19-Jan-17,US Dollar,USDGHS,4.2326,4.2368,4.2347
18-Jan-17,US Dollar,USDGHS,4.2307,4.235,4.2329
17-Jan-17,US Dollar,USDGHS,4.2285,4.2327,4.2306
16-Jan-17,US Dollar,USDGHS,4.2254,4.2296,4.2275
13-Jan-17,US Dollar,USDGHS,4.2254,4.2296,4.2275
12-Jan-17,US Dollar,USDGHS,4.2233,4.2275,4.2254
11-Jan-17,US Dollar,USDGHS,4.2217,4.2259,4.2238
10-Jan-17,US Dollar,USDGHS,4.2168,4.2211,4.219
9-Jan-17,US Dollar,USDGHS,4.2141,4.2183,4.2162
6-Jan-17,US Dollar,USDGHS,4.2129,4.2171,4.215
5-Jan-17,US Dollar,USDGHS,4.208,4.2122,4.2101
4-Jan-17,US Dollar,USDGHS,4.2076,4.2118,4.2097
3-Jan-17,US Dollar,USDGHS,4.2056,4.2098,4.2077
30-Dec-16,US Dollar,USDGHS,4.1981,4.2023,4.2002
29-Dec-16,US Dollar,USDGHS,4.179,4.1832,4.1811
28-Dec-16,US Dollar,USDGHS,4.1766,4.1808,4.1787
23-Dec-16,US Dollar,USDGHS,4.15,4.1542,4.1521
22-Dec-16,US Dollar,USDGHS,4.1441,4.1483,4.1462
21-Dec-16,US Dollar,USDGHS,4.1316,4.1356,4.1336
20-Dec-16,US Dollar,USDGHS,4.121,4.1251,4.1231
19-Dec-16,US Dollar,USDGHS,4.1166,4.1207,4.1187
16-Dec-16,US Dollar,USDGHS,4.1085,4.1125,4.1105
15-Dec-16,US Dollar,USDGHS,4.1029,4.1069,4.1049
14-Dec-16,US Dollar,USDGHS,4.0973,4.1014,4.0994
13-Dec-16,US Dollar,USDGHS,4.0934,4.0974,4.0954
12-Dec-16,US Dollar,USDGHS,4.0672,4.0712,4.0692
9-Dec-16,US Dollar,USDGHS,4.0374,4.0414,4.0394
8-Dec-16,US Dollar,USDGHS,4.0357,4.0397,4.0377
7-Dec-16,US Dollar,USDGHS,4.0344,4.0384,4.0364
6-Dec-16,US Dollar,USDGHS,4.0344,4.0384,4.0364
5-Dec-16,US Dollar,USDGHS,4.0305,4.0345,4.0325
1-Dec-16,US Dollar,USDGHS,4.0302,4.0342,4.0322
30-Nov-16,US Dollar,USDGHS,4.0296,4.0336,4.0316
29-Nov-16,US Dollar,USDGHS,3.9785,3.9824,3.9805
28-Nov-16,US Dollar,USDGHS,3.9779,3.9819,3.9799
25-Nov-16,US Dollar,USDGHS,3.9776,3.9816,3.9796
24-Nov-16,US Dollar,USDGHS,3.9773,3.9813,3.9793
23-Nov-16,US Dollar,USDGHS,3.9773,3.9813,3.9793
22-Nov-16,US Dollar,USDGHS,3.9766,3.9806,3.9786
21-Nov-16,US Dollar,USDGHS,3.9758,3.9798,3.9778
18-Nov-16,US Dollar,USDGHS,3.9753,3.9793,3.9773
17-Nov-16,US Dollar,USDGHS,3.9749,3.9789,3.9769
16-Nov-16,US Dollar,USDGHS,3.9741,3.9781,3.9761
15-Nov-16,US Dollar,USDGHS,3.9704,3.9744,3.9724
14-Nov-16,US Dollar,USDGHS,3.9663,3.9703,3.9683
11-Nov-16,US Dollar,USDGHS,3.9633,3.9673,3.9653
10-Nov-16,US Dollar,USDGHS,3.9633,3.9673,3.9653
9-Nov-16,US Dollar,USDGHS,3.9631,3.9671,3.9651
8-Nov-16,US Dollar,USDGHS,3.9632,3.967,3.9651
7-Nov-16,US Dollar,USDGHS,3.963,3.967,3.965
4-Nov-16,US Dollar,USDGHS,3.9623,3.9662,3.9643
3-Nov-16,US Dollar,USDGHS,3.962,3.966,3.964
2-Nov-16,US Dollar,USDGHS,3.962,3.966,3.964
1-Nov-16,US Dollar,USDGHS,3.9619,3.9657,3.9638
31-Oct-16,US Dollar,USDGHS,3.9621,3.9661,3.9641
28-Oct-16,US Dollar,USDGHS,3.9623,3.9663,3.9643
27-Oct-16,US Dollar,USDGHS,3.9632,3.967,3.9651
26-Oct-16,US Dollar,USDGHS,3.9625,3.9664,3.9645
25-Oct-16,US Dollar,USDGHS,3.9624,3.9663,3.9644
24-Oct-16,US Dollar,USDGHS,3.9622,3.9662,3.9642
21-Oct-16,US Dollar,USDGHS,3.9621,3.9661,3.9641
20-Oct-16,US Dollar,USDGHS,3.9621,3.9661,3.9641
19-Oct-16,US Dollar,USDGHS,3.9618,3.9658,3.9638
18-Oct-16,US Dollar,USDGHS,3.9616,3.9655,3.9636
17-Oct-16,US Dollar,USDGHS,3.9618,3.9657,3.9638
14-Oct-16,US Dollar,USDGHS,3.9654,3.9694,3.9674
13-Oct-16,US Dollar,USDGHS,3.9666,3.9705,3.9686
12-Oct-16,US Dollar,USDGHS,3.9666,3.9705,3.9686
11-Oct-16,US Dollar,USDGHS,3.9671,3.9711,3.9691
10-Oct-16,US Dollar,USDGHS,3.9689,3.9729,3.9709
7-Oct-16,US Dollar,USDGHS,3.9697,3.9737,3.9717
6-Oct-16,US Dollar,USDGHS,3.9705,3.9745,3.9725
5-Oct-16,US Dollar,USDGHS,3.9706,3.9746,3.9726
4-Oct-16,US Dollar,USDGHS,3.9696,3.9736,3.9716
3-Oct-16,US Dollar,USDGHS,3.9716,3.9756,3.9736
30-Sep-16,US Dollar,USDGHS,3.9695,3.9735,3.9715
29-Sep-16,US Dollar,USDGHS,3.969,3.9728,3.9709
28-Sep-16,US Dollar,USDGHS,3.9683,3.9723,3.9703
27-Sep-16,US Dollar,USDGHS,3.9653,3.9692,3.9673
26-Sep-16,US Dollar,USDGHS,3.9644,3.9683,3.9664
23-Sep-16,US Dollar,USDGHS,3.9624,3.9664,3.9644
22-Sep-16,US Dollar,USDGHS,3.9603,3.9643,3.9623
20-Sep-16,US Dollar,USDGHS,3.9574,3.9614,3.9594
19-Sep-16,US Dollar,USDGHS,3.9552,3.9592,3.9572
16-Sep-16,US Dollar,USDGHS,3.9544,3.9584,3.9564
15-Sep-16,US Dollar,USDGHS,3.9539,3.9579,3.9559
14-Sep-16,US Dollar,USDGHS,3.953,3.957,3.955
13-Sep-16,US Dollar,USDGHS,3.9526,3.9566,3.9546
9-Sep-16,US Dollar,USDGHS,3.9524,3.9564,3.9544
8-Sep-16,US Dollar,USDGHS,3.9498,3.9537,3.9518
7-Sep-16,US Dollar,USDGHS,3.948,3.9518,3.9499
6-Sep-16,US Dollar,USDGHS,3.945,3.949,3.947
5-Sep-16,US Dollar,USDGHS,3.9444,3.9483,3.9464
2-Sep-16,US Dollar,USDGHS,3.9444,3.9483,3.9464
1-Sep-16,US Dollar,USDGHS,3.9443,3.9483,3.9463
31-Aug-16,US Dollar,USDGHS,3.9436,3.9476,3.9456
30-Aug-16,US Dollar,USDGHS,3.9425,3.9465,3.9445
29-Aug-16,US Dollar,USDGHS,3.942,3.946,3.944
26-Aug-16,US Dollar,USDGHS,3.9443,3.9483,3.9463
25-Aug-16,US Dollar,USDGHS,3.9453,3.9492,3.9473
24-Aug-16,US Dollar,USDGHS,3.9446,3.9485,3.9466
23-Aug-16,US Dollar,USDGHS,3.944,3.948,3.946
22-Aug-16,US Dollar,USDGHS,3.9435,3.9475,3.9455
19-Aug-16,US Dollar,USDGHS,3.9427,3.9467,3.9447
18-Aug-16,US Dollar,USDGHS,3.9419,3.9459,3.9439
17-Aug-16,US Dollar,USDGHS,3.9417,3.9456,3.9437
16-Aug-16,US Dollar,USDGHS,3.9412,3.9452,3.9432
15-Aug-16,US Dollar,USDGHS,3.9403,3.9443,3.9423
12-Aug-16,US Dollar,USDGHS,3.9396,3.9436,3.9416
11-Aug-16,US Dollar,USDGHS,3.94,3.944,3.942
10-Aug-16,US Dollar,USDGHS,3.9434,3.9473,3.9454
9-Aug-16,US Dollar,USDGHS,3.945,3.949,3.947
8-Aug-16,US Dollar,USDGHS,3.9441,3.9481,3.9461
5-Aug-16,US Dollar,USDGHS,3.9429,3.9469,3.9449
4-Aug-16,US Dollar,USDGHS,3.9446,3.9486,3.9466
3-Aug-16,US Dollar,USDGHS,3.9446,3.9486,3.9466
2-Aug-16,US Dollar,USDGHS,3.9445,3.9485,3.9465
1-Aug-16,US Dollar,USDGHS,3.9443,3.9483,3.9463
29-Jul-16,US Dollar,USDGHS,3.9431,3.947,3.9451
28-Jul-16,US Dollar,USDGHS,3.945,3.9488,3.9469
27-Jul-16,US Dollar,USDGHS,3.9443,3.9482,3.9463
26-Jul-16,US Dollar,USDGHS,3.9392,3.9432,3.9412
25-Jul-16,US Dollar,USDGHS,3.9386,3.9425,3.9406
22-Jul-16,US Dollar,USDGHS,3.9386,3.9425,3.9406
21-Jul-16,US Dollar,USDGHS,3.9427,3.9467,3.9447
20-Jul-16,US Dollar,USDGHS,3.9435,3.9475,3.9455
19-Jul-16,US Dollar,USDGHS,3.9424,3.9464,3.9444
18-Jul-16,US Dollar,USDGHS,3.9409,3.9449,3.9429
15-Jul-16,US Dollar,USDGHS,3.9392,3.9432,3.9412
14-Jul-16,US Dollar,USDGHS,3.9385,3.9425,3.9405
13-Jul-16,US Dollar,USDGHS,3.937,3.9408,3.9389
12-Jul-16,US Dollar,USDGHS,3.9345,3.9385,3.9365
11-Jul-16,US Dollar,USDGHS,3.9332,3.9372,3.9352
8-Jul-16,US Dollar,USDGHS,3.9313,3.9352,3.9333
7-Jul-16,US Dollar,USDGHS,3.9287,3.9327,3.9307
5-Jul-16,US Dollar,USDGHS,3.9276,3.9315,3.9296
4-Jul-16,US Dollar,USDGHS,3.924,3.9279,3.926
30-Jun-16,US Dollar,USDGHS,3.924,3.9279,3.926
29-Jun-16,US Dollar,USDGHS,3.921,3.9249,3.923
28-Jun-16,US Dollar,USDGHS,3.917,3.9209,3.919
27-Jun-16,US Dollar,USDGHS,3.914,3.9178,3.9159
24-Jun-16,US Dollar,USDGHS,3.9059,3.9098,3.9079
23-Jun-16,US Dollar,USDGHS,3.905,3.909,3.907
22-Jun-16,US Dollar,USDGHS,3.9029,3.9068,3.9049
21-Jun-16,US Dollar,USDGHS,3.9012,3.9051,3.9032
20-Jun-16,US Dollar,USDGHS,3.9004,3.9044,3.9024
17-Jun-16,US Dollar,USDGHS,3.8974,3.9014,3.8994
16-Jun-16,US Dollar,USDGHS,3.8957,3.8997,3.8977
15-Jun-16,US Dollar,USDGHS,3.8968,3.9008,3.8988
14-Jun-16,US Dollar,USDGHS,3.8792,3.8832,3.8812
13-Jun-16,US Dollar,USDGHS,3.872,3.876,3.874
10-Jun-16,US Dollar,USDGHS,3.8686,3.8726,3.8706
9-Jun-16,US Dollar,USDGHS,3.8672,3.871,3.8691
8-Jun-16,US Dollar,USDGHS,3.8618,3.8658,3.8638
7-Jun-16,US Dollar,USDGHS,3.8557,3.8597,3.8577
6-Jun-16,US Dollar,USDGHS,3.8516,3.8556,3.8536
3-Jun-16,US Dollar,USDGHS,3.8432,3.8471,3.8452
2-Jun-16,US Dollar,USDGHS,3.8382,3.8421,3.8402
1-Jun-16,US Dollar,USDGHS,3.8356,3.8394,3.8375
31-May-16,US Dollar,USDGHS,3.8397,3.8435,3.8416
30-May-16,US Dollar,USDGHS,3.8318,3.8356,3.8337
27-May-16,US Dollar,USDGHS,3.8318,3.8356,3.8337
26-May-16,US Dollar,USDGHS,3.8272,3.831,3.8291
24-May-16,US Dollar,USDGHS,3.8266,3.8306,3.8286
23-May-16,US Dollar,USDGHS,3.8249,3.8287,3.8268
20-May-16,US Dollar,USDGHS,3.8219,3.8257,3.8238
19-May-16,US Dollar,USDGHS,3.8162,3.8202,3.8182
18-May-16,US Dollar,USDGHS,3.8131,3.8169,3.815
17-May-16,US Dollar,USDGHS,3.8114,3.8152,3.8133
16-May-16,US Dollar,USDGHS,3.8073,3.8113,3.8093
13-May-16,US Dollar,USDGHS,3.8096,3.8134,3.8115
12-May-16,US Dollar,USDGHS,3.8044,3.8082,3.8063
11-May-16,US Dollar,USDGHS,3.8057,3.8095,3.8076
10-May-16,US Dollar,USDGHS,3.806,3.8098,3.8079
9-May-16,US Dollar,USDGHS,3.8052,3.809,3.8071
6-May-16,US Dollar,USDGHS,3.8032,3.807,3.8051
5-May-16,US Dollar,USDGHS,3.7991,3.8029,3.801
4-May-16,US Dollar,USDGHS,3.7867,3.7905,3.7886
3-May-16,US Dollar,USDGHS,3.7957,3.7995,3.7976
29-Apr-16,US Dollar,USDGHS,3.7829,3.7867,3.7848
28-Apr-16,US Dollar,USDGHS,3.7932,3.797,3.7951
27-Apr-16,US Dollar,USDGHS,3.7951,3.7989,3.797
26-Apr-16,US Dollar,USDGHS,3.7921,3.7959,3.794
25-Apr-16,US Dollar,USDGHS,3.8032,3.807,3.8051
22-Apr-16,US Dollar,USDGHS,3.8083,3.8121,3.8102
21-Apr-16,US Dollar,USDGHS,3.8155,3.8193,3.8174
20-Apr-16,US Dollar,USDGHS,3.8213,3.8251,3.8232
19-Apr-16,US Dollar,USDGHS,3.8234,3.8273,3.8254
18-Apr-16,US Dollar,USDGHS,3.8242,3.8282,3.8262
15-Apr-16,US Dollar,USDGHS,3.8213,3.8251,3.8232
14-Apr-16,US Dollar,USDGHS,3.8226,3.8266,3.8246
13-Apr-16,US Dollar,USDGHS,3.8276,3.8314,3.8295
12-Apr-16,US Dollar,USDGHS,3.8213,3.8251,3.8232
11-Apr-16,US Dollar,USDGHS,3.8268,3.8306,3.8287
8-Apr-16,US Dollar,USDGHS,3.8218,3.8256,3.8237
7-Apr-16,US Dollar,USDGHS,3.8275,3.8313,3.8294
6-Apr-16,US Dollar,USDGHS,3.8281,3.8319,3.83
5-Apr-16,US Dollar,USDGHS,3.8283,3.8321,3.8302
4-Apr-16,US Dollar,USDGHS,3.8189,3.8227,3.8208
1-Apr-16,US Dollar,USDGHS,3.8285,3.8323,3.8304
31-Mar-16,US Dollar,USDGHS,3.8346,3.8384,3.8365
30-Mar-16,US Dollar,USDGHS,3.8285,3.8323,3.8304
29-Mar-16,US Dollar,USDGHS,3.8345,3.8383,3.8364
24-Mar-16,US Dollar,USDGHS,3.8367,3.8407,3.8387
23-Mar-16,US Dollar,USDGHS,3.8326,3.8364,3.8345
22-Mar-16,US Dollar,USDGHS,3.8461,3.85,3.8481
21-Mar-16,US Dollar,USDGHS,3.8466,3.8504,3.8485
18-Mar-16,US Dollar,USDGHS,3.8464,3.8502,3.8483
17-Mar-16,US Dollar,USDGHS,3.8451,3.8489,3.847
16-Mar-16,US Dollar,USDGHS,3.8411,3.8449,3.843
15-Mar-16,US Dollar,USDGHS,3.8404,3.8443,3.8424
14-Mar-16,US Dollar,USDGHS,3.842,3.8458,3.8439
11-Mar-16,US Dollar,USDGHS,3.8439,3.8477,3.8458
10-Mar-16,US Dollar,USDGHS,3.8488,3.8527,3.8508
9-Mar-16,US Dollar,USDGHS,3.8458,3.8497,3.8478
8-Mar-16,US Dollar,USDGHS,3.8574,3.8614,3.8594
4-Mar-16,US Dollar,USDGHS,3.8573,3.8612,3.8593
3-Mar-16,US Dollar,USDGHS,3.866,3.8698,3.8679
2-Mar-16,US Dollar,USDGHS,3.8731,3.8769,3.875
1-Mar-16,US Dollar,USDGHS,3.8721,3.8761,3.8741
29-Feb-16,US Dollar,USDGHS,3.8761,3.88,3.8781
26-Feb-16,US Dollar,USDGHS,3.8767,3.8806,3.8787
25-Feb-16,US Dollar,USDGHS,3.8735,3.8773,3.8754
24-Feb-16,US Dollar,USDGHS,3.9005,3.9045,3.9025
23-Feb-16,US Dollar,USDGHS,3.9021,3.9061,3.9041
22-Feb-16,US Dollar,USDGHS,3.8918,3.8957,3.8938
19-Feb-16,US Dollar,USDGHS,3.8858,3.8896,3.8877
18-Feb-16,US Dollar,USDGHS,3.8851,3.889,3.8871
17-Feb-16,US Dollar,USDGHS,3.884,3.888,3.886
16-Feb-16,US Dollar,USDGHS,3.8745,3.8785,3.8765
15-Feb-16,US Dollar,USDGHS,3.8786,3.8824,3.8805
12-Feb-16,US Dollar,USDGHS,3.8786,3.8824,3.8805
11-Feb-16,US Dollar,USDGHS,3.876,3.88,3.878
10-Feb-16,US Dollar,USDGHS,3.8717,3.8756,3.8737
9-Feb-16,US Dollar,USDGHS,3.865,3.8689,3.867
8-Feb-16,US Dollar,USDGHS,3.859,3.8628,3.8609
5-Feb-16,US Dollar,USDGHS,3.8569,3.8607,3.8588
4-Feb-16,US Dollar,USDGHS,3.8506,3.8545,3.8526
3-Feb-16,US Dollar,USDGHS,3.8448,3.8496,3.8472
2-Feb-16,US Dollar,USDGHS,3.8428,3.8466,3.8447
1-Feb-16,US Dollar,USDGHS,3.8372,3.841,3.8391
29-Jan-16,US Dollar,USDGHS,3.8325,3.8363,3.8344
28-Jan-16,US Dollar,USDGHS,3.8291,3.833,3.8311
27-Jan-16,US Dollar,USDGHS,3.8291,3.833,3.8311
26-Jan-16,US Dollar,USDGHS,3.827,3.8308,3.8289
25-Jan-16,US Dollar,USDGHS,3.8226,3.8264,3.8245
22-Jan-16,US Dollar,USDGHS,3.8176,3.8214,3.8195
21-Jan-16,US Dollar,USDGHS,3.8129,3.8167,3.8148
20-Jan-16,US Dollar,USDGHS,3.8127,3.8165,3.8146
19-Jan-16,US Dollar,USDGHS,3.8124,3.8162,3.8143
18-Jan-16,US Dollar,USDGHS,3.8064,3.8102,3.8083
15-Jan-16,US Dollar,USDGHS,3.8064,3.8102,3.8083
14-Jan-16,US Dollar,USDGHS,3.8041,3.8079,3.806
13-Jan-16,US Dollar,USDGHS,3.7995,3.8033,3.8014
12-Jan-16,US Dollar,USDGHS,3.7972,3.801,3.7991
11-Jan-16,US Dollar,USDGHS,3.7871,3.7908,3.789
8-Jan-16,US Dollar,USDGHS,3.7967,3.8005,3.7986
7-Jan-16,US Dollar,USDGHS,3.795,3.7988,3.7969
6-Jan-16,US Dollar,USDGHS,3.7948,3.7986,3.7967
5-Jan-16,US Dollar,USDGHS,3.79,3.7938,3.7919
4-Jan-16,US Dollar,USDGHS,3.7804,3.7841,3.7823
31-Dec-15,US Dollar,USDGHS,3.7931,3.7969,3.795
30-Dec-15,US Dollar,USDGHS,3.7925,3.7963,3.7944
29-Dec-15,US Dollar,USDGHS,3.7979,3.8017,3.7998
24-Dec-15,US Dollar,USDGHS,3.7959,3.7997,3.7978
23-Dec-15,US Dollar,USDGHS,3.7875,3.7913,3.7894
22-Dec-15,US Dollar,USDGHS,3.7913,3.7951,3.7932
21-Dec-15,US Dollar,USDGHS,3.7953,3.7991,3.7972
18-Dec-15,US Dollar,USDGHS,3.7883,3.7921,3.7902
17-Dec-15,US Dollar,USDGHS,3.7973,3.8011,3.7992
16-Dec-15,US Dollar,USDGHS,3.7961,3.7999,3.798
15-Dec-15,US Dollar,USDGHS,3.7966,3.8004,3.7985
14-Dec-15,US Dollar,USDGHS,3.79,3.7938,3.7919
11-Dec-15,US Dollar,USDGHS,3.7941,3.7979,3.796
10-Dec-15,US Dollar,USDGHS,3.7951,3.7989,3.797
9-Dec-15,US Dollar,USDGHS,3.7903,3.7941,3.7922
8-Dec-15,US Dollar,USDGHS,3.7967,3.8005,3.7986
7-Dec-15,US Dollar,USDGHS,3.794,3.7978,3.7959
3-Dec-15,US Dollar,USDGHS,3.7936,3.7974,3.7955
2-Dec-15,US Dollar,USDGHS,3.7796,3.7834,3.7815
1-Dec-15,US Dollar,USDGHS,3.7796,3.7834,3.7815
30-Nov-15,US Dollar,USDGHS,3.7913,3.7951,3.7932
27-Nov-15,US Dollar,USDGHS,3.7842,3.788,3.7861
26-Nov-15,US Dollar,USDGHS,3.7927,3.7965,3.7946
25-Nov-15,US Dollar,USDGHS,3.7927,3.7965,3.7946
24-Nov-15,US Dollar,USDGHS,3.7894,3.7932,3.7913
23-Nov-15,US Dollar,USDGHS,3.7846,3.7884,3.7865
20-Nov-15,US Dollar,USDGHS,3.786,3.7898,3.7879
19-Nov-15,US Dollar,USDGHS,3.7835,3.7873,3.7854
18-Nov-15,US Dollar,USDGHS,3.788,3.7918,3.7899
17-Nov-15,US Dollar,USDGHS,3.7877,3.7915,3.7896
16-Nov-15,US Dollar,USDGHS,3.7833,3.7871,3.7852
13-Nov-15,US Dollar,USDGHS,3.79,3.7938,3.7919
12-Nov-15,US Dollar,USDGHS,3.7904,3.7942,3.7923
11-Nov-15,US Dollar,USDGHS,3.7894,3.7932,3.7913
10-Nov-15,US Dollar,USDGHS,3.7894,3.7932,3.7913
9-Nov-15,US Dollar,USDGHS,3.7894,3.7932,3.7913
6-Nov-15,US Dollar,USDGHS,3.7904,3.7942,3.7923
5-Nov-15,US Dollar,USDGHS,3.7881,3.7919,3.79
4-Nov-15,US Dollar,USDGHS,3.788,3.7918,3.7899
3-Nov-15,US Dollar,USDGHS,3.7879,3.7917,3.7898
2-Nov-15,US Dollar,USDGHS,3.7906,3.7944,3.7925
30-Oct-15,US Dollar,USDGHS,3.7877,3.7915,3.7896
29-Oct-15,US Dollar,USDGHS,3.7835,3.7873,3.7854
28-Oct-15,US Dollar,USDGHS,3.7837,3.7875,3.7856
27-Oct-15,US Dollar,USDGHS,3.7756,3.7794,3.7775
26-Oct-15,US Dollar,USDGHS,3.7894,3.7932,3.7913
23-Oct-15,US Dollar,USDGHS,3.7846,3.7884,3.7865
22-Oct-15,US Dollar,USDGHS,3.7933,3.7971,3.7952
21-Oct-15,US Dollar,USDGHS,3.7975,3.8013,3.7994
20-Oct-15,US Dollar,USDGHS,3.7974,3.8012,3.7993
19-Oct-15,US Dollar,USDGHS,3.8015,3.8053,3.8034
16-Oct-15,US Dollar,USDGHS,3.7735,3.7773,3.7754
15-Oct-15,US Dollar,USDGHS,3.7696,3.7734,3.7715
14-Oct-15,US Dollar,USDGHS,3.7653,3.7691,3.7672
13-Oct-15,US Dollar,USDGHS,3.7637,3.7675,3.7656
12-Oct-15,US Dollar,USDGHS,3.7554,3.7591,3.7573
9-Oct-15,US Dollar,USDGHS,3.7634,3.7672,3.7653
8-Oct-15,US Dollar,USDGHS,3.7493,3.7531,3.7512
7-Oct-15,US Dollar,USDGHS,3.74,3.7438,3.7419
6-Oct-15,US Dollar,USDGHS,3.7223,3.7261,3.7242
5-Oct-15,US Dollar,USDGHS,3.7061,3.7098,3.708
2-Oct-15,US Dollar,USDGHS,3.7178,3.7216,3.7197
1-Oct-15,US Dollar,USDGHS,3.7094,3.7132,3.7113
30-Sep-15,US Dollar,USDGHS,3.7234,3.7272,3.7253
29-Sep-15,US Dollar,USDGHS,3.7526,3.7564,3.7545
28-Sep-15,US Dollar,USDGHS,3.776,3.7797,3.7779
25-Sep-15,US Dollar,USDGHS,3.7912,3.795,3.7931
23-Sep-15,US Dollar,USDGHS,3.8089,3.8127,3.8108
22-Sep-15,US Dollar,USDGHS,3.8281,3.8319,3.83
18-Sep-15,US Dollar,USDGHS,3.8475,3.8513,3.8494
17-Sep-15,US Dollar,USDGHS,3.8566,3.8606,3.8586
16-Sep-15,US Dollar,USDGHS,3.8303,3.8343,3.8323
15-Sep-15,US Dollar,USDGHS,3.8055,3.8093,3.8074
14-Sep-15,US Dollar,USDGHS,3.7842,3.788,3.7861
11-Sep-15,US Dollar,USDGHS,3.7233,3.7271,3.7252
10-Sep-15,US Dollar,USDGHS,3.7233,3.7271,3.7252
9-Sep-15,US Dollar,USDGHS,3.7183,3.722,3.7202
8-Sep-15,US Dollar,USDGHS,3.7122,3.7159,3.7141
7-Sep-15,US Dollar,USDGHS,3.7064,3.7101,3.7083
4-Sep-15,US Dollar,USDGHS,3.7064,3.7101,3.7083
3-Sep-15,US Dollar,USDGHS,3.7028,3.7065,3.7047
2-Sep-15,US Dollar,USDGHS,3.7393,3.743,3.7412
1-Sep-15,US Dollar,USDGHS,3.7779,3.7817,3.7798
31-Aug-15,US Dollar,USDGHS,3.9211,3.9251,3.9231
28-Aug-15,US Dollar,USDGHS,4.0436,4.0476,4.0456
27-Aug-15,US Dollar,USDGHS,4.065,4.0691,4.0671
26-Aug-15,US Dollar,USDGHS,4.058,4.062,4.06
25-Aug-15,US Dollar,USDGHS,4.0466,4.0506,4.0486
24-Aug-15,US Dollar,USDGHS,4.0326,4.0366,4.0346
21-Aug-15,US Dollar,USDGHS,4.0172,4.0212,4.0192
20-Aug-15,US Dollar,USDGHS,3.9777,3.9817,3.9797
19-Aug-15,US Dollar,USDGHS,3.9601,3.9641,3.9621
18-Aug-15,US Dollar,USDGHS,3.9377,3.9417,3.9397
17-Aug-15,US Dollar,USDGHS,3.9217,3.9257,3.9237
14-Aug-15,US Dollar,USDGHS,3.9081,3.912,3.9101
13-Aug-15,US Dollar,USDGHS,3.8712,3.8751,3.8732
12-Aug-15,US Dollar,USDGHS,3.825,3.8288,3.8269
11-Aug-15,US Dollar,USDGHS,3.7953,3.7991,3.7972
10-Aug-15,US Dollar,USDGHS,3.7784,3.7822,3.7803
7-Aug-15,US Dollar,USDGHS,3.7558,3.7596,3.7577
6-Aug-15,US Dollar,USDGHS,3.7195,3.7232,3.7214
5-Aug-15,US Dollar,USDGHS,3.6738,3.6776,3.6757
4-Aug-15,US Dollar,USDGHS,3.5908,3.5944,3.5926
3-Aug-15,US Dollar,USDGHS,3.5534,3.5569,3.5552
31-Jul-15,US Dollar,USDGHS,3.463,3.4666,3.4648
30-Jul-15,US Dollar,USDGHS,3.4528,3.4564,3.4546
29-Jul-15,US Dollar,USDGHS,3.4234,3.4268,3.4251
28-Jul-15,US Dollar,USDGHS,3.4104,3.4138,3.4121
27-Jul-15,US Dollar,USDGHS,3.3652,3.3685,3.3669
24-Jul-15,US Dollar,USDGHS,3.289,3.2922,3.2906
23-Jul-15,US Dollar,USDGHS,3.2849,3.2882,3.2866
22-Jul-15,US Dollar,USDGHS,3.2763,3.2796,3.278
21-Jul-15,US Dollar,USDGHS,3.2643,3.2676,3.266
17-Jul-15,US Dollar,USDGHS,3.2343,3.2377,3.236
16-Jul-15,US Dollar,USDGHS,3.2528,3.2562,3.2545
15-Jul-15,US Dollar,USDGHS,3.3094,3.3128,3.3111
14-Jul-15,US Dollar,USDGHS,3.3109,3.3142,3.3126
13-Jul-15,US Dollar,USDGHS,3.333,3.3363,3.3347
10-Jul-15,US Dollar,USDGHS,3.4596,3.463,3.4613
9-Jul-15,US Dollar,USDGHS,3.5445,3.5481,3.5463
8-Jul-15,US Dollar,USDGHS,3.6661,3.6699,3.668
7-Jul-15,US Dollar,USDGHS,3.7899,3.7937,3.7918
6-Jul-15,US Dollar,USDGHS,3.9282,3.9322,3.9302
3-Jul-15,US Dollar,USDGHS,4.0197,4.0237,4.0217
2-Jul-15,US Dollar,USDGHS,4.1893,4.1935,4.1914
30-Jun-15,US Dollar,USDGHS,4.3343,4.3385,4.3364
29-Jun-15,US Dollar,USDGHS,4.3252,4.3295,4.3274
26-Jun-15,US Dollar,USDGHS,4.3135,4.3178,4.3157
25-Jun-15,US Dollar,USDGHS,4.3057,4.3101,4.3079
24-Jun-15,US Dollar,USDGHS,4.3018,4.3061,4.304
23-Jun-15,US Dollar,USDGHS,4.2791,4.2833,4.2812
22-Jun-15,US Dollar,USDGHS,4.2767,4.281,4.2789
19-Jun-15,US Dollar,USDGHS,4.2673,4.2715,4.2694
18-Jun-15,US Dollar,USDGHS,4.246,4.2502,4.2481
17-Jun-15,US Dollar,USDGHS,4.2298,4.234,4.2319
16-Jun-15,US Dollar,USDGHS,4.2281,4.2323,4.2302
15-Jun-15,US Dollar,USDGHS,4.1824,4.1866,4.1845
12-Jun-15,US Dollar,USDGHS,4.1593,4.1635,4.1614
11-Jun-15,US Dollar,USDGHS,4.1341,4.1382,4.1362
10-Jun-15,US Dollar,USDGHS,4.115,4.1192,4.1171
9-Jun-15,US Dollar,USDGHS,4.1103,4.1145,4.1124
8-Jun-15,US Dollar,USDGHS,4.1072,4.1114,4.1093
5-Jun-15,US Dollar,USDGHS,4.0966,4.1006,4.0986
4-Jun-15,US Dollar,USDGHS,4.0882,4.0922,4.0902
3-Jun-15,US Dollar,USDGHS,4.053,4.057,4.055
2-Jun-15,US Dollar,USDGHS,4.0416,4.0456,4.0436
1-Jun-15,US Dollar,USDGHS,4.0117,4.0157,4.0137
29-May-15,US Dollar,USDGHS,3.9956,3.9996,3.9976
28-May-15,US Dollar,USDGHS,3.9584,3.9624,3.9604
27-May-15,US Dollar,USDGHS,3.9642,3.9682,3.9662
26-May-15,US Dollar,USDGHS,3.9298,3.9338,3.9318
22-May-15,US Dollar,USDGHS,3.9365,3.9405,3.9385
21-May-15,US Dollar,USDGHS,3.9037,3.9077,3.9057
20-May-15,US Dollar,USDGHS,3.872,3.8759,3.874
19-May-15,US Dollar,USDGHS,3.8596,3.8636,3.8616
18-May-15,US Dollar,USDGHS,3.8739,3.8777,3.8758
15-May-15,US Dollar,USDGHS,3.8898,3.8937,3.8918
14-May-15,US Dollar,USDGHS,3.8808,3.8847,3.8828
13-May-15,US Dollar,USDGHS,3.8669,3.8707,3.8688
12-May-15,US Dollar,USDGHS,3.8624,3.8662,3.8643
11-May-15,US Dollar,USDGHS,3.861,3.8648,3.8629
8-May-15,US Dollar,USDGHS,3.8641,3.8679,3.866
7-May-15,US Dollar,USDGHS,3.8552,3.859,3.8571
6-May-15,US Dollar,USDGHS,3.857,3.8608,3.8589
5-May-15,US Dollar,USDGHS,3.8551,3.859,3.8571
4-May-15,US Dollar,USDGHS,3.8491,3.853,3.8511
30-Apr-15,US Dollar,USDGHS,3.8474,3.8512,3.8493
29-Apr-15,US Dollar,USDGHS,3.8378,3.8417,3.8398
28-Apr-15,US Dollar,USDGHS,3.835,3.8389,3.837
27-Apr-15,US Dollar,USDGHS,3.8332,3.837,3.8351
24-Apr-15,US Dollar,USDGHS,3.824,3.8278,3.8259
23-Apr-15,US Dollar,USDGHS,3.7996,3.8034,3.8015
22-Apr-15,US Dollar,USDGHS,3.827,3.8308,3.8289
21-Apr-15,US Dollar,USDGHS,3.8004,3.8043,3.8024
20-Apr-15,US Dollar,USDGHS,3.8198,3.8236,3.8217
17-Apr-15,US Dollar,USDGHS,3.822,3.8258,3.8239
16-Apr-15,US Dollar,USDGHS,3.8014,3.8052,3.8033
15-Apr-15,US Dollar,USDGHS,3.8118,3.8156,3.8137
14-Apr-15,US Dollar,USDGHS,3.8181,3.8219,3.82
13-Apr-15,US Dollar,USDGHS,3.8136,3.8174,3.8155
10-Apr-15,US Dollar,USDGHS,3.8017,3.8055,3.8036
9-Apr-15,US Dollar,USDGHS,3.8113,3.8151,3.8132
8-Apr-15,US Dollar,USDGHS,3.7902,3.794,3.7921
7-Apr-15,US Dollar,USDGHS,3.7796,3.7834,3.7815
2-Apr-15,US Dollar,USDGHS,3.7685,3.7723,3.7704
1-Apr-15,US Dollar,USDGHS,3.7638,3.7676,3.7657
31-Mar-15,US Dollar,USDGHS,3.7453,3.7491,3.7472
30-Mar-15,US Dollar,USDGHS,3.7283,3.7321,3.7302
27-Mar-15,US Dollar,USDGHS,3.7133,3.7171,3.7152
26-Mar-15,US Dollar,USDGHS,3.6994,3.7032,3.7013
25-Mar-15,US Dollar,USDGHS,3.696,3.6996,3.6978
24-Mar-15,US Dollar,USDGHS,3.6829,3.6865,3.6847
23-Mar-15,US Dollar,USDGHS,3.6369,3.6405,3.6387
20-Mar-15,US Dollar,USDGHS,3.6384,3.642,3.6402
19-Mar-15,US Dollar,USDGHS,3.5978,3.6014,3.5996
18-Mar-15,US Dollar,USDGHS,3.601,3.6046,3.6028
17-Mar-15,US Dollar,USDGHS,3.5543,3.5579,3.5561
16-Mar-15,US Dollar,USDGHS,3.5503,3.5539,3.5521
13-Mar-15,US Dollar,USDGHS,3.5384,3.542,3.5402
12-Mar-15,US Dollar,USDGHS,3.5344,3.538,3.5362
11-Mar-15,US Dollar,USDGHS,3.5254,3.529,3.5272
10-Mar-15,US Dollar,USDGHS,3.506,3.5096,3.5078
9-Mar-15,US Dollar,USDGHS,3.5077,3.5113,3.5095
5-Mar-15,US Dollar,USDGHS,3.4895,3.4929,3.4912
4-Mar-15,US Dollar,USDGHS,3.481,3.4844,3.4827
3-Mar-15,US Dollar,USDGHS,3.4723,3.4757,3.474
2-Mar-15,US Dollar,USDGHS,3.4719,3.4753,3.4736
27-Feb-15,US Dollar,USDGHS,3.4728,3.4762,3.4745
26-Feb-15,US Dollar,USDGHS,3.4614,3.4648,3.4631
25-Feb-15,US Dollar,USDGHS,3.4536,3.457,3.4553
24-Feb-15,US Dollar,USDGHS,3.4387,3.4421,3.4404
23-Feb-15,US Dollar,USDGHS,3.413,3.4164,3.4147
20-Feb-15,US Dollar,USDGHS,3.4021,3.4055,3.4038
19-Feb-15,US Dollar,USDGHS,3.4003,3.4037,3.402
18-Feb-15,US Dollar,USDGHS,3.394,3.3974,3.3957
17-Feb-15,US Dollar,USDGHS,3.3873,3.3907,3.389
16-Feb-15,US Dollar,USDGHS,3.3873,3.3907,3.389
13-Feb-15,US Dollar,USDGHS,3.3648,3.3682,3.3665
12-Feb-15,US Dollar,USDGHS,3.3459,3.3493,3.3476
11-Feb-15,US Dollar,USDGHS,3.3516,3.355,3.3533
10-Feb-15,US Dollar,USDGHS,3.3431,3.3465,3.3448
9-Feb-15,US Dollar,USDGHS,3.2825,3.2857,3.2841
6-Feb-15,US Dollar,USDGHS,3.28,3.2816,3.2808
5-Feb-15,US Dollar,USDGHS,3.2744,3.2776,3.276
4-Feb-15,US Dollar,USDGHS,3.2673,3.2706,3.269
3-Feb-15,US Dollar,USDGHS,3.2497,3.2529,3.2513
2-Feb-15,US Dollar,USDGHS,3.242,3.2452,3.2436
30-Jan-15,US Dollar,USDGHS,3.2385,3.2417,3.2401
29-Jan-15,US Dollar,USDGHS,3.2312,3.2344,3.2328
28-Jan-15,US Dollar,USDGHS,3.2312,3.2344,3.2328
27-Jan-15,US Dollar,USDGHS,3.2251,3.2283,3.2267
26-Jan-15,US Dollar,USDGHS,3.2284,3.2316,3.23
23-Jan-15,US Dollar,USDGHS,3.2259,3.2291,3.2275
22-Jan-15,US Dollar,USDGHS,3.2232,3.2264,3.2248
21-Jan-15,US Dollar,USDGHS,3.2234,3.2266,3.225
20-Jan-15,US Dollar,USDGHS,3.2188,3.222,3.2204
19-Jan-15,US Dollar,USDGHS,3.2188,3.222,3.2204
16-Jan-15,US Dollar,USDGHS,3.2179,3.2211,3.2195
15-Jan-15,US Dollar,USDGHS,3.2165,3.2198,3.2182
14-Jan-15,US Dollar,USDGHS,3.2165,3.2198,3.2182
13-Jan-15,US Dollar,USDGHS,3.2093,3.2125,3.2109
12-Jan-15,US Dollar,USDGHS,3.2093,3.2125,3.2109
9-Jan-15,US Dollar,USDGHS,3.2092,3.2124,3.2108
8-Jan-15,US Dollar,USDGHS,3.2076,3.2108,3.2092
7-Jan-15,US Dollar,USDGHS,3.2061,3.2093,3.2077
6-Jan-15,US Dollar,USDGHS,3.2025,3.2057,3.2041
5-Jan-15,US Dollar,USDGHS,3.1997,3.2029,3.2013
2-Jan-15,US Dollar,USDGHS,3.1988,3.2013,3.2001
