Date,Currency,Currency Pair,Buying,Selling,Mid Rate,log_return
2015-01-02,US Dollar,USDGHS,3.1988,3.2013,3.2001,
2015-01-05,US Dollar,USDGHS,3.1997,3.2029,3.2013,0.000374917991082056
2015-01-06,US Dollar,USDGHS,3.2025,3.2057,3.2041,0.0008742623968353735
2015-01-07,US Dollar,USDGHS,3.2061,3.2093,3.2077,0.0011229297165510897
2015-01-08,US Dollar,USDGHS,3.2076,3.2108,3.2092,0.0004675154754855515
2015-01-09,US Dollar,USDGHS,3.2092,3.2124,3.2108,0.0004984423779208399
2015-01-12,US Dollar,USDGHS,3.2093,3.2125,3.2109,3.114440101785622e-05
2015-01-13,US Dollar,USDGHS,3.2093,3.2125,3.2109,0.0
2015-01-14,US Dollar,USDGHS,3.2165,3.2198,3.2182,0.0022709253666100427
2015-01-15,US Dollar,USDGHS,3.2165,3.2198,3.2182,0.0
2015-01-16,US Dollar,USDGHS,3.2179,3.2211,3.2195,0.00040387095318845495
2015-01-19,US Dollar,USDGHS,3.2188,3.222,3.2204,0.000279507447587484
2015-01-20,US Dollar,USDGHS,3.2188,3.222,3.2204,0.0
2015-01-21,US Dollar,USDGHS,3.2234,3.2266,3.225,0.0014273748040471465
2015-01-22,US Dollar,USDGHS,3.2232,3.2264,3.2248,-6.201742691683379e-05
2015-01-23,US Dollar,USDGHS,3.2259,3.2291,3.2275,0.0008369109178414967
2015-01-26,US Dollar,USDGHS,3.2284,3.2316,3.23,0.0007742934959046463
2015-01-27,US Dollar,USDGHS,3.2251,3.2283,3.2267,-0.0010221940890368713
2015-01-28,US Dollar,USDGHS,3.2312,3.2344,3.2328,0.0018886916365984956
2015-01-29,US Dollar,USDGHS,3.2312,3.2344,3.2328,0.0
2015-01-30,US Dollar,USDGHS,3.2385,3.2417,3.2401,0.0022555587433524525
2015-02-02,US Dollar,USDGHS,3.242,3.2452,3.2436,0.0010796305627858852
2015-02-03,US Dollar,USDGHS,3.2497,3.2529,3.2513,0.0023710922747080232
2015-02-04,US Dollar,USDGHS,3.2673,3.2706,3.269,0.0054292113791004435
2015-02-05,US Dollar,USDGHS,3.2744,3.2776,3.276,0.0021390382487492207
2015-02-06,US Dollar,USDGHS,3.28,3.2816,3.2808,0.0014641291048896699
2015-02-09,US Dollar,USDGHS,3.2825,3.2857,3.2841,0.001005346700771832
2015-02-10,US Dollar,USDGHS,3.3431,3.3465,3.3448,0.018314259263734013
2015-02-11,US Dollar,USDGHS,3.3516,3.355,3.3533,0.00253803453600665
2015-02-12,US Dollar,USDGHS,3.3459,3.3493,3.3476,-0.0017012644196429494
2015-02-13,US Dollar,USDGHS,3.3648,3.3682,3.3665,0.0056299578266166194
2015-02-16,US Dollar,USDGHS,3.3873,3.3907,3.389,0.0066612636217158235
2015-02-17,US Dollar,USDGHS,3.3873,3.3907,3.389,0.0
2015-02-18,US Dollar,USDGHS,3.394,3.3974,3.3957,0.00197503269943289
2015-02-19,US Dollar,USDGHS,3.4003,3.4037,3.402,0.0018535686493228347
2015-02-20,US Dollar,USDGHS,3.4021,3.4055,3.4038,0.0005289606047692815
2015-02-23,US Dollar,USDGHS,3.413,3.4164,3.4147,0.003197186854875785
2015-02-24,US Dollar,USDGHS,3.4387,3.4421,3.4404,0.007498102261872267
2015-02-25,US Dollar,USDGHS,3.4536,3.457,3.4553,0.004321540435054071
2015-02-26,US Dollar,USDGHS,3.4614,3.4648,3.4631,0.002254857569625491
2015-02-27,US Dollar,USDGHS,3.4728,3.4762,3.4745,0.003286442072377885
2015-03-02,US Dollar,USDGHS,3.4719,3.4753,3.4736,-0.00025906363035471533
2015-03-03,US Dollar,USDGHS,3.4723,3.4757,3.474,0.00011514767702299958
2015-03-04,US Dollar,USDGHS,3.481,3.4844,3.4827,0.0025011872110494962
2015-03-05,US Dollar,USDGHS,3.4895,3.4929,3.4912,0.002437661626651846
2015-03-09,US Dollar,USDGHS,3.5077,3.5113,3.5095,0.005228060531724481
2015-03-10,US Dollar,USDGHS,3.506,3.5096,3.5078,-0.00048451684643872
2015-03-11,US Dollar,USDGHS,3.5254,3.529,3.5272,0.005515294719690427
2015-03-12,US Dollar,USDGHS,3.5344,3.538,3.5362,0.002548349200261115
2015-03-13,US Dollar,USDGHS,3.5384,3.542,3.5402,0.0011305184630671329
2015-03-16,US Dollar,USDGHS,3.5503,3.5539,3.5521,0.0033557551618652068
2015-03-17,US Dollar,USDGHS,3.5543,3.5579,3.5561,0.0011254608542867915
2015-03-18,US Dollar,USDGHS,3.601,3.6046,3.6028,0.013046882186379784
2015-03-19,US Dollar,USDGHS,3.5978,3.6014,3.5996,-0.0008885927497941819
2015-03-20,US Dollar,USDGHS,3.6384,3.642,3.6402,0.011215897016513604
2015-03-23,US Dollar,USDGHS,3.6369,3.6405,3.6387,-0.00041215019336265723
2015-03-24,US Dollar,USDGHS,3.6829,3.6865,3.6847,0.012562636200239579
2015-03-25,US Dollar,USDGHS,3.696,3.6996,3.6978,0.0035489370130683045
2015-03-26,US Dollar,USDGHS,3.6994,3.7032,3.7013,0.0009460610779826366
2015-03-27,US Dollar,USDGHS,3.7133,3.7171,3.7152,0.0037484032293372853
2015-03-30,US Dollar,USDGHS,3.7283,3.7321,3.7302,0.004029338999774455
2015-03-31,US Dollar,USDGHS,3.7453,3.7491,3.7472,0.004547042900051244
2015-04-01,US Dollar,USDGHS,3.7638,3.7676,3.7657,0.004924872523828951
2015-04-02,US Dollar,USDGHS,3.7685,3.7723,3.7704,0.0012473296822939444
2015-04-07,US Dollar,USDGHS,3.7796,3.7834,3.7815,0.00293965968656312
2015-04-08,US Dollar,USDGHS,3.7902,3.794,3.7921,0.0027991990391282896
2015-04-09,US Dollar,USDGHS,3.8113,3.8151,3.8132,0.005548776284210543
2015-04-10,US Dollar,USDGHS,3.8017,3.8055,3.8036,-0.0025207449541339707
2015-04-13,US Dollar,USDGHS,3.8136,3.8174,3.8155,0.003123731064398866
2015-04-14,US Dollar,USDGHS,3.8181,3.8219,3.82,0.0011787048709328814
2015-04-15,US Dollar,USDGHS,3.8118,3.8156,3.8137,-0.0016505761112725254
2015-04-16,US Dollar,USDGHS,3.8014,3.8052,3.8033,-0.0027307355816358217
2015-04-17,US Dollar,USDGHS,3.822,3.8258,3.8239,0.005401733294030829
2015-04-20,US Dollar,USDGHS,3.8198,3.8236,3.8217,-0.0005754944178924127
2015-04-21,US Dollar,USDGHS,3.8004,3.8043,3.8024,-0.0050629034840511955
2015-04-22,US Dollar,USDGHS,3.827,3.8308,3.8289,0.006945109356955152
2015-04-23,US Dollar,USDGHS,3.7996,3.8034,3.8015,-0.007181829988263437
2015-04-24,US Dollar,USDGHS,3.824,3.8278,3.8259,0.0063980080324724286
2015-04-27,US Dollar,USDGHS,3.8332,3.837,3.8351,0.002401776379725732
2015-04-28,US Dollar,USDGHS,3.835,3.8389,3.837,0.0004953011662629687
2015-04-29,US Dollar,USDGHS,3.8378,3.8417,3.8398,0.0007294706451027837
2015-04-30,US Dollar,USDGHS,3.8474,3.8512,3.8493,0.002471031677026999
2015-05-04,US Dollar,USDGHS,3.8491,3.853,3.8511,0.0004675081899083584
2015-05-05,US Dollar,USDGHS,3.8551,3.859,3.8571,0.0015567839993222232
2015-05-06,US Dollar,USDGHS,3.857,3.8608,3.8589,0.0004665629944666542
2015-05-07,US Dollar,USDGHS,3.8552,3.859,3.8571,-0.0004665629944666531
2015-05-08,US Dollar,USDGHS,3.8641,3.8679,3.866,0.0023047750099633563
2015-05-11,US Dollar,USDGHS,3.861,3.8648,3.8629,-0.0008021840536783971
2015-05-12,US Dollar,USDGHS,3.8624,3.8662,3.8643,0.0003623563555542184
2015-05-13,US Dollar,USDGHS,3.8669,3.8707,3.8688,0.0011638283503215623
2015-05-14,US Dollar,USDGHS,3.8808,3.8847,3.8828,0.003612161417597854
2015-05-15,US Dollar,USDGHS,3.8898,3.8937,3.8918,0.00231523268598415
2015-05-18,US Dollar,USDGHS,3.8739,3.8777,3.8758,-0.004119682431906396
2015-05-19,US Dollar,USDGHS,3.8596,3.8636,3.8616,-0.003670487745865856
2015-05-20,US Dollar,USDGHS,3.872,3.8759,3.874,0.0032059596206581117
2015-05-21,US Dollar,USDGHS,3.9037,3.9077,3.9057,0.008149459604519817
2015-05-22,US Dollar,USDGHS,3.9365,3.9405,3.9385,0.00836291557191798
2015-05-26,US Dollar,USDGHS,3.9298,3.9338,3.9318,-0.001702603869872824
2015-05-27,US Dollar,USDGHS,3.9642,3.9682,3.9662,0.008711121178223391
2015-05-28,US Dollar,USDGHS,3.9584,3.9624,3.9604,-0.00146342720336997
2015-05-29,US Dollar,USDGHS,3.9956,3.9996,3.9976,0.00934915078163565
2015-06-01,US Dollar,USDGHS,4.0117,4.0157,4.0137,0.004019328117688062
2015-06-02,US Dollar,USDGHS,4.0416,4.0456,4.0436,0.007421875132219218
2015-06-03,US Dollar,USDGHS,4.053,4.057,4.055,0.0028153032696107425
2015-06-04,US Dollar,USDGHS,4.0882,4.0922,4.0902,0.008643181047281403
2015-06-05,US Dollar,USDGHS,4.0966,4.1006,4.0986,0.002051583369064111
2015-06-08,US Dollar,USDGHS,4.1072,4.1114,4.1093,0.002607245717250125
2015-06-09,US Dollar,USDGHS,4.1103,4.1145,4.1124,0.0007541019854546727
2015-06-10,US Dollar,USDGHS,4.115,4.1192,4.1171,0.0011422323375672625
2015-06-11,US Dollar,USDGHS,4.1341,4.1382,4.1362,0.0046284599124450584
2015-06-12,US Dollar,USDGHS,4.1593,4.1635,4.1614,0.006074064181905612
2015-06-15,US Dollar,USDGHS,4.1824,4.1866,4.1845,0.005535666372447187
2015-06-16,US Dollar,USDGHS,4.2281,4.2323,4.2302,0.010862050773545432
2015-06-17,US Dollar,USDGHS,4.2298,4.234,4.2319,0.00040179152287737836
2015-06-18,US Dollar,USDGHS,4.246,4.2502,4.2481,0.003820759364992335
2015-06-19,US Dollar,USDGHS,4.2673,4.2715,4.2694,0.0050014779926550665
2015-06-22,US Dollar,USDGHS,4.2767,4.281,4.2789,0.002222665070487243
2015-06-23,US Dollar,USDGHS,4.2791,4.2833,4.2812,0.0005373769127342215
2015-06-24,US Dollar,USDGHS,4.3018,4.3061,4.304,0.005311478731399736
2015-06-25,US Dollar,USDGHS,4.3057,4.3101,4.3079,0.0009057235375720745
2015-06-26,US Dollar,USDGHS,4.3135,4.3178,4.3157,0.0018089897785351552
2015-06-29,US Dollar,USDGHS,4.3252,4.3295,4.3274,0.0027073635956013998
2015-06-30,US Dollar,USDGHS,4.3343,4.3385,4.3364,0.0020776110338075466
2015-07-02,US Dollar,USDGHS,4.1893,4.1935,4.1914,-0.03400970380129427
2015-07-03,US Dollar,USDGHS,4.0197,4.0237,4.0217,-0.041330108191539455
2015-07-06,US Dollar,USDGHS,3.9282,3.9322,3.9302,-0.023014383640636203
2015-07-07,US Dollar,USDGHS,3.7899,3.7937,3.7918,-0.0358494747857288
2015-07-08,US Dollar,USDGHS,3.6661,3.6699,3.668,-0.03319428599158245
2015-07-09,US Dollar,USDGHS,3.5445,3.5481,3.5463,-0.03374174795191454
2015-07-10,US Dollar,USDGHS,3.4596,3.463,3.4613,-0.02426056539535826
2015-07-13,US Dollar,USDGHS,3.333,3.3363,3.3347,-0.03726152074804303
2015-07-14,US Dollar,USDGHS,3.3109,3.3142,3.3126,-0.006649340762985715
2015-07-15,US Dollar,USDGHS,3.3094,3.3128,3.3111,-0.00045291907110588537
2015-07-16,US Dollar,USDGHS,3.2528,3.2562,3.2545,-0.017241806434505992
2015-07-17,US Dollar,USDGHS,3.2343,3.2377,3.236,-0.005700654834059729
2015-07-21,US Dollar,USDGHS,3.2643,3.2676,3.266,0.00922799535202814
2015-07-22,US Dollar,USDGHS,3.2763,3.2796,3.278,0.0036674857733646547
2015-07-23,US Dollar,USDGHS,3.2849,3.2882,3.2866,0.0026201154434146333
2015-07-24,US Dollar,USDGHS,3.289,3.2922,3.2906,0.0012163232053600862
2015-07-27,US Dollar,USDGHS,3.3652,3.3685,3.3669,0.022922520737770173
2015-07-28,US Dollar,USDGHS,3.4104,3.4138,3.4121,0.013335497815333369
2015-07-29,US Dollar,USDGHS,3.4234,3.4268,3.4251,0.003802730844738073
2015-07-30,US Dollar,USDGHS,3.4528,3.4564,3.4546,0.00857600790879283
2015-07-31,US Dollar,USDGHS,3.463,3.4666,3.4648,0.002948234641232711
2015-08-03,US Dollar,USDGHS,3.5534,3.5569,3.5552,0.02575640954489407
2015-08-04,US Dollar,USDGHS,3.5908,3.5944,3.5926,0.010464853889424378
2015-08-05,US Dollar,USDGHS,3.6738,3.6776,3.6757,0.022867416364391643
2015-08-06,US Dollar,USDGHS,3.7195,3.7232,3.7214,0.012356350854414147
2015-08-07,US Dollar,USDGHS,3.7558,3.7596,3.7577,0.009707126536662489
2015-08-10,US Dollar,USDGHS,3.7784,3.7822,3.7803,0.005996303453553658
2015-08-11,US Dollar,USDGHS,3.7953,3.7991,3.7972,0.004460581463886342
2015-08-12,US Dollar,USDGHS,3.825,3.8288,3.8269,0.007791122948623548
2015-08-13,US Dollar,USDGHS,3.8712,3.8751,3.8732,0.01202596278110908
2015-08-14,US Dollar,USDGHS,3.9081,3.912,3.9101,0.009481910362559548
2015-08-17,US Dollar,USDGHS,3.9217,3.9257,3.9237,0.0034721370632807445
2015-08-18,US Dollar,USDGHS,3.9377,3.9417,3.9397,0.004069492097824238
2015-08-19,US Dollar,USDGHS,3.9601,3.9641,3.9621,0.005669609456827783
2015-08-20,US Dollar,USDGHS,3.9777,3.9817,3.9797,0.004432251835212742
2015-08-21,US Dollar,USDGHS,4.0172,4.0212,4.0192,0.00987643828074361
2015-08-24,US Dollar,USDGHS,4.0326,4.0366,4.0346,0.003824286366425666
2015-08-25,US Dollar,USDGHS,4.0466,4.0506,4.0486,0.003463978127226775
2015-08-26,US Dollar,USDGHS,4.058,4.062,4.06,0.0028118312683011607
2015-08-27,US Dollar,USDGHS,4.065,4.0691,4.0671,0.0017472411576751558
2015-08-28,US Dollar,USDGHS,4.0436,4.0476,4.0456,-0.005300343987679967
2015-08-31,US Dollar,USDGHS,3.9211,3.9251,3.9231,-0.030747713185207116
2015-09-01,US Dollar,USDGHS,3.7779,3.7817,3.7798,-0.03721105941962914
2015-09-02,US Dollar,USDGHS,3.7393,3.743,3.7412,-0.010264682600541144
2015-09-03,US Dollar,USDGHS,3.7028,3.7065,3.7047,-0.00980413176850954
2015-09-04,US Dollar,USDGHS,3.7064,3.7101,3.7083,0.0009712667700007916
2015-09-07,US Dollar,USDGHS,3.7064,3.7101,3.7083,0.0
2015-09-08,US Dollar,USDGHS,3.7122,3.7159,3.7141,0.0015628371363770991
2015-09-09,US Dollar,USDGHS,3.7183,3.722,3.7202,0.0016410425645863784
2015-09-10,US Dollar,USDGHS,3.7233,3.7271,3.7252,0.0013431113846523444
2015-09-11,US Dollar,USDGHS,3.7233,3.7271,3.7252,0.0
2015-09-14,US Dollar,USDGHS,3.7842,3.788,3.7861,0.016215923873843605
2015-09-15,US Dollar,USDGHS,3.8055,3.8093,3.8074,0.0056100759503419795
2015-09-16,US Dollar,USDGHS,3.8303,3.8343,3.8323,0.006518603654918197
2015-09-17,US Dollar,USDGHS,3.8566,3.8606,3.8586,0.006839278242265998
2015-09-18,US Dollar,USDGHS,3.8475,3.8513,3.8494,-0.00238713138784899
2015-09-22,US Dollar,USDGHS,3.8281,3.8319,3.83,-0.005052488806331817
2015-09-23,US Dollar,USDGHS,3.8089,3.8127,3.8108,-0.005025662342067401
2015-09-25,US Dollar,USDGHS,3.7912,3.795,3.7931,-0.00465551413586737
2015-09-28,US Dollar,USDGHS,3.776,3.7797,3.7779,-0.0040153270168465
2015-09-29,US Dollar,USDGHS,3.7526,3.7564,3.7545,-0.00621317913997175
2015-09-30,US Dollar,USDGHS,3.7234,3.7272,3.7253,-0.007807735056450163
2015-10-01,US Dollar,USDGHS,3.7094,3.7132,3.7113,-0.0037651659465929043
2015-10-02,US Dollar,USDGHS,3.7178,3.7216,3.7197,0.0022608003170103714
2015-10-05,US Dollar,USDGHS,3.7061,3.7098,3.708,-0.0031503721681602355
2015-10-06,US Dollar,USDGHS,3.7223,3.7261,3.7242,0.004359415961916242
2015-10-07,US Dollar,USDGHS,3.74,3.7438,3.7419,0.004741440152110882
2015-10-08,US Dollar,USDGHS,3.7493,3.7531,3.7512,0.002482284975603512
2015-10-09,US Dollar,USDGHS,3.7634,3.7672,3.7653,0.003751750559133722
2015-10-12,US Dollar,USDGHS,3.7554,3.7591,3.7573,-0.002126925003555489
2015-10-13,US Dollar,USDGHS,3.7637,3.7675,3.7656,0.002206596755977868
2015-10-14,US Dollar,USDGHS,3.7653,3.7691,3.7672,0.0004248088424121448
2015-10-15,US Dollar,USDGHS,3.7696,3.7734,3.7715,0.0011407803643407426
2015-10-16,US Dollar,USDGHS,3.7735,3.7773,3.7754,0.0010335370409476831
2015-10-19,US Dollar,USDGHS,3.8015,3.8053,3.8034,0.007389066183542245
2015-10-20,US Dollar,USDGHS,3.7974,3.8012,3.7993,-0.0010785642988572631
2015-10-21,US Dollar,USDGHS,3.7975,3.8013,3.7994,2.6320291630308026e-05
2015-10-22,US Dollar,USDGHS,3.7933,3.7971,3.7952,-0.0011060491475971678
2015-10-23,US Dollar,USDGHS,3.7846,3.7884,3.7865,-0.002295000809474136
2015-10-26,US Dollar,USDGHS,3.7894,3.7932,3.7913,0.0012668586243955934
2015-10-27,US Dollar,USDGHS,3.7756,3.7794,3.7775,-0.003646553031378341
2015-10-28,US Dollar,USDGHS,3.7837,3.7875,3.7856,0.0021419796371731103
2015-10-29,US Dollar,USDGHS,3.7835,3.7873,3.7854,-5.283317924888417e-05
2015-10-30,US Dollar,USDGHS,3.7877,3.7915,3.7896,0.0011089110047232213
2015-11-02,US Dollar,USDGHS,3.7906,3.7944,3.7925,0.0007649596131453429
2015-11-03,US Dollar,USDGHS,3.7879,3.7917,3.7898,-0.0007121849871732306
2015-11-04,US Dollar,USDGHS,3.788,3.7918,3.7899,2.6386268587193977e-05
2015-11-05,US Dollar,USDGHS,3.7881,3.7919,3.79,2.638557237071698e-05
2015-11-06,US Dollar,USDGHS,3.7904,3.7942,3.7923,0.0006066760931495887
2015-11-09,US Dollar,USDGHS,3.7894,3.7932,3.7913,-0.00026372699134864384
2015-11-10,US Dollar,USDGHS,3.7894,3.7932,3.7913,0.0
2015-11-11,US Dollar,USDGHS,3.7894,3.7932,3.7913,0.0
2015-11-12,US Dollar,USDGHS,3.7904,3.7942,3.7923,0.0002637269913486043
2015-11-13,US Dollar,USDGHS,3.79,3.7938,3.7919,-0.00010548245045512688
2015-11-16,US Dollar,USDGHS,3.7833,3.7871,3.7852,-0.0017684870850888546
2015-11-17,US Dollar,USDGHS,3.7877,3.7915,3.7896,0.0011617469754643748
2015-11-18,US Dollar,USDGHS,3.788,3.7918,3.7899,7.916089455938305e-05
2015-11-19,US Dollar,USDGHS,3.7835,3.7873,3.7854,-0.0011880718992825564
2015-11-20,US Dollar,USDGHS,3.786,3.7898,3.7879,0.000660214197459253
2015-11-23,US Dollar,USDGHS,3.7846,3.7884,3.7865,-0.00036966624840063664
2015-11-24,US Dollar,USDGHS,3.7894,3.7932,3.7913,0.0012668586243955934
2015-11-25,US Dollar,USDGHS,3.7927,3.7965,3.7946,0.0008700352517603811
2015-11-26,US Dollar,USDGHS,3.7927,3.7965,3.7946,0.0
2015-11-27,US Dollar,USDGHS,3.7842,3.788,3.7861,-0.002242537908686868
2015-11-30,US Dollar,USDGHS,3.7913,3.7951,3.7932,0.0018735244882260415
2015-12-01,US Dollar,USDGHS,3.7796,3.7834,3.7815,-0.0030892337134881646
2015-12-02,US Dollar,USDGHS,3.7796,3.7834,3.7815,0.0
2015-12-03,US Dollar,USDGHS,3.7936,3.7974,3.7955,0.003695398160738818
2015-12-07,US Dollar,USDGHS,3.794,3.7978,3.7959,0.00010538240650485917
2015-12-08,US Dollar,USDGHS,3.7967,3.8005,3.7986,0.0007110409148080516
2015-12-09,US Dollar,USDGHS,3.7903,3.7941,3.7922,-0.0016862521780326245
2015-12-10,US Dollar,USDGHS,3.7951,3.7989,3.797,0.0012649556316991896
2015-12-11,US Dollar,USDGHS,3.7941,3.7979,3.796,-0.0002634005019839655
2015-12-14,US Dollar,USDGHS,3.79,3.7938,3.7919,-0.0010806680106519317
2015-12-15,US Dollar,USDGHS,3.7966,3.8004,3.7985,0.0017390392241097917
2015-12-16,US Dollar,USDGHS,3.7961,3.7999,3.798,-0.00013163957104516766
2015-12-17,US Dollar,USDGHS,3.7973,3.8011,3.7992,0.00031590586268086224
2015-12-18,US Dollar,USDGHS,3.7883,3.7921,3.7902,-0.0023717301022023645
2015-12-21,US Dollar,USDGHS,3.7953,3.7991,3.7972,0.0018451648749337052
2015-12-22,US Dollar,USDGHS,3.7913,3.7951,3.7932,-0.0010539629980711148
2015-12-23,US Dollar,USDGHS,3.7875,3.7913,3.7894,-0.0010022948113105254
2015-12-24,US Dollar,USDGHS,3.7959,3.7997,3.7978,0.002214256493054607
2015-12-29,US Dollar,USDGHS,3.7979,3.8017,3.7998,0.0005264820591230409
2015-12-30,US Dollar,USDGHS,3.7925,3.7963,3.7944,-0.001422138187067659
2015-12-31,US Dollar,USDGHS,3.7931,3.7969,3.795,0.0001581152663584259
2016-01-04,US Dollar,USDGHS,3.7804,3.7841,3.7823,-0.0033521206477730653
2016-01-05,US Dollar,USDGHS,3.79,3.7938,3.7919,0.002534922537209221
2016-01-06,US Dollar,USDGHS,3.7948,3.7986,3.7967,0.001265055646666451
2016-01-07,US Dollar,USDGHS,3.795,3.7988,3.7969,5.267593764376085e-05
2016-01-08,US Dollar,USDGHS,3.7967,3.8005,3.7986,0.0004476334746591115
2016-01-11,US Dollar,USDGHS,3.7871,3.7908,3.789,-0.0025304457595350122
2016-01-12,US Dollar,USDGHS,3.7972,3.801,3.7991,0.0026620645390923996
2016-01-13,US Dollar,USDGHS,3.7995,3.8033,3.8014,0.0006052233590439806
2016-01-14,US Dollar,USDGHS,3.8041,3.8079,3.806,0.0012093489393575272
2016-01-15,US Dollar,USDGHS,3.8064,3.8102,3.8083,0.0006041264646657852
2016-01-18,US Dollar,USDGHS,3.8064,3.8102,3.8083,0.0
2016-01-19,US Dollar,USDGHS,3.8124,3.8162,3.8143,0.0015742663236054009
2016-01-20,US Dollar,USDGHS,3.8127,3.8165,3.8146,7.864829796039423e-05
2016-01-21,US Dollar,USDGHS,3.8129,3.8167,3.8148,5.2428762431167056e-05
2016-01-22,US Dollar,USDGHS,3.8176,3.8214,3.8195,0.001231285276657141
2016-01-25,US Dollar,USDGHS,3.8226,3.8264,3.8245,0.0013082157805062954
2016-01-26,US Dollar,USDGHS,3.827,3.8308,3.8289,0.001149815894833952
2016-01-27,US Dollar,USDGHS,3.8291,3.833,3.8311,0.0005744125484309881
2016-01-28,US Dollar,USDGHS,3.8291,3.833,3.8311,0.0
2016-01-29,US Dollar,USDGHS,3.8325,3.8363,3.8344,0.0008610006402357688
2016-02-01,US Dollar,USDGHS,3.8372,3.841,3.8391,0.001224995266238547
2016-02-02,US Dollar,USDGHS,3.8428,3.8466,3.8447,0.0014576123770777922
2016-02-03,US Dollar,USDGHS,3.8448,3.8496,3.8472,0.0006500344747149048
2016-02-04,US Dollar,USDGHS,3.8506,3.8545,3.8526,0.0014026340646047346
2016-02-05,US Dollar,USDGHS,3.8569,3.8607,3.8588,0.001608009268340784
2016-02-08,US Dollar,USDGHS,3.859,3.8628,3.8609,0.0005440626065263962
2016-02-09,US Dollar,USDGHS,3.865,3.8689,3.867,0.001578695704372186
2016-02-10,US Dollar,USDGHS,3.8717,3.8756,3.8737,0.0017311100218792492
2016-02-11,US Dollar,USDGHS,3.876,3.88,3.878,0.0011094341734206108
2016-02-12,US Dollar,USDGHS,3.8786,3.8824,3.8805,0.0006444544915962814
2016-02-15,US Dollar,USDGHS,3.8786,3.8824,3.8805,0.0
2016-02-16,US Dollar,USDGHS,3.8745,3.8785,3.8765,-0.0010313266351798483
2016-02-17,US Dollar,USDGHS,3.884,3.888,3.886,0.002447666278371707
2016-02-18,US Dollar,USDGHS,3.8851,3.889,3.8871,0.00028302736548937
2016-02-19,US Dollar,USDGHS,3.8858,3.8896,3.8877,0.00015434480660366355
2016-02-22,US Dollar,USDGHS,3.8918,3.8957,3.8938,0.0015678214353313864
2016-02-23,US Dollar,USDGHS,3.9021,3.9061,3.9041,0.0026417384142193717
2016-02-24,US Dollar,USDGHS,3.9005,3.9045,3.9025,-0.00040990956944224083
2016-02-25,US Dollar,USDGHS,3.8735,3.8773,3.8754,-0.006968490123105103
2016-02-26,US Dollar,USDGHS,3.8767,3.8806,3.8787,0.0008511626621352017
2016-02-29,US Dollar,USDGHS,3.8761,3.88,3.8781,-0.00015470297060559573
2016-03-01,US Dollar,USDGHS,3.8721,3.8761,3.8741,-0.001031965211161696
2016-03-02,US Dollar,USDGHS,3.8731,3.8769,3.875,0.0002322850405974564
2016-03-03,US Dollar,USDGHS,3.866,3.8698,3.8679,-0.0018339387025457883
2016-03-04,US Dollar,USDGHS,3.8573,3.8612,3.8593,-0.002225904221666833
2016-03-08,US Dollar,USDGHS,3.8574,3.8614,3.8594,2.5911099020660398e-05
2016-03-09,US Dollar,USDGHS,3.8458,3.8497,3.8478,-0.003010174579383247
2016-03-10,US Dollar,USDGHS,3.8488,3.8527,3.8508,0.0007793625209392003
2016-03-11,US Dollar,USDGHS,3.8439,3.8477,3.8458,-0.0012992751873246475
2016-03-14,US Dollar,USDGHS,3.842,3.8458,3.8439,-0.0004941675328465666
2016-03-15,US Dollar,USDGHS,3.8404,3.8443,3.8424,-0.00039030483302556477
2016-03-16,US Dollar,USDGHS,3.8411,3.8449,3.843,0.00015614021422937147
2016-03-17,US Dollar,USDGHS,3.8451,3.8489,3.847,0.001040312187451113
2016-03-18,US Dollar,USDGHS,3.8464,3.8502,3.8483,0.00033786857234072604
2016-03-21,US Dollar,USDGHS,3.8466,3.8504,3.8485,5.196964973619772e-05
2016-03-22,US Dollar,USDGHS,3.8461,3.85,3.8481,-0.00010394200045737366
2016-03-23,US Dollar,USDGHS,3.8326,3.8364,3.8345,-0.0035404717690008304
2016-03-24,US Dollar,USDGHS,3.8367,3.8407,3.8387,0.0010947193920251772
2016-03-29,US Dollar,USDGHS,3.8345,3.8383,3.8364,-0.0005993407431429849
2016-03-30,US Dollar,USDGHS,3.8285,3.8323,3.8304,-0.001565190490142039
2016-03-31,US Dollar,USDGHS,3.8346,3.8384,3.8365,0.0015912562540658338
2016-04-01,US Dollar,USDGHS,3.8285,3.8323,3.8304,-0.001591256254065934
2016-04-04,US Dollar,USDGHS,3.8189,3.8227,3.8208,-0.0025094116054256957
2016-04-05,US Dollar,USDGHS,3.8283,3.8321,3.8302,0.0024571963742308716
2016-04-06,US Dollar,USDGHS,3.8281,3.8319,3.83,-5.221795776748921e-05
2016-04-07,US Dollar,USDGHS,3.8275,3.8313,3.8294,-0.00015667023558689624
2016-04-08,US Dollar,USDGHS,3.8218,3.8256,3.8237,-0.0014895927281679852
2016-04-11,US Dollar,USDGHS,3.8268,3.8306,3.8287,0.0013067797583843836
2016-04-12,US Dollar,USDGHS,3.8213,3.8251,3.8232,-0.00143755170537278
2016-04-13,US Dollar,USDGHS,3.8276,3.8314,3.8295,0.0016464780856996822
2016-04-14,US Dollar,USDGHS,3.8226,3.8266,3.8246,-0.0012803597207742693
2016-04-15,US Dollar,USDGHS,3.8213,3.8251,3.8232,-0.000366118364925546
2016-04-18,US Dollar,USDGHS,3.8242,3.8282,3.8262,0.000784375285332546
2016-04-19,US Dollar,USDGHS,3.8234,3.8273,3.8254,-0.00020910659284720948
2016-04-20,US Dollar,USDGHS,3.8213,3.8251,3.8232,-0.0005752686924853067
2016-04-21,US Dollar,USDGHS,3.8155,3.8193,3.8174,-0.001518205668156523
2016-04-22,US Dollar,USDGHS,3.8083,3.8121,3.8102,-0.0018878814144574617
2016-04-25,US Dollar,USDGHS,3.8032,3.807,3.8051,-0.0013394090219577203
2016-04-26,US Dollar,USDGHS,3.7921,3.7959,3.794,-0.002921400664417393
2016-04-27,US Dollar,USDGHS,3.7951,3.7989,3.797,0.0007904097368427837
2016-04-28,US Dollar,USDGHS,3.7932,3.797,3.7951,-0.00050052028810626
2016-04-29,US Dollar,USDGHS,3.7829,3.7867,3.7848,-0.002717715626757796
2016-05-03,US Dollar,USDGHS,3.7957,3.7995,3.7976,0.0033762429201698533
2016-05-04,US Dollar,USDGHS,3.7867,3.7905,3.7886,-0.0023727305429298755
2016-05-05,US Dollar,USDGHS,3.7991,3.8029,3.801,0.0032676322950702854
2016-05-06,US Dollar,USDGHS,3.8032,3.807,3.8051,0.0010780821701281502
2016-05-09,US Dollar,USDGHS,3.8052,3.809,3.8071,0.0005254722802922126
2016-05-10,US Dollar,USDGHS,3.806,3.8098,3.8079,0.00021011162257204879
2016-05-11,US Dollar,USDGHS,3.8057,3.8095,3.8076,-7.878668509107294e-05
2016-05-12,US Dollar,USDGHS,3.8044,3.8082,3.8063,-0.0003414807162249646
2016-05-13,US Dollar,USDGHS,3.8096,3.8134,3.8115,0.001365223767403373
2016-05-16,US Dollar,USDGHS,3.8073,3.8113,3.8093,-0.0005773672215817438
2016-05-17,US Dollar,USDGHS,3.8114,3.8152,3.8133,0.0010495107619861686
2016-05-18,US Dollar,USDGHS,3.8131,3.8169,3.815,0.00044570874982447433
2016-05-19,US Dollar,USDGHS,3.8162,3.8202,3.8182,0.0008384426420015568
2016-05-20,US Dollar,USDGHS,3.8219,3.8257,3.8238,0.0014655851877445924
2016-05-23,US Dollar,USDGHS,3.8249,3.8287,3.8268,0.0007842522557087314
2016-05-24,US Dollar,USDGHS,3.8266,3.8306,3.8286,0.000470256298343931
2016-05-26,US Dollar,USDGHS,3.8272,3.831,3.8291,0.00013058751340767332
2016-05-27,US Dollar,USDGHS,3.8318,3.8356,3.8337,0.001200605667003446
2016-05-30,US Dollar,USDGHS,3.8318,3.8356,3.8337,0.0
2016-05-31,US Dollar,USDGHS,3.8397,3.8435,3.8416,0.002058552184221618
2016-06-01,US Dollar,USDGHS,3.8356,3.8394,3.8375,-0.0010678335715362168
2016-06-02,US Dollar,USDGHS,3.8382,3.8421,3.8402,0.0007033356633636527
2016-06-03,US Dollar,USDGHS,3.8432,3.8471,3.8452,0.001301168632845116
2016-06-06,US Dollar,USDGHS,3.8516,3.8556,3.8536,0.0021821591243498415
2016-06-07,US Dollar,USDGHS,3.8557,3.8597,3.8577,0.0010633746284919245
2016-06-08,US Dollar,USDGHS,3.8618,3.8658,3.8638,0.0015800042139506743
2016-06-09,US Dollar,USDGHS,3.8672,3.871,3.8691,0.0013707666800015304
2016-06-10,US Dollar,USDGHS,3.8686,3.8726,3.8706,0.0003876119277958254
2016-06-13,US Dollar,USDGHS,3.872,3.876,3.874,0.0008780312006901468
2016-06-14,US Dollar,USDGHS,3.8792,3.8832,3.8812,0.0018568191842031777
2016-06-15,US Dollar,USDGHS,3.8968,3.9008,3.8988,0.004524429311910391
2016-06-16,US Dollar,USDGHS,3.8957,3.8997,3.8977,-0.000282177902212228
2016-06-17,US Dollar,USDGHS,3.8974,3.9014,3.8994,0.000436059567515528
2016-06-20,US Dollar,USDGHS,3.9004,3.9044,3.9024,0.0007690533332976882
2016-06-21,US Dollar,USDGHS,3.9012,3.9051,3.9032,0.00020498103997148315
2016-06-22,US Dollar,USDGHS,3.9029,3.9068,3.9049,0.0004354452496412933
2016-06-23,US Dollar,USDGHS,3.905,3.909,3.907,0.0005376413038018557
2016-06-24,US Dollar,USDGHS,3.9059,3.9098,3.9079,0.0002303292438748734
2016-06-27,US Dollar,USDGHS,3.914,3.9178,3.9159,0.0020450427639083836
2016-06-28,US Dollar,USDGHS,3.917,3.9209,3.919,0.0007913311367775734
2016-06-29,US Dollar,USDGHS,3.921,3.9249,3.923,0.001020148009921184
2016-06-30,US Dollar,USDGHS,3.924,3.9279,3.926,0.0007644286268538258
2016-07-04,US Dollar,USDGHS,3.924,3.9279,3.926,0.0
2016-07-05,US Dollar,USDGHS,3.9276,3.9315,3.9296,0.0009165436763621772
2016-07-07,US Dollar,USDGHS,3.9287,3.9327,3.9307,0.0002798875379262299
2016-07-08,US Dollar,USDGHS,3.9313,3.9352,3.9333,0.0006612411227709367
2016-07-11,US Dollar,USDGHS,3.9332,3.9372,3.9352,0.00048293830766430487
2016-07-12,US Dollar,USDGHS,3.9345,3.9385,3.9365,0.0003302971433918527
2016-07-13,US Dollar,USDGHS,3.937,3.9408,3.9389,0.0006094928700247144
2016-07-14,US Dollar,USDGHS,3.9385,3.9425,3.9405,0.0004061222991577541
2016-07-15,US Dollar,USDGHS,3.9392,3.9432,3.9412,0.00017762665461515877
2016-07-18,US Dollar,USDGHS,3.9409,3.9449,3.9429,0.00043124770775275983
2016-07-19,US Dollar,USDGHS,3.9424,3.9464,3.9444,0.0003803583021019581
2016-07-20,US Dollar,USDGHS,3.9435,3.9475,3.9455,0.00027883750291559685
2016-07-21,US Dollar,USDGHS,3.9427,3.9467,3.9447,-0.00020278320010681816
2016-07-22,US Dollar,USDGHS,3.9386,3.9425,3.9406,-0.0010399097991155481
2016-07-25,US Dollar,USDGHS,3.9386,3.9425,3.9406,0.0
2016-07-26,US Dollar,USDGHS,3.9392,3.9432,3.9412,0.00015224948645201452
2016-07-27,US Dollar,USDGHS,3.9443,3.9482,3.9463,0.0012931856001876466
2016-07-28,US Dollar,USDGHS,3.945,3.9488,3.9469,0.00015202959538742426
2016-07-29,US Dollar,USDGHS,3.9431,3.947,3.9451,-0.0004561581427297877
2016-08-01,US Dollar,USDGHS,3.9443,3.9483,3.9463,0.00030412854734256496
2016-08-02,US Dollar,USDGHS,3.9445,3.9485,3.9465,5.067909995006228e-05
2016-08-03,US Dollar,USDGHS,3.9446,3.9486,3.9466,2.5338586868320725e-05
2016-08-04,US Dollar,USDGHS,3.9446,3.9486,3.9466,0.0
2016-08-05,US Dollar,USDGHS,3.9429,3.9469,3.9449,-0.0004308433190893727
2016-08-08,US Dollar,USDGHS,3.9441,3.9481,3.9461,0.00030414396381970817
2016-08-09,US Dollar,USDGHS,3.945,3.949,3.947,0.00022804728279137337
2016-08-10,US Dollar,USDGHS,3.9434,3.9473,3.9454,-0.00040545335307876524
2016-08-11,US Dollar,USDGHS,3.94,3.944,3.942,-0.0008621345971028385
2016-08-12,US Dollar,USDGHS,3.9396,3.9436,3.9416,-0.00010147648291215127
2016-08-15,US Dollar,USDGHS,3.9403,3.9443,3.9423,0.00017757708794867774
2016-08-16,US Dollar,USDGHS,3.9412,3.9452,3.9432,0.00022826707346593032
2016-08-17,US Dollar,USDGHS,3.9417,3.9456,3.9437,0.00012679252955406336
2016-08-18,US Dollar,USDGHS,3.9419,3.9459,3.9439,5.071251078719428e-05
2016-08-19,US Dollar,USDGHS,3.9427,3.9467,3.9447,0.00020282432947344117
2016-08-22,US Dollar,USDGHS,3.9435,3.9475,3.9455,0.00020278320010690446
2016-08-23,US Dollar,USDGHS,3.944,3.948,3.946,0.00012671862147098167
2016-08-24,US Dollar,USDGHS,3.9446,3.9485,3.9466,0.00015204115276469895
2016-08-25,US Dollar,USDGHS,3.9453,3.9492,3.9473,0.00017735213312424248
2016-08-26,US Dollar,USDGHS,3.9443,3.9483,3.9463,-0.0002533698199426205
2016-08-29,US Dollar,USDGHS,3.942,3.946,3.944,-0.0005829943259810614
2016-08-30,US Dollar,USDGHS,3.9425,3.9465,3.9445,0.0001267668126182376
2016-08-31,US Dollar,USDGHS,3.9436,3.9476,3.9456,0.00027883043488098776
2016-09-01,US Dollar,USDGHS,3.9443,3.9483,3.9463,0.0001773970784817618
2016-09-02,US Dollar,USDGHS,3.9444,3.9483,3.9464,2.5339871021427574e-05
2016-09-05,US Dollar,USDGHS,3.9444,3.9483,3.9464,0.0
2016-09-06,US Dollar,USDGHS,3.945,3.949,3.947,0.00015202574331867213
2016-09-07,US Dollar,USDGHS,3.948,3.9518,3.9499,0.0007344654561574458
2016-09-08,US Dollar,USDGHS,3.9498,3.9537,3.9518,0.00048090918071260765
2016-09-09,US Dollar,USDGHS,3.9524,3.9564,3.9544,0.0006577116930324787
2016-09-13,US Dollar,USDGHS,3.9526,3.9566,3.9546,5.057529397976282e-05
2016-09-14,US Dollar,USDGHS,3.953,3.957,3.955,0.00010114291502496983
2016-09-15,US Dollar,USDGHS,3.9539,3.9579,3.9559,0.00022753416270798898
2016-09-16,US Dollar,USDGHS,3.9544,3.9584,3.9564,0.00012638550122348548
2016-09-19,US Dollar,USDGHS,3.9552,3.9592,3.9572,0.00020218358338181647
2016-09-20,US Dollar,USDGHS,3.9574,3.9614,3.9594,0.0005557941683635084
2016-09-22,US Dollar,USDGHS,3.9603,3.9643,3.9623,0.0007321661081710434
2016-09-23,US Dollar,USDGHS,3.9624,3.9664,3.9644,0.000529854806951278
2016-09-26,US Dollar,USDGHS,3.9644,3.9683,3.9664,0.0005043627483727711
2016-09-27,US Dollar,USDGHS,3.9653,3.9692,3.9673,0.00022688027121275215
2016-09-28,US Dollar,USDGHS,3.9683,3.9723,3.9703,0.0007558960247039701
2016-09-29,US Dollar,USDGHS,3.969,3.9728,3.9709,0.00015111066366328956
2016-09-30,US Dollar,USDGHS,3.9695,3.9735,3.9715,0.00015108783268072748
2016-10-03,US Dollar,USDGHS,3.9716,3.9756,3.9736,0.0005286277199540653
2016-10-04,US Dollar,USDGHS,3.9696,3.9736,3.9716,-0.0005034486337017093
2016-10-05,US Dollar,USDGHS,3.9706,3.9746,3.9726,0.0002517559994163613
2016-10-06,US Dollar,USDGHS,3.9705,3.9745,3.9725,-2.5172747984259514e-05
2016-10-07,US Dollar,USDGHS,3.9697,3.9737,3.9717,-0.00020140479915021925
2016-10-10,US Dollar,USDGHS,3.9689,3.9729,3.9709,-0.00020144537121476115
2016-10-11,US Dollar,USDGHS,3.9671,3.9711,3.9691,-0.00045340051154545743
2016-10-12,US Dollar,USDGHS,3.9666,3.9705,3.9686,-0.00012598107780879557
2016-10-13,US Dollar,USDGHS,3.9666,3.9705,3.9686,0.0
2016-10-14,US Dollar,USDGHS,3.9654,3.9694,3.9674,-0.0003024193571435997
2016-10-17,US Dollar,USDGHS,3.9618,3.9657,3.9638,-0.0009078072037609091
2016-10-18,US Dollar,USDGHS,3.9616,3.9655,3.9636,-5.045790550304591e-05
2016-10-19,US Dollar,USDGHS,3.9618,3.9658,3.9638,5.045790550311709e-05
2016-10-20,US Dollar,USDGHS,3.9621,3.9661,3.9641,7.568208482539364e-05
2016-10-21,US Dollar,USDGHS,3.9621,3.9661,3.9641,0.0
2016-10-24,US Dollar,USDGHS,3.9622,3.9662,3.9642,2.5226088822411044e-05
2016-10-25,US Dollar,USDGHS,3.9624,3.9663,3.9644,5.0450268658477273e-05
2016-10-26,US Dollar,USDGHS,3.9625,3.9664,3.9645,2.522417990024931e-05
2016-10-27,US Dollar,USDGHS,3.9632,3.967,3.9651,0.00015133171941718502
2016-10-28,US Dollar,USDGHS,3.9623,3.9663,3.9643,-0.00020178071549281626
2016-10-31,US Dollar,USDGHS,3.9621,3.9661,3.9641,-5.04515413053023e-05
2016-11-01,US Dollar,USDGHS,3.9619,3.9657,3.9638,-7.568208482533023e-05
2016-11-02,US Dollar,USDGHS,3.962,3.966,3.964,5.045535963127697e-05
2016-11-03,US Dollar,USDGHS,3.962,3.966,3.964,0.0
2016-11-04,US Dollar,USDGHS,3.9623,3.9662,3.9643,7.567826649939638e-05
2016-11-07,US Dollar,USDGHS,3.963,3.967,3.965,0.00017656035257033938
2016-11-08,US Dollar,USDGHS,3.9632,3.967,3.9651,2.5220362922311116e-05
2016-11-09,US Dollar,USDGHS,3.9631,3.9671,3.9651,0.0
2016-11-10,US Dollar,USDGHS,3.9633,3.9673,3.9653,5.043881772483418e-05
2016-11-11,US Dollar,USDGHS,3.9633,3.9673,3.9653,0.0
2016-11-14,US Dollar,USDGHS,3.9663,3.9703,3.9683,0.0007562771359758452
2016-11-15,US Dollar,USDGHS,3.9704,3.9744,3.9724,0.0010326546436320951
2016-11-16,US Dollar,USDGHS,3.9741,3.9781,3.9761,0.000930993336415004
2016-11-17,US Dollar,USDGHS,3.9749,3.9789,3.9769,0.00020118194459916143
2016-11-18,US Dollar,USDGHS,3.9753,3.9793,3.9773,0.00010057579651932858
2016-11-21,US Dollar,USDGHS,3.9758,3.9798,3.9778,0.00012570552240914027
2016-11-22,US Dollar,USDGHS,3.9766,3.9806,3.9786,0.00020109597373084537
2016-11-23,US Dollar,USDGHS,3.9773,3.9813,3.9793,0.00017592581002644008
2016-11-24,US Dollar,USDGHS,3.9773,3.9813,3.9793,0.0
2016-11-25,US Dollar,USDGHS,3.9776,3.9816,3.9796,7.538730230107476e-05
2016-11-28,US Dollar,USDGHS,3.9779,3.9819,3.9799,7.538161948427921e-05
2016-11-29,US Dollar,USDGHS,3.9785,3.9824,3.9805,0.00015074619394410597
2016-11-30,US Dollar,USDGHS,4.0296,4.0336,4.0316,0.012755879952089919
2016-12-01,US Dollar,USDGHS,4.0302,4.0342,4.0322,0.00014881321488805733
2016-12-05,US Dollar,USDGHS,4.0305,4.0345,4.0325,7.439830375313812e-05
2016-12-06,US Dollar,USDGHS,4.0344,4.0384,4.0364,0.0009666745910099159
2016-12-07,US Dollar,USDGHS,4.0344,4.0384,4.0364,0.0
2016-12-08,US Dollar,USDGHS,4.0357,4.0397,4.0377,0.0003220173174058144
2016-12-09,US Dollar,USDGHS,4.0374,4.0414,4.0394,0.00042094316650815927
2016-12-12,US Dollar,USDGHS,4.0672,4.0712,4.0692,0.00735025384530534
2016-12-13,US Dollar,USDGHS,4.0934,4.0974,4.0954,0.006417972694866306
2016-12-14,US Dollar,USDGHS,4.0973,4.1014,4.0994,0.0009762289055681983
2016-12-15,US Dollar,USDGHS,4.1029,4.1069,4.1049,0.001340760533846163
2016-12-16,US Dollar,USDGHS,4.1085,4.1125,4.1105,0.001363293538313966
2016-12-19,US Dollar,USDGHS,4.1166,4.1207,4.1187,0.0019929039794806076
2016-12-20,US Dollar,USDGHS,4.121,4.1251,4.1231,0.001067728024949854
2016-12-21,US Dollar,USDGHS,4.1316,4.1356,4.1336,0.002543390376356194
2016-12-22,US Dollar,USDGHS,4.1441,4.1483,4.1462,0.0030435541260371507
2016-12-23,US Dollar,USDGHS,4.15,4.1542,4.1521,0.0014219782350989305
2016-12-28,US Dollar,USDGHS,4.1766,4.1808,4.1787,0.006385963027984534
2016-12-29,US Dollar,USDGHS,4.179,4.1832,4.1811,0.0005741764314782196
2016-12-30,US Dollar,USDGHS,4.1981,4.2023,4.2002,0.004557773391754209
2017-01-03,US Dollar,USDGHS,4.2056,4.2098,4.2077,0.001784036915101951
2017-01-04,US Dollar,USDGHS,4.2076,4.2118,4.2097,0.000475206129597473
2017-01-05,US Dollar,USDGHS,4.208,4.2122,4.2101,9.50141334238345e-05
2017-01-06,US Dollar,USDGHS,4.2129,4.2171,4.215,0.0011631910725049667
2017-01-09,US Dollar,USDGHS,4.2141,4.2183,4.2162,0.0002846569902512172
2017-01-10,US Dollar,USDGHS,4.2168,4.2211,4.219,0.0006638846981317523
2017-01-11,US Dollar,USDGHS,4.2217,4.2259,4.2238,0.001137063655935299
2017-01-12,US Dollar,USDGHS,4.2233,4.2275,4.2254,0.000378734085860211
2017-01-13,US Dollar,USDGHS,4.2254,4.2296,4.2275,0.0004968709066012706
2017-01-16,US Dollar,USDGHS,4.2254,4.2296,4.2275,0.0
2017-01-17,US Dollar,USDGHS,4.2285,4.2327,4.2306,0.0007330251803144208
2017-01-18,US Dollar,USDGHS,4.2307,4.235,4.2329,0.0005435103814305639
2017-01-19,US Dollar,USDGHS,4.2326,4.2368,4.2347,0.0004251499898703048
2017-01-20,US Dollar,USDGHS,4.2355,4.2397,4.2376,0.000684583905966015
2017-01-23,US Dollar,USDGHS,4.2383,4.2425,4.2404,0.0006605331686257857
2017-01-24,US Dollar,USDGHS,4.2409,4.2451,4.243,0.000612961803382331
2017-01-25,US Dollar,USDGHS,4.2646,4.2688,4.2667,0.005570128506756446
2017-01-26,US Dollar,USDGHS,4.2659,4.2702,4.2681,0.00032806861614934806
2017-01-27,US Dollar,USDGHS,4.2668,4.271,4.2689,0.00018741946874614916
2017-01-30,US Dollar,USDGHS,4.2684,4.2727,4.2706,0.0003981497798366424
2017-01-31,US Dollar,USDGHS,4.2689,4.2732,4.2711,0.00011707271399618087
2017-02-01,US Dollar,USDGHS,4.2789,4.2831,4.281,0.002315221857136255
2017-02-02,US Dollar,USDGHS,4.2892,4.2934,4.2913,0.0024030901757379646
2017-02-03,US Dollar,USDGHS,4.2982,4.3025,4.3004,0.0021183242903890323
2017-02-06,US Dollar,USDGHS,4.3021,4.3064,4.3043,0.0009064814036641902
2017-02-07,US Dollar,USDGHS,4.312,4.3163,4.3142,0.0022973845458790277
2017-02-08,US Dollar,USDGHS,4.3614,4.3656,4.3635,0.011362580042749652
2017-02-09,US Dollar,USDGHS,4.369,4.3734,4.3712,0.0017630833330501158
2017-02-10,US Dollar,USDGHS,4.3702,4.3746,4.3724,0.00027448648326415087
2017-02-13,US Dollar,USDGHS,4.3708,4.3752,4.373,0.00013721499324029397
2017-02-14,US Dollar,USDGHS,4.3712,4.3756,4.3734,9.14662033015775e-05
2017-02-15,US Dollar,USDGHS,4.3715,4.3759,4.3737,6.859416266374687e-05
2017-02-16,US Dollar,USDGHS,4.3722,4.3766,4.3744,0.0001600347507444235
2017-02-17,US Dollar,USDGHS,4.3728,4.3772,4.375,0.0001371522620845195
2017-02-20,US Dollar,USDGHS,4.3728,4.3772,4.375,0.0
2017-02-21,US Dollar,USDGHS,4.3738,4.3782,4.376,0.00022854531010236864
2017-02-22,US Dollar,USDGHS,4.4241,4.4285,4.4263,0.0114289555044932
2017-02-23,US Dollar,USDGHS,4.434,4.4385,4.4363,0.0022566750713826664
2017-02-24,US Dollar,USDGHS,4.4376,4.4421,4.4399,0.0008111579724190321
2017-02-27,US Dollar,USDGHS,4.4572,4.4616,4.4594,0.004382374166158084
2017-02-28,US Dollar,USDGHS,4.4764,4.4808,4.4786,0.004296269754460946
2017-03-01,US Dollar,USDGHS,4.4948,4.4992,4.497,0.004100010199976358
2017-03-02,US Dollar,USDGHS,4.5016,4.506,4.5038,0.001510977089531983
2017-03-03,US Dollar,USDGHS,4.507,4.5114,4.5092,0.001198269310136834
2017-03-07,US Dollar,USDGHS,4.5398,4.5442,4.542,0.007247689495127427
2017-03-08,US Dollar,USDGHS,4.6019,4.6065,4.6042,0.013601486719292354
2017-03-09,US Dollar,USDGHS,4.6016,4.6062,4.6039,-6.516002217730115e-05
2017-03-10,US Dollar,USDGHS,4.6007,4.6053,4.603,-0.00019550554537730943
2017-03-13,US Dollar,USDGHS,4.5916,4.5962,4.5939,-0.001978928327969789
2017-03-14,US Dollar,USDGHS,4.5796,4.5842,4.5819,-0.002615577244761943
2017-03-15,US Dollar,USDGHS,4.5717,4.5761,4.5739,-0.0017475266030056488
2017-03-16,US Dollar,USDGHS,4.5536,4.5582,4.5559,-0.003943136393454576
2017-03-17,US Dollar,USDGHS,4.5423,4.5468,4.5446,-0.0024833813103522463
2017-03-20,US Dollar,USDGHS,4.5178,4.5224,4.5201,-0.005405597462344873
2017-03-21,US Dollar,USDGHS,4.4922,4.4968,4.4945,-0.005679690461898455
2017-03-22,US Dollar,USDGHS,4.4767,4.4813,4.479,-0.00345461980615397
2017-03-23,US Dollar,USDGHS,4.4194,4.4238,4.4216,-0.012898185688246919
2017-03-24,US Dollar,USDGHS,4.3484,4.3528,4.3506,-0.016187854913451073
2017-03-27,US Dollar,USDGHS,4.3407,4.345,4.3429,-0.0017714388942421846
2017-03-28,US Dollar,USDGHS,4.3354,4.3398,4.3376,-0.0012211279669587414
2017-03-29,US Dollar,USDGHS,4.3348,4.339,4.3369,-0.00016139258781935718
2017-03-30,US Dollar,USDGHS,4.3362,4.3406,4.3384,0.00034580937026909336
2017-03-31,US Dollar,USDGHS,4.3151,4.3194,4.3173,-0.004875409682613172
2017-04-03,US Dollar,USDGHS,4.2896,4.2938,4.2917,-0.0059472820202822055
2017-04-04,US Dollar,USDGHS,4.2732,4.2774,4.2753,-0.003828649476679322
2017-04-05,US Dollar,USDGHS,4.162,4.1661,4.1641,-0.026354109530944192
2017-04-06,US Dollar,USDGHS,4.1936,4.1978,4.1957,0.00756002548035859
2017-04-07,US Dollar,USDGHS,4.1839,4.1881,4.186,-0.002314567290745524
2017-04-10,US Dollar,USDGHS,4.1894,4.1936,4.1915,0.0013130410719669513
2017-04-11,US Dollar,USDGHS,4.2063,4.2105,4.2084,0.004023862856220791
2017-04-12,US Dollar,USDGHS,4.2041,4.2083,4.2062,-0.0005229006845550031
2017-04-13,US Dollar,USDGHS,4.2082,4.2124,4.2103,0.0009742767954174878
2017-04-18,US Dollar,USDGHS,4.2046,4.2088,4.2067,-0.0008554117190256405
2017-04-19,US Dollar,USDGHS,4.1666,4.1708,4.1687,-0.009074255736962807
2017-04-20,US Dollar,USDGHS,4.1633,4.1673,4.1653,-0.0008159347704893732
2017-04-21,US Dollar,USDGHS,4.1607,4.1647,4.1627,-0.0006243996360405952
2017-04-24,US Dollar,USDGHS,4.162,4.1661,4.1641,0.00033626363385496255
2017-04-25,US Dollar,USDGHS,4.181,4.1852,4.1831,0.004552432627469307
2017-04-26,US Dollar,USDGHS,4.1808,4.185,4.1829,-4.781257471610771e-05
2017-04-27,US Dollar,USDGHS,4.1853,4.1895,4.1874,0.0010752303820759203
2017-04-28,US Dollar,USDGHS,4.1846,4.1887,4.1867,-0.00016718214533633762
2017-05-02,US Dollar,USDGHS,4.1866,4.1907,4.1887,0.0004775891391491447
2017-05-03,US Dollar,USDGHS,4.1814,4.1855,4.1835,-0.0012422065093204235
2017-05-04,US Dollar,USDGHS,4.1904,4.1946,4.1925,0.0021489979617105204
2017-05-05,US Dollar,USDGHS,4.1913,4.1955,4.1934,0.00021464601377434926
2017-05-08,US Dollar,USDGHS,4.1934,4.1976,4.1955,0.0005006615989859273
2017-05-09,US Dollar,USDGHS,4.1958,4.2,4.1979,0.0005718779196532987
2017-05-10,US Dollar,USDGHS,4.1962,4.2004,4.1983,9.528119870954578e-05
2017-05-11,US Dollar,USDGHS,4.1976,4.2018,4.1997,0.0003334127204023192
2017-05-12,US Dollar,USDGHS,4.207,4.2112,4.2091,0.0022357539519471427
2017-05-15,US Dollar,USDGHS,4.2149,4.2191,4.217,0.0018751266457233294
2017-05-16,US Dollar,USDGHS,4.2278,4.232,4.2299,0.003054377352380341
2017-05-17,US Dollar,USDGHS,4.2371,4.2413,4.2392,0.0021962200796121754
2017-05-18,US Dollar,USDGHS,4.2391,4.2434,4.2413,0.000495253827704185
2017-05-19,US Dollar,USDGHS,4.2463,4.2505,4.2484,0.0016726154411279934
2017-05-22,US Dollar,USDGHS,4.2608,4.265,4.2629,0.00340723838376492
2017-05-23,US Dollar,USDGHS,4.3003,4.3046,4.3025,0.009246569254544913
2017-05-24,US Dollar,USDGHS,4.301,4.3054,4.3032,0.00016268287333829603
2017-05-26,US Dollar,USDGHS,4.3024,4.3067,4.3046,0.0003252863710457581
2017-05-29,US Dollar,USDGHS,4.2967,4.301,4.2989,-0.0013250423278840771
2017-05-30,US Dollar,USDGHS,4.2954,4.2998,4.2976,-0.00030244867327617854
2017-05-31,US Dollar,USDGHS,4.2835,4.2878,4.2857,-0.0027728280788281755
2017-06-01,US Dollar,USDGHS,4.2843,4.2886,4.2865,0.00018664986872049742
2017-06-02,US Dollar,USDGHS,4.2906,4.2949,4.2928,0.0014686515525489255
2017-06-05,US Dollar,USDGHS,4.2909,4.2952,4.2931,6.988201589178227e-05
2017-06-06,US Dollar,USDGHS,4.2974,4.3017,4.2996,0.00151291241165706
2017-06-07,US Dollar,USDGHS,4.2998,4.304,4.3019,0.0005347904562732526
2017-06-08,US Dollar,USDGHS,4.3033,4.3075,4.3054,0.0008132632051648109
2017-06-09,US Dollar,USDGHS,4.3192,4.3234,4.3213,0.0036862341346106213
2017-06-12,US Dollar,USDGHS,4.3257,4.33,4.3279,0.0015261530039839006
2017-06-13,US Dollar,USDGHS,4.3353,4.3397,4.3375,0.002215709356173984
2017-06-14,US Dollar,USDGHS,4.3365,4.3408,4.3387,0.00027661879801093545
2017-06-15,US Dollar,USDGHS,4.3373,4.3417,4.3395,0.00018437003117365082
2017-06-16,US Dollar,USDGHS,4.3402,4.3444,4.3423,0.000645027551217547
2017-06-19,US Dollar,USDGHS,4.3422,4.3464,4.3443,0.0004604793671493794
2017-06-20,US Dollar,USDGHS,4.343,4.3472,4.3451,0.0001841323917097426
2017-06-21,US Dollar,USDGHS,4.3499,4.3543,4.3521,0.0016097138185899203
2017-06-22,US Dollar,USDGHS,4.351,4.3554,4.3532,0.0002527196089404542
2017-06-23,US Dollar,USDGHS,4.3518,4.3562,4.354,0.00018375597258618375
2017-06-27,US Dollar,USDGHS,4.355,4.3592,4.3571,0.0007117356317487958
2017-06-28,US Dollar,USDGHS,4.3577,4.3619,4.3598,0.0006194863050733275
2017-06-29,US Dollar,USDGHS,4.3596,4.364,4.3618,0.0004586314518109661
2017-06-30,US Dollar,USDGHS,4.3608,4.365,4.3629,0.00025215766864854667
2017-07-04,US Dollar,USDGHS,4.3608,4.365,4.3629,0.0
2017-07-05,US Dollar,USDGHS,4.3618,4.3662,4.364,0.00025209410118731896
2017-07-06,US Dollar,USDGHS,4.3623,4.3667,4.3645,0.00011456722244284864
2017-07-07,US Dollar,USDGHS,4.3623,4.3667,4.3645,0.0
2017-07-10,US Dollar,USDGHS,4.3627,4.3671,4.3649,9.164432842569813e-05
2017-07-11,US Dollar,USDGHS,4.354,4.3583,4.3562,-0.001995161822702471
2017-07-12,US Dollar,USDGHS,4.3551,4.3595,4.3573,0.0002524817824853687
2017-07-13,US Dollar,USDGHS,4.3563,4.3607,4.3585,0.000275361988017716
2017-07-14,US Dollar,USDGHS,4.358,4.3624,4.3602,0.0003899663990143468
2017-07-17,US Dollar,USDGHS,4.3593,4.3636,4.3615,0.0002981070226282125
2017-07-18,US Dollar,USDGHS,4.3616,4.366,4.3638,0.0005272025152768586
2017-07-19,US Dollar,USDGHS,4.3678,4.3721,4.37,0.0014197717010858203
2017-07-20,US Dollar,USDGHS,4.3682,4.3724,4.3703,6.864752928797081e-05
2017-07-21,US Dollar,USDGHS,4.37,4.3744,4.3722,0.0004346582853677127
2017-07-24,US Dollar,USDGHS,4.3708,4.3751,4.373,0.00018295750862908013
2017-07-25,US Dollar,USDGHS,4.3725,4.3769,4.3747,0.0003886735990947683
2017-07-26,US Dollar,USDGHS,4.3728,4.3772,4.375,6.857377969931921e-05
2017-07-27,US Dollar,USDGHS,4.3756,4.38,4.3778,0.0006397952873393857
2017-07-28,US Dollar,USDGHS,4.37,4.3743,4.3722,-0.0012800001747625888
2017-07-31,US Dollar,USDGHS,4.3721,4.3765,4.3743,0.0004801920860577721
2017-08-01,US Dollar,USDGHS,4.3732,4.3776,4.3754,0.00025143719345704034
2017-08-02,US Dollar,USDGHS,4.3732,4.3776,4.3754,0.0
2017-08-03,US Dollar,USDGHS,4.3728,4.3772,4.375,-9.142439209149605e-05
2017-08-04,US Dollar,USDGHS,4.3736,4.378,4.3758,0.00018284042652746244
2017-08-07,US Dollar,USDGHS,4.3742,4.3786,4.3764,0.0001371083843925611
2017-08-08,US Dollar,USDGHS,4.3742,4.3786,4.3764,0.0
2017-08-09,US Dollar,USDGHS,4.3739,4.3783,4.3761,-6.855184235768171e-05
2017-08-10,US Dollar,USDGHS,4.3739,4.3783,4.3761,0.0
2017-08-11,US Dollar,USDGHS,4.3753,4.3797,4.3775,0.00031986839972980943
2017-08-14,US Dollar,USDGHS,4.3786,4.383,4.3808,0.0007535709341226739
2017-08-15,US Dollar,USDGHS,4.3816,4.386,4.3838,0.0006845720551218054
2017-08-16,US Dollar,USDGHS,4.3826,4.387,4.3848,0.00022808658265532222
2017-08-17,US Dollar,USDGHS,4.3836,4.388,4.3858,0.0002280345710287382
2017-08-18,US Dollar,USDGHS,4.3841,4.3885,4.3863,0.0001139977885664599
2017-08-21,US Dollar,USDGHS,4.3832,4.3876,4.3854,-0.0002052053771011019
2017-08-22,US Dollar,USDGHS,4.3861,4.3905,4.3883,0.000661066620835133
2017-08-23,US Dollar,USDGHS,4.3872,4.3916,4.3894,0.0002506351335220877
2017-08-24,US Dollar,USDGHS,4.3929,4.3973,4.3951,0.0012977405202259094
2017-08-25,US Dollar,USDGHS,4.3962,4.4006,4.3984,0.0007505544219969924
2017-08-28,US Dollar,USDGHS,4.3968,4.4012,4.399,0.00013640393773862642
2017-08-29,US Dollar,USDGHS,4.3968,4.4012,4.399,0.0
2017-08-30,US Dollar,USDGHS,4.3967,4.4011,4.3989,-2.2732697576520723e-05
2017-08-31,US Dollar,USDGHS,4.3972,4.4016,4.3994,0.00011365832047958844
2017-09-04,US Dollar,USDGHS,4.3972,4.4016,4.3994,0.0
2017-09-05,US Dollar,USDGHS,4.3977,4.4021,4.3999,0.00011364540373385208
2017-09-06,US Dollar,USDGHS,4.3999,4.4043,4.4021,0.0004998863998665347
2017-09-07,US Dollar,USDGHS,4.3998,4.4042,4.402,-2.2716688816344425e-05
2017-09-08,US Dollar,USDGHS,4.4005,4.4049,4.4027,0.00015900598577455193
2017-09-11,US Dollar,USDGHS,4.4022,4.4066,4.4044,0.00038605216725435995
2017-09-12,US Dollar,USDGHS,4.4028,4.4073,4.4051,0.00015891934876514747
2017-09-13,US Dollar,USDGHS,4.403,4.4074,4.4052,2.2700702587578163e-05
2017-09-14,US Dollar,USDGHS,4.403,4.4074,4.4052,0.0
2017-09-15,US Dollar,USDGHS,4.4031,4.4075,4.4053,2.2700187277712858e-05
2017-09-18,US Dollar,USDGHS,4.4045,4.4089,4.4067,0.0003177485274122445
2017-09-19,US Dollar,USDGHS,4.4052,4.4096,4.4074,0.0001588364101774006
2017-09-20,US Dollar,USDGHS,4.4054,4.4098,4.4076,4.537719796586204e-05
2017-09-22,US Dollar,USDGHS,4.4055,4.4099,4.4077,2.2687826847324463e-05
2017-09-25,US Dollar,USDGHS,4.4051,4.4095,4.4073,-9.075439597832971e-05
2017-09-26,US Dollar,USDGHS,4.4013,4.4057,4.4035,-0.0008625777989768803
2017-09-27,US Dollar,USDGHS,4.3997,4.4041,4.4019,-0.0003634133639832189
2017-09-28,US Dollar,USDGHS,4.3996,4.404,4.4018,-2.2717720959403563e-05
2017-09-29,US Dollar,USDGHS,4.3922,4.3966,4.3944,-0.0016825451321609887
2017-10-02,US Dollar,USDGHS,4.392,4.3964,4.3942,-4.551350614086036e-05
2017-10-03,US Dollar,USDGHS,4.3927,4.3971,4.3949,0.00015928820959603494
2017-10-04,US Dollar,USDGHS,4.3923,4.3966,4.3945,-9.101872716587886e-05
2017-10-05,US Dollar,USDGHS,4.3915,4.3959,4.3937,-0.00018206231132879803
2017-10-06,US Dollar,USDGHS,4.3876,4.3919,4.3898,-0.0008880287485155315
2017-10-09,US Dollar,USDGHS,4.3876,4.3919,4.3898,0.0
2017-10-10,US Dollar,USDGHS,4.387,4.3914,4.3892,-0.00013668982821159138
2017-10-11,US Dollar,USDGHS,4.3768,4.3812,4.379,-0.00232659031524576
2017-10-12,US Dollar,USDGHS,4.3752,4.3796,4.3774,-0.00036544699141357456
2017-10-13,US Dollar,USDGHS,4.3761,4.3805,4.3783,0.0002055803655152104
2017-10-16,US Dollar,USDGHS,4.3732,4.3776,4.3754,-0.0006625769916935829
2017-10-17,US Dollar,USDGHS,4.375,4.3794,4.3772,0.00041130636048177367
2017-10-18,US Dollar,USDGHS,4.3727,4.3771,4.3749,-0.0005255881566588022
2017-10-19,US Dollar,USDGHS,4.3752,4.3796,4.3774,0.0005712784223554107
2017-10-20,US Dollar,USDGHS,4.3737,4.3781,4.3759,-0.000342727888837973
2017-10-23,US Dollar,USDGHS,4.3737,4.378,4.3759,0.0
2017-10-24,US Dollar,USDGHS,4.3726,4.377,4.3748,-0.00025140846007614954
2017-10-25,US Dollar,USDGHS,4.373,4.3774,4.3752,9.142857149237181e-05
2017-10-26,US Dollar,USDGHS,4.3738,4.3782,4.376,0.00018283206925418584
2017-10-27,US Dollar,USDGHS,4.3728,4.3771,4.375,-0.00022854531010240773
2017-10-30,US Dollar,USDGHS,4.372,4.3764,4.3742,-0.00018287386326282633
2017-10-31,US Dollar,USDGHS,4.3743,4.3787,4.3765,0.0005256722440406604
2017-11-01,US Dollar,USDGHS,4.3757,4.3801,4.3779,0.0003198391693170416
2017-11-02,US Dollar,USDGHS,4.3778,4.3822,4.38,0.0004795670286819251
2017-11-03,US Dollar,USDGHS,4.3792,4.3836,4.3814,0.0003195836309073535
2017-11-06,US Dollar,USDGHS,4.3819,4.3861,4.384,0.0005932416264522992
2017-11-07,US Dollar,USDGHS,4.3856,4.39,4.3878,0.0008664128771090961
2017-11-08,US Dollar,USDGHS,4.3875,4.3919,4.3897,0.00043292509932803394
2017-11-09,US Dollar,USDGHS,4.3903,4.3947,4.3925,0.0006376534569636962
2017-11-10,US Dollar,USDGHS,4.3903,4.3947,4.3925,0.0
2017-11-13,US Dollar,USDGHS,4.3896,4.394,4.3918,-0.00015937524936124805
2017-11-14,US Dollar,USDGHS,4.3905,4.3949,4.3927,0.00020490636988989473
2017-11-15,US Dollar,USDGHS,4.3898,4.3942,4.392,-0.00015936799241426483
2017-11-16,US Dollar,USDGHS,4.392,4.3964,4.3942,0.0005007853329030327
2017-11-17,US Dollar,USDGHS,4.3933,4.3977,4.3955,0.0002958007689634491
2017-11-20,US Dollar,USDGHS,4.3983,4.4027,4.4005,0.001136880522633072
2017-11-21,US Dollar,USDGHS,4.3983,4.4027,4.4005,0.0
2017-11-22,US Dollar,USDGHS,4.4014,4.4058,4.4036,0.0007042173823815686
2017-11-23,US Dollar,USDGHS,4.4014,4.4058,4.4036,0.0
2017-11-24,US Dollar,USDGHS,4.4043,4.4087,4.4065,0.0006583353434672517
2017-11-27,US Dollar,USDGHS,4.4054,4.4098,4.4076,0.00024960007390686
2017-11-28,US Dollar,USDGHS,4.4102,4.4146,4.4124,0.0010884354816046203
2017-11-29,US Dollar,USDGHS,4.4102,4.4146,4.4124,0.0
2017-11-30,US Dollar,USDGHS,4.41,4.4144,4.4122,-4.5327833563842145e-05
2017-12-04,US Dollar,USDGHS,4.4095,4.4139,4.4117,-0.0001133285736547135
2017-12-05,US Dollar,USDGHS,4.4094,4.414,4.4117,0.0
2017-12-06,US Dollar,USDGHS,4.4095,4.4139,4.4117,0.0
2017-12-07,US Dollar,USDGHS,4.409,4.4134,4.4112,-0.00011334141847576997
2017-12-08,US Dollar,USDGHS,4.409,4.4134,4.4112,0.0
2017-12-11,US Dollar,USDGHS,4.41,4.4144,4.4122,0.00022666999213045096
2017-12-12,US Dollar,USDGHS,4.4104,4.4148,4.4126,9.06536126085057e-05
2017-12-13,US Dollar,USDGHS,4.4104,4.4148,4.4126,0.0
2017-12-14,US Dollar,USDGHS,4.4099,4.4143,4.4121,-0.00011331829989363732
2017-12-15,US Dollar,USDGHS,4.4099,4.4143,4.4121,0.0
2017-12-18,US Dollar,USDGHS,4.4093,4.4137,4.4115,-0.00013599891221818483
2017-12-19,US Dollar,USDGHS,4.4093,4.4137,4.4115,0.0
2017-12-20,US Dollar,USDGHS,4.4094,4.4138,4.4116,2.266776983249342e-05
2017-12-21,US Dollar,USDGHS,4.4094,4.4138,4.4116,0.0
2017-12-22,US Dollar,USDGHS,4.4094,4.4138,4.4116,0.0
2017-12-27,US Dollar,USDGHS,4.4119,4.4164,4.4142,0.0005891817342819897
2017-12-28,US Dollar,USDGHS,4.4119,4.4164,4.4142,0.0
2017-12-29,US Dollar,USDGHS,4.4134,4.4179,4.4157,0.00033975470037703924
2018-01-02,US Dollar,USDGHS,4.4145,4.4189,4.4167,0.00022643902093941027
2018-01-03,US Dollar,USDGHS,4.4145,4.4189,4.4167,0.0
2018-01-04,US Dollar,USDGHS,4.416,4.4204,4.4182,0.0003395624204943198
2018-01-05,US Dollar,USDGHS,4.4157,4.4201,4.4179,-6.790326051418987e-05
2018-01-08,US Dollar,USDGHS,4.4166,4.421,4.4188,0.00020369595054986158
2018-01-09,US Dollar,USDGHS,4.4166,4.421,4.4188,0.0
2018-01-10,US Dollar,USDGHS,4.4173,4.4217,4.4195,0.00015840150288264445
2018-01-11,US Dollar,USDGHS,4.4178,4.4222,4.42,0.0001131285707411204
2018-01-12,US Dollar,USDGHS,4.4176,4.422,4.4198,-4.524989253915942e-05
2018-01-15,US Dollar,USDGHS,4.4176,4.422,4.4198,0.0
2018-01-16,US Dollar,USDGHS,4.4181,4.4225,4.4203,0.00011312089241827284
2018-01-17,US Dollar,USDGHS,4.4181,4.4225,4.4203,0.0
2018-01-18,US Dollar,USDGHS,4.4191,4.4235,4.4213,0.00022620340306355228
2018-01-19,US Dollar,USDGHS,4.4198,4.4242,4.422,0.00015831194270518403
2018-01-22,US Dollar,USDGHS,4.4198,4.4242,4.422,0.0
2018-01-23,US Dollar,USDGHS,4.4207,4.4251,4.4229,0.0002035071064921936
2018-01-24,US Dollar,USDGHS,4.4219,4.4263,4.4241,0.0002712784011211062
2018-01-25,US Dollar,USDGHS,4.4219,4.4263,4.4241,0.0
2018-01-26,US Dollar,USDGHS,4.4219,4.4263,4.4241,0.0
2018-01-29,US Dollar,USDGHS,4.4219,4.4263,4.4241,0.0
2018-01-30,US Dollar,USDGHS,4.4218,4.4262,4.424,-2.2603722834036018e-05
2018-01-31,US Dollar,USDGHS,4.4218,4.4262,4.424,0.0
2018-02-01,US Dollar,USDGHS,4.4213,4.4257,4.4235,-0.0001130262787302296
2018-02-02,US Dollar,USDGHS,4.4213,4.4258,4.4236,2.2606277764404823e-05
2018-02-05,US Dollar,USDGHS,4.4203,4.4248,4.4226,-0.00022608577790685455
2018-02-06,US Dollar,USDGHS,4.4203,4.4248,4.4226,0.0
2018-02-07,US Dollar,USDGHS,4.4194,4.4238,4.4216,-0.00022613690424497964
2018-02-08,US Dollar,USDGHS,4.4179,4.4223,4.4201,-0.00033930126884894535
2018-02-09,US Dollar,USDGHS,4.4164,4.4208,4.4186,-0.00033941643327652283
2018-02-12,US Dollar,USDGHS,4.4164,4.4208,4.4186,0.0
2018-02-13,US Dollar,USDGHS,4.4162,4.4206,4.4184,-4.52642299499026e-05
2018-02-14,US Dollar,USDGHS,4.4159,4.4203,4.4181,-6.79001867516273e-05
2018-02-15,US Dollar,USDGHS,4.4159,4.4204,4.4182,2.2633907858226524e-05
2018-02-16,US Dollar,USDGHS,4.4159,4.4204,4.4182,0.0
2018-02-19,US Dollar,USDGHS,4.4159,4.4204,4.4182,0.0
2018-02-20,US Dollar,USDGHS,4.4157,4.4201,4.4179,-6.790326051418987e-05
2018-02-21,US Dollar,USDGHS,4.416,4.4205,4.4183,9.053665609046065e-05
2018-02-22,US Dollar,USDGHS,4.416,4.4204,4.4182,-2.2633395576316574e-05
2018-02-23,US Dollar,USDGHS,4.4163,4.4207,4.4185,6.789864997458132e-05
2018-02-26,US Dollar,USDGHS,4.416,4.4204,4.4182,-6.789864997460659e-05
2018-02-27,US Dollar,USDGHS,4.416,4.4204,4.4182,0.0
2018-02-28,US Dollar,USDGHS,4.4165,4.4209,4.4187,0.00011316185552258978
2018-03-01,US Dollar,USDGHS,4.4165,4.4209,4.4187,0.0
2018-03-02,US Dollar,USDGHS,4.4161,4.4206,4.4184,-6.789557662930833e-05
2018-03-05,US Dollar,USDGHS,4.4158,4.4202,4.418,-9.05346069153439e-05
2018-03-07,US Dollar,USDGHS,4.416,4.4204,4.4182,4.526832802203644e-05
2018-03-08,US Dollar,USDGHS,4.4167,4.4211,4.4189,0.00015842301240555053
2018-03-09,US Dollar,USDGHS,4.4164,4.4208,4.4186,-6.789250356214929e-05
2018-03-12,US Dollar,USDGHS,4.4164,4.4208,4.4186,0.0
2018-03-13,US Dollar,USDGHS,4.4159,4.4203,4.4181,-0.00011316441670155487
2018-03-14,US Dollar,USDGHS,4.4155,4.4199,4.4177,-9.054075471908235e-05
2018-03-15,US Dollar,USDGHS,4.415,4.4194,4.4172,-0.00011318747253132726
2018-03-16,US Dollar,USDGHS,4.4144,4.4188,4.4166,-0.00013584188026061336
2018-03-19,US Dollar,USDGHS,4.4139,4.4183,4.4161,-0.00011321566464018213
2018-03-20,US Dollar,USDGHS,4.4141,4.4185,4.4163,4.5287804002082835e-05
2018-03-21,US Dollar,USDGHS,4.4119,4.4163,4.4141,-0.0004982786839821145
2018-03-22,US Dollar,USDGHS,4.4024,4.4068,4.4046,-0.0021545134033041633
2018-03-23,US Dollar,USDGHS,4.4036,4.4082,4.4059,0.00029510243673655046
2018-03-26,US Dollar,USDGHS,4.402,4.4064,4.4042,-0.00038592070943548973
2018-03-27,US Dollar,USDGHS,4.4015,4.4059,4.4037,-0.0001135344407946672
2018-03-28,US Dollar,USDGHS,4.4022,4.4066,4.4044,0.00015894460813879852
2018-03-29,US Dollar,USDGHS,4.4022,4.4066,4.4044,0.0
2018-04-03,US Dollar,USDGHS,4.4026,4.407,4.4048,9.081414890681059e-05
2018-04-04,US Dollar,USDGHS,4.4029,4.4073,4.4051,6.810519985827495e-05
2018-04-05,US Dollar,USDGHS,4.4036,4.408,4.4058,0.00015889409741871565
2018-04-06,US Dollar,USDGHS,4.4036,4.408,4.4058,0.0
2018-04-09,US Dollar,USDGHS,4.4031,4.4075,4.4053,-0.00011349320755326928
2018-04-10,US Dollar,USDGHS,4.4034,4.4078,4.4056,6.809747020508503e-05
2018-04-11,US Dollar,USDGHS,4.403,4.4074,4.4052,-9.079765748277895e-05
2018-04-12,US Dollar,USDGHS,4.4025,4.4069,4.4047,-0.0001135086665085172
2018-04-13,US Dollar,USDGHS,4.402,4.4064,4.4042,-0.00011352155218851324
2018-04-16,US Dollar,USDGHS,4.4021,4.4065,4.4043,2.2705341432596145e-05
2018-04-17,US Dollar,USDGHS,4.4021,4.4065,4.4043,0.0
2018-04-18,US Dollar,USDGHS,4.4022,4.4066,4.4044,2.2704825911573607e-05
2018-04-19,US Dollar,USDGHS,4.402,4.4064,4.4042,-4.541016734416241e-05
2018-04-20,US Dollar,USDGHS,4.403,4.4074,4.4052,0.0002270302186969482
2018-04-23,US Dollar,USDGHS,4.403,4.4074,4.4052,0.0
2018-04-24,US Dollar,USDGHS,4.4035,4.4079,4.4057,0.00011349578375354619
2018-04-25,US Dollar,USDGHS,4.4036,4.408,4.4058,2.2697611077428557e-05
2018-04-26,US Dollar,USDGHS,4.4044,4.4088,4.4066,0.00018156234446866154
2018-04-27,US Dollar,USDGHS,4.4049,4.4093,4.4071,0.00011345972759145669
2018-04-30,US Dollar,USDGHS,4.4056,4.41,4.4078,0.00015882199491133175
2018-05-02,US Dollar,USDGHS,4.4065,4.4109,4.4087,0.00020416265028667875
2018-05-03,US Dollar,USDGHS,4.4058,4.4103,4.4081,-0.0001361038020428573
2018-05-04,US Dollar,USDGHS,4.4058,4.4103,4.4081,0.0
2018-05-07,US Dollar,USDGHS,4.4064,4.4108,4.4086,0.00011342112140268737
2018-05-08,US Dollar,USDGHS,4.4072,4.4116,4.4094,0.00018144704064300133
2018-05-09,US Dollar,USDGHS,4.4083,4.4128,4.4106,0.00027210884521640405
2018-05-10,US Dollar,USDGHS,4.4098,4.4142,4.412,0.0003173667652962677
2018-05-11,US Dollar,USDGHS,4.4101,4.4145,4.4123,6.799406187821734e-05
2018-05-14,US Dollar,USDGHS,4.4109,4.4153,4.4131,0.00018129489931139998
2018-05-15,US Dollar,USDGHS,4.4116,4.416,4.4138,0.00015860607947696653
2018-05-16,US Dollar,USDGHS,4.412,4.4164,4.4142,9.062075221432441e-05
2018-05-17,US Dollar,USDGHS,4.412,4.4164,4.4142,0.0
2018-05-18,US Dollar,USDGHS,4.4128,4.4172,4.415,0.0001812168717867249
2018-05-21,US Dollar,USDGHS,4.4136,4.418,4.4158,0.00018118403818187485
2018-05-22,US Dollar,USDGHS,4.4135,4.4179,4.4157,-2.2646209591612085e-05
2018-05-23,US Dollar,USDGHS,4.4142,4.4187,4.4165,0.0001811553185363092
2018-05-24,US Dollar,USDGHS,4.4149,4.4193,4.4171,0.00013584495583279408
2018-05-28,US Dollar,USDGHS,4.4149,4.4193,4.4171,0.0
2018-05-29,US Dollar,USDGHS,4.4161,4.4205,4.4183,0.00027163456264100197
2018-05-30,US Dollar,USDGHS,4.4188,4.4232,4.421,0.0006109081225826139
2018-05-31,US Dollar,USDGHS,4.4204,4.4248,4.4226,0.00036184359705478786
2018-06-01,US Dollar,USDGHS,4.4228,4.4272,4.425,0.0005425200187317165
2018-06-04,US Dollar,USDGHS,4.4244,4.4288,4.4266,0.00036151656591484866
2018-06-05,US Dollar,USDGHS,4.4279,4.4323,4.4301,0.0007903621398933373
2018-06-06,US Dollar,USDGHS,4.4317,4.4361,4.4339,0.000857400774547281
2018-06-07,US Dollar,USDGHS,4.4356,4.44,4.4378,0.0008792002099310301
2018-06-08,US Dollar,USDGHS,4.4406,4.445,4.4428,0.0011260501606486363
2018-06-11,US Dollar,USDGHS,4.443,4.4475,4.4453,0.0005625499411414452
2018-06-12,US Dollar,USDGHS,4.4457,4.4501,4.4479,0.0005847164291992425
2018-06-13,US Dollar,USDGHS,4.4484,4.4528,4.4506,0.0006068438687100802
2018-06-14,US Dollar,USDGHS,4.4512,4.4557,4.4535,0.0006513853399087049
2018-06-18,US Dollar,USDGHS,4.4534,4.458,4.4557,0.0004938715136526284
2018-06-19,US Dollar,USDGHS,4.4576,4.462,4.4598,0.0009197465737261802
2018-06-20,US Dollar,USDGHS,4.4623,4.4667,4.4645,0.0010533039979683221
2018-06-21,US Dollar,USDGHS,4.4653,4.4697,4.4675,0.0006717420763120075
2018-06-22,US Dollar,USDGHS,4.4697,4.4742,4.472,0.0010067678013519626
2018-06-25,US Dollar,USDGHS,4.4759,4.4804,4.4782,0.001385444122302945
2018-06-26,US Dollar,USDGHS,4.5044,4.5089,4.5067,0.006343998393957852
2018-06-27,US Dollar,USDGHS,4.5074,4.5119,4.5097,0.0006654540860447227
2018-06-28,US Dollar,USDGHS,4.5174,4.5219,4.5197,0.0022149875049227255
2018-06-29,US Dollar,USDGHS,4.5207,4.5252,4.523,0.0007298705356795147
2018-07-03,US Dollar,USDGHS,4.5243,4.5287,4.5265,0.0007735234376520941
2018-07-04,US Dollar,USDGHS,4.5243,4.5287,4.5265,0.0
2018-07-05,US Dollar,USDGHS,4.5269,4.5314,4.5292,0.0005963095243893125
2018-07-06,US Dollar,USDGHS,4.5294,4.534,4.5317,0.0005518215769821487
2018-07-09,US Dollar,USDGHS,4.5395,4.5441,4.5418,0.002226264213702045
2018-07-10,US Dollar,USDGHS,4.6025,4.6071,4.6048,0.013775828462479973
2018-07-11,US Dollar,USDGHS,4.6804,4.685,4.6827,0.016775628939428504
2018-07-12,US Dollar,USDGHS,4.6809,4.6855,4.6832,0.00010677030514428554
2018-07-13,US Dollar,USDGHS,4.6819,4.6865,4.6842,0.00021350641667868813
2018-07-16,US Dollar,USDGHS,4.6827,4.6875,4.6851,0.000192116807609737
2018-07-17,US Dollar,USDGHS,4.6841,4.6888,4.6865,0.00029877502463058917
2018-07-18,US Dollar,USDGHS,4.6835,4.6882,4.6859,-0.00012803550868911053
2018-07-19,US Dollar,USDGHS,4.6847,4.6893,4.687,0.00023471924485484515
2018-07-20,US Dollar,USDGHS,4.6868,4.6915,4.6892,0.0004692732749669624
2018-07-23,US Dollar,USDGHS,4.6882,4.6928,4.6905,0.0002771943683326626
2018-07-24,US Dollar,USDGHS,4.6902,4.6948,4.6925,0.000426302894658251
2018-07-25,US Dollar,USDGHS,4.6911,4.6957,4.6934,0.00019177702783065178
2018-07-26,US Dollar,USDGHS,4.6924,4.697,4.6947,0.00027694634874139517
2018-07-27,US Dollar,USDGHS,4.6924,4.697,4.6947,0.0
2018-07-30,US Dollar,USDGHS,4.6923,4.6969,4.6946,-2.1300842449027543e-05
2018-07-31,US Dollar,USDGHS,4.692,4.6966,4.6943,-6.390524983801176e-05
2018-08-01,US Dollar,USDGHS,4.692,4.6966,4.6943,0.0
2018-08-02,US Dollar,USDGHS,4.6927,4.6974,4.6951,0.0001704049251146419
2018-08-03,US Dollar,USDGHS,4.6939,4.6986,4.6963,0.0002555529540922548
2018-08-06,US Dollar,USDGHS,4.6937,4.6983,4.696,-6.388211622331653e-05
2018-08-07,US Dollar,USDGHS,4.6957,4.7004,4.6981,0.0004470891378591232
2018-08-08,US Dollar,USDGHS,4.6957,4.7003,4.698,-2.1285426933215516e-05
2018-08-09,US Dollar,USDGHS,4.6968,4.7015,4.6992,0.0002553952254974682
2018-08-10,US Dollar,USDGHS,4.6975,4.7022,4.6999,0.00014895043169968442
2018-08-13,US Dollar,USDGHS,4.6996,4.7042,4.7019,0.00042545045207669234
2018-08-14,US Dollar,USDGHS,4.7019,4.7065,4.7042,0.0004890443533110729
2018-08-15,US Dollar,USDGHS,4.7038,4.7084,4.7061,0.0004038128488611355
2018-08-16,US Dollar,USDGHS,4.7055,4.7102,4.7079,0.0003824091824805265
2018-08-17,US Dollar,USDGHS,4.7116,4.7162,4.7139,0.0012736421514108385
2018-08-20,US Dollar,USDGHS,4.711,4.7158,4.7134,-0.00010607491020092437
2018-08-22,US Dollar,USDGHS,4.7142,4.7188,4.7165,0.0006574831359130693
2018-08-23,US Dollar,USDGHS,4.7148,4.7194,4.7171,0.00012720488483928519
2018-08-24,US Dollar,USDGHS,4.7163,4.7209,4.7186,0.0003179414378658798
2018-08-27,US Dollar,USDGHS,4.7158,4.7206,4.7182,-8.477449988121804e-05
2018-08-28,US Dollar,USDGHS,4.7173,4.7219,4.7196,0.00029667931303224156
2018-08-29,US Dollar,USDGHS,4.7187,4.7234,4.7211,0.00031777304916423896
2018-08-30,US Dollar,USDGHS,4.7207,4.7253,4.723,0.00040236762118872453
2018-08-31,US Dollar,USDGHS,4.7217,4.7264,4.7241,0.0002328756983564369
2018-09-03,US Dollar,USDGHS,4.7217,4.7264,4.7241,0.0
2018-09-04,US Dollar,USDGHS,4.7245,4.7292,4.7269,0.0005925299083527953
2018-09-05,US Dollar,USDGHS,4.7267,4.7315,4.7291,0.0004653130371604181
2018-09-06,US Dollar,USDGHS,4.7462,4.751,4.7486,0.00411492820315535
2018-09-07,US Dollar,USDGHS,4.7501,4.7548,4.7525,0.0008209576194422937
2018-09-10,US Dollar,USDGHS,4.7522,4.7568,4.7545,0.00042074261691460956
2018-09-11,US Dollar,USDGHS,4.7545,4.7593,4.7569,0.0005046575795226336
2018-09-12,US Dollar,USDGHS,4.7572,4.7618,4.7595,0.0005464251323385019
2018-09-13,US Dollar,USDGHS,4.7572,4.7618,4.7595,0.0
2018-09-14,US Dollar,USDGHS,4.7583,4.7631,4.7607,0.00025209554554638756
2018-09-17,US Dollar,USDGHS,4.7582,4.763,4.7606,-2.1005534959162485e-05
2018-09-18,US Dollar,USDGHS,4.7632,4.768,4.7656,0.0010497366125306173
2018-09-19,US Dollar,USDGHS,4.7631,4.7679,4.7655,-2.0983936797098003e-05
2018-09-20,US Dollar,USDGHS,4.7642,4.7689,4.7666,0.00023079909041717048
2018-09-24,US Dollar,USDGHS,4.7644,4.7691,4.7668,4.195774855321779e-05
2018-09-25,US Dollar,USDGHS,4.7664,4.7712,4.7688,0.0004194806890656411
2018-09-26,US Dollar,USDGHS,4.7687,4.7735,4.7711,0.0004821853571972183
2018-09-27,US Dollar,USDGHS,4.7702,4.775,4.7726,0.00031434349620193866
2018-09-28,US Dollar,USDGHS,4.7752,4.78,4.7776,0.0010470985857551642
2018-10-01,US Dollar,USDGHS,4.7775,4.7822,4.7799,0.0004812974197016766
2018-10-02,US Dollar,USDGHS,4.7794,4.7842,4.7818,0.0003974188742602576
2018-10-03,US Dollar,USDGHS,4.7925,4.7973,4.7949,0.002735808403884343
2018-10-04,US Dollar,USDGHS,4.7925,4.7973,4.7949,0.0
2018-10-05,US Dollar,USDGHS,4.7934,4.7982,4.7958,0.0001876818173107361
2018-10-08,US Dollar,USDGHS,4.7934,4.7982,4.7958,0.0
2018-10-09,US Dollar,USDGHS,4.7939,4.7987,4.7963,0.00010425245784615582
2018-10-10,US Dollar,USDGHS,4.7949,4.7996,4.7973,0.0002084723156317923
2018-10-11,US Dollar,USDGHS,4.7948,4.7996,4.7972,-2.084527594008601e-05
2018-10-12,US Dollar,USDGHS,4.7938,4.7986,4.7962,-0.00020847666179298147
2018-10-15,US Dollar,USDGHS,4.7936,4.7984,4.796,-4.170054836810287e-05
2018-10-16,US Dollar,USDGHS,4.793,4.7977,4.7954,-0.00012511207973458848
2018-10-17,US Dollar,USDGHS,4.792,4.7968,4.7944,-0.0002085549236948009
2018-10-18,US Dollar,USDGHS,4.7905,4.7953,4.7929,-0.00031291396164496944
2018-10-19,US Dollar,USDGHS,4.7896,4.7944,4.792,-0.000187795387045358
2018-10-22,US Dollar,USDGHS,4.7888,4.7936,4.7912,-0.000166958845032585
2018-10-23,US Dollar,USDGHS,4.7881,4.7929,4.7905,-0.0001461118593246959
2018-10-24,US Dollar,USDGHS,4.7879,4.7927,4.7903,-4.1750167006602475e-05
2018-10-25,US Dollar,USDGHS,4.7871,4.7919,4.7895,-0.0001670181009748857
2018-10-26,US Dollar,USDGHS,4.7871,4.7919,4.7895,0.0
2018-10-29,US Dollar,USDGHS,4.7875,4.7923,4.7899,8.351253736827284e-05
2018-10-30,US Dollar,USDGHS,4.7875,4.7923,4.7899,0.0
2018-10-31,US Dollar,USDGHS,4.7875,4.7923,4.7899,0.0
2018-11-01,US Dollar,USDGHS,4.7869,4.7917,4.7893,-0.00012527142157696736
2018-11-02,US Dollar,USDGHS,4.7869,4.7917,4.7893,0.0
2018-11-05,US Dollar,USDGHS,4.7866,4.7914,4.789,-6.264159612844081e-05
2018-11-06,US Dollar,USDGHS,4.787,4.7918,4.7894,8.352125620825058e-05
2018-11-07,US Dollar,USDGHS,4.7868,4.7916,4.7892,-4.1759756129026156e-05
2018-11-08,US Dollar,USDGHS,4.7864,4.791,4.7887,-0.00010440702042280505
2018-11-09,US Dollar,USDGHS,4.7869,4.7917,4.7893,0.00012528711647205937
2018-11-12,US Dollar,USDGHS,4.7869,4.7917,4.7893,0.0
2018-11-13,US Dollar,USDGHS,4.7865,4.7912,4.7889,-8.352300019472737e-05
2018-11-14,US Dollar,USDGHS,4.7865,4.7913,4.7889,0.0
2018-11-15,US Dollar,USDGHS,4.787,4.7918,4.7894,0.00010440266027460063
2018-11-16,US Dollar,USDGHS,4.787,4.7918,4.7894,0.0
2018-11-19,US Dollar,USDGHS,4.7868,4.7916,4.7892,-4.1759756129026156e-05
2018-11-20,US Dollar,USDGHS,4.7876,4.7924,4.79,0.00016702856227248874
2018-11-21,US Dollar,USDGHS,4.7878,4.7926,4.7902,4.175278178497369e-05
2018-11-22,US Dollar,USDGHS,4.7878,4.7926,4.7902,0.0
2018-11-23,US Dollar,USDGHS,4.7893,4.7941,4.7917,0.00031309030823810315
2018-11-26,US Dollar,USDGHS,4.7891,4.7939,4.7915,-4.173971116714537e-05
2018-11-27,US Dollar,USDGHS,4.7891,4.7939,4.7915,0.0
2018-11-28,US Dollar,USDGHS,4.7921,4.7969,4.7945,0.0006259128099189031
2018-11-29,US Dollar,USDGHS,4.7976,4.8024,4.8,0.0011464903022463092
2018-11-30,US Dollar,USDGHS,4.8036,4.8084,4.806,0.0012492194004318981
2018-12-03,US Dollar,USDGHS,4.8056,4.8104,4.808,0.0004160599186292126
2018-12-04,US Dollar,USDGHS,4.8056,4.8104,4.808,0.0
2018-12-05,US Dollar,USDGHS,4.8056,4.8104,4.808,0.0
2018-12-06,US Dollar,USDGHS,4.8071,4.8119,4.8095,0.00031193137762669716
2018-12-10,US Dollar,USDGHS,4.8096,4.8144,4.812,0.0005196695018993374
2018-12-11,US Dollar,USDGHS,4.8116,4.8164,4.814,0.00041554124844760863
2018-12-12,US Dollar,USDGHS,4.8116,4.8164,4.814,0.0
2018-12-13,US Dollar,USDGHS,4.8115,4.8163,4.8139,-2.0772961913451138e-05
2018-12-14,US Dollar,USDGHS,4.8118,4.8166,4.8142,6.23175912372933e-05
2018-12-17,US Dollar,USDGHS,4.8118,4.8166,4.8142,0.0
2018-12-18,US Dollar,USDGHS,4.8138,4.8186,4.8162,0.00041535139324507637
2018-12-19,US Dollar,USDGHS,4.8154,4.8202,4.8178,0.0003321569472099352
2018-12-20,US Dollar,USDGHS,4.8159,4.8207,4.8183,0.00010377642416513271
2018-12-21,US Dollar,USDGHS,4.8159,4.8207,4.8183,0.0
2018-12-24,US Dollar,USDGHS,4.8166,4.8214,4.819,0.00014526890337144337
2018-12-27,US Dollar,USDGHS,4.8166,4.8214,4.819,0.0
2018-12-28,US Dollar,USDGHS,4.8176,4.8224,4.82,0.00020749040431340357
2018-12-31,US Dollar,USDGHS,4.8176,4.8224,4.82,0.0
2019-01-02,US Dollar,USDGHS,4.8243,4.8291,4.8267,0.0013890762804527204
2019-01-03,US Dollar,USDGHS,4.828,4.8328,4.8304,0.0007662756274754591
2019-01-04,US Dollar,USDGHS,4.831,4.8358,4.8334,0.0006208737963060945
2019-01-08,US Dollar,USDGHS,4.8341,4.8389,4.8365,0.0006411648737213492
2019-01-09,US Dollar,USDGHS,4.8401,4.8449,4.8425,0.0012397976585493981
2019-01-10,US Dollar,USDGHS,4.8475,4.8524,4.85,0.0015475886503779107
2019-01-11,US Dollar,USDGHS,4.8625,4.8675,4.865,0.0030880106885767668
2019-01-14,US Dollar,USDGHS,4.8727,4.8775,4.8751,0.0020739014219697937
2019-01-15,US Dollar,USDGHS,4.8877,4.8925,4.8901,0.003072136115496774
2019-01-16,US Dollar,USDGHS,4.8978,4.9027,4.9003,0.002083674556799262
2019-01-17,US Dollar,USDGHS,4.9026,4.9076,4.9051,0.0009790524371096608
2019-01-18,US Dollar,USDGHS,4.9077,4.9126,4.9102,0.001039194005067153
2019-01-21,US Dollar,USDGHS,4.9078,4.9126,4.9102,0.0
2019-01-22,US Dollar,USDGHS,4.9179,4.9228,4.9204,0.002075153838081894
2019-01-23,US Dollar,USDGHS,4.9279,4.9329,4.9304,0.00203029265340344
2019-01-24,US Dollar,USDGHS,4.9355,4.9403,4.9379,0.0015200189382236593
2019-01-25,US Dollar,USDGHS,4.938,4.9429,4.9405,0.000526401048760528
2019-01-28,US Dollar,USDGHS,4.9405,4.9454,4.943,0.0005058936719416955
2019-01-29,US Dollar,USDGHS,4.9402,4.9452,4.9427,-6.0693729344689294e-05
2019-01-30,US Dollar,USDGHS,4.946,4.9509,4.9485,0.001172759759131409
2019-01-31,US Dollar,USDGHS,4.9482,4.953,4.9506,0.00042428100160652723
2019-02-01,US Dollar,USDGHS,4.9502,4.955,4.9526,0.0004039098528134919
2019-02-04,US Dollar,USDGHS,4.9502,4.955,4.9526,0.0
2019-02-05,US Dollar,USDGHS,4.9576,4.9626,4.9601,0.00151321061489372
2019-02-06,US Dollar,USDGHS,4.9575,4.9625,4.96,-2.0161087086499076e-05
2019-02-07,US Dollar,USDGHS,4.9677,4.9727,4.9702,0.0020543400107281484
2019-02-08,US Dollar,USDGHS,4.9977,5.0027,5.0002,0.006017830886557562
2019-02-11,US Dollar,USDGHS,4.9978,5.0028,5.0003,1.99990000507046e-05
2019-02-12,US Dollar,USDGHS,4.9981,5.0031,5.0006,5.9994600503886934e-05
2019-02-13,US Dollar,USDGHS,4.9991,5.0041,5.0016,0.00019995601034390837
2019-02-14,US Dollar,USDGHS,4.999,5.004,5.0015,-1.9993801922022395e-05
2019-02-15,US Dollar,USDGHS,4.9992,5.0042,5.0017,3.998720409993185e-05
2019-02-18,US Dollar,USDGHS,4.9992,5.0042,5.0017,0.0
2019-02-19,US Dollar,USDGHS,5.0042,5.0092,5.0067,0.000999160788131634
2019-02-20,US Dollar,USDGHS,5.0092,5.0142,5.0117,0.000998163462257041
2019-02-21,US Dollar,USDGHS,5.0142,5.0192,5.0167,0.0009971681253859049
2019-02-22,US Dollar,USDGHS,5.0202,5.0252,5.0227,0.0011952906975236793
2019-02-25,US Dollar,USDGHS,5.0302,5.0352,5.0327,0.001988981700719278
2019-02-26,US Dollar,USDGHS,5.0976,5.1027,5.1002,0.01332313522642389
2019-02-27,US Dollar,USDGHS,5.1525,5.1577,5.1551,0.010706761275227298
2019-02-28,US Dollar,USDGHS,5.1726,5.1778,5.1752,0.0038914698247716558
2019-03-01,US Dollar,USDGHS,5.1976,5.2028,5.2002,0.004819100638578562
2019-03-04,US Dollar,USDGHS,5.1976,5.2028,5.2002,0.0
2019-03-05,US Dollar,USDGHS,5.1976,5.2028,5.2002,0.0
2019-03-07,US Dollar,USDGHS,5.2076,5.2128,5.2102,0.001921156358199956
2019-03-08,US Dollar,USDGHS,5.2176,5.2228,5.2202,0.0019174725924061779
2019-03-11,US Dollar,USDGHS,5.2326,5.2378,5.2352,0.0028693326494127905
2019-03-12,US Dollar,USDGHS,5.2374,5.2426,5.24,0.0009164503467146166
2019-03-13,US Dollar,USDGHS,5.2374,5.2426,5.24,0.0
2019-03-14,US Dollar,USDGHS,5.2374,5.2426,5.24,0.0
2019-03-15,US Dollar,USDGHS,5.2374,5.2426,5.24,0.0
2019-03-18,US Dollar,USDGHS,5.2374,5.2426,5.24,0.0
2019-03-19,US Dollar,USDGHS,5.2373,5.2426,5.24,0.0
2019-03-20,US Dollar,USDGHS,5.2373,5.2426,5.24,0.0
2019-03-21,US Dollar,USDGHS,5.1565,5.1617,5.1591,-0.01555935265682445
2019-03-22,US Dollar,USDGHS,5.0778,5.0829,5.0804,-0.01537214702809901
2019-03-25,US Dollar,USDGHS,5.078,5.083,5.0805,1.9683295771660237e-05
2019-03-26,US Dollar,USDGHS,5.078,5.083,5.0805,0.0
2019-03-27,US Dollar,USDGHS,5.0798,5.085,5.0824,0.0003739090263874678
2019-03-28,US Dollar,USDGHS,5.0798,5.085,5.0824,0.0
2019-03-29,US Dollar,USDGHS,5.0809,5.0859,5.0834,0.000196738083225394
2019-04-01,US Dollar,USDGHS,5.0834,5.0884,5.0859,0.0004916759364682597
2019-04-02,US Dollar,USDGHS,5.0832,5.0882,5.0857,-3.9325179917716346e-05
2019-04-03,US Dollar,USDGHS,5.0832,5.0882,5.0857,0.0
2019-04-04,US Dollar,USDGHS,5.0829,5.0879,5.0854,-5.899066965954846e-05
2019-04-05,US Dollar,USDGHS,5.0827,5.0877,5.0852,-3.932904647219423e-05
2019-04-08,US Dollar,USDGHS,5.0825,5.0875,5.085,-3.9330593307182976e-05
2019-04-09,US Dollar,USDGHS,5.0825,5.0875,5.085,0.0
2019-04-10,US Dollar,USDGHS,5.0827,5.0877,5.0852,3.9330593307113466e-05
2019-04-11,US Dollar,USDGHS,5.0837,5.0887,5.0862,0.0001966297664473768
2019-04-12,US Dollar,USDGHS,5.0837,5.0887,5.0862,0.0
2019-04-15,US Dollar,USDGHS,5.0835,5.0885,5.086,-3.93228603497816e-05
2019-04-16,US Dollar,USDGHS,5.0835,5.0885,5.086,0.0
2019-04-17,US Dollar,USDGHS,5.0833,5.0883,5.0858,-3.932440669813089e-05
2019-04-18,US Dollar,USDGHS,5.0853,5.0903,5.0878,0.00039317449590396886
2019-04-23,US Dollar,USDGHS,5.0853,5.0903,5.0878,0.0
2019-04-24,US Dollar,USDGHS,5.0852,5.0902,5.0877,-1.9655053806338244e-05
2019-04-25,US Dollar,USDGHS,5.0854,5.0904,5.0879,3.930972129924358e-05
2019-04-26,US Dollar,USDGHS,5.0854,5.0904,5.0879,0.0
2019-04-29,US Dollar,USDGHS,5.0856,5.0906,5.0881,3.9308176105615805e-05
2019-04-30,US Dollar,USDGHS,5.0856,5.0906,5.0881,0.0
2019-05-02,US Dollar,USDGHS,5.0866,5.0916,5.0891,0.00019651770687795328
2019-05-03,US Dollar,USDGHS,5.0872,5.0922,5.0897,0.00011789208957713789
2019-05-06,US Dollar,USDGHS,5.0867,5.0917,5.0892,-9.82424427790865e-05
2019-05-07,US Dollar,USDGHS,5.0877,5.0927,5.0902,0.00019647523492885793
2019-05-08,US Dollar,USDGHS,5.0887,5.0937,5.0912,0.00019643663999351394
2019-05-09,US Dollar,USDGHS,5.0887,5.0937,5.0912,0.0
2019-05-10,US Dollar,USDGHS,5.0897,5.0947,5.0922,0.0001963980602184607
2019-05-13,US Dollar,USDGHS,5.0917,5.0967,5.0942,0.0003926804417064528
2019-05-14,US Dollar,USDGHS,5.0915,5.0965,5.094,-3.9261105990255495e-05
2019-05-15,US Dollar,USDGHS,5.093,5.098,5.0955,0.00029442072934598486
2019-05-16,US Dollar,USDGHS,5.095,5.1,5.0975,0.00039242617986187466
2019-05-17,US Dollar,USDGHS,5.0959,5.101,5.0985,0.00019615535567003663
2019-05-20,US Dollar,USDGHS,5.1009,5.1061,5.1035,0.0009802000392727622
2019-05-21,US Dollar,USDGHS,5.1005,5.1055,5.103,-9.797677958174093e-05
2019-05-22,US Dollar,USDGHS,5.1044,5.1096,5.107,0.0007835455836726539
2019-05-23,US Dollar,USDGHS,5.1115,5.1165,5.114,0.0013697292034879148
2019-05-24,US Dollar,USDGHS,5.1125,5.1177,5.1151,0.000215072685620579
2019-05-27,US Dollar,USDGHS,5.1125,5.1177,5.1151,0.0
2019-05-28,US Dollar,USDGHS,5.1275,5.1327,5.1301,0.0029282026154611417
2019-05-29,US Dollar,USDGHS,5.1275,5.1327,5.1301,0.0
2019-05-30,US Dollar,USDGHS,5.1477,5.1529,5.1503,0.003929813236145898
2019-05-31,US Dollar,USDGHS,5.1985,5.2037,5.2011,0.00981517627159235
2019-06-03,US Dollar,USDGHS,5.1983,5.2035,5.2009,-3.845414343879833e-05
2019-06-04,US Dollar,USDGHS,5.2083,5.2135,5.2109,0.0019208980339373175
2019-06-06,US Dollar,USDGHS,5.2233,5.2285,5.2259,0.002874446253267433
2019-06-07,US Dollar,USDGHS,5.2233,5.2285,5.2259,0.0
2019-06-10,US Dollar,USDGHS,5.2228,5.228,5.2254,-9.568187696882318e-05
2019-06-11,US Dollar,USDGHS,5.2278,5.233,5.2304,0.0009564070431974251
2019-06-12,US Dollar,USDGHS,5.2278,5.233,5.2304,0.0
2019-06-13,US Dollar,USDGHS,5.2328,5.238,5.2354,0.0009554932026989047
2019-06-14,US Dollar,USDGHS,5.2375,5.2427,5.2401,0.0008973319298118211
2019-06-17,US Dollar,USDGHS,5.2473,5.2525,5.2499,0.0018684466827567094
2019-06-18,US Dollar,USDGHS,5.2471,5.2523,5.2497,-3.8096689402376985e-05
2019-06-19,US Dollar,USDGHS,5.2471,5.2523,5.2497,0.0
2019-06-20,US Dollar,USDGHS,5.2476,5.2528,5.2502,9.523900234839938e-05
2019-06-21,US Dollar,USDGHS,5.2496,5.2548,5.2522,0.0003808653306247276
2019-06-24,US Dollar,USDGHS,5.2496,5.2548,5.2522,0.0
2019-06-25,US Dollar,USDGHS,5.2544,5.2596,5.257,0.0009134853906637362
2019-06-26,US Dollar,USDGHS,5.2574,5.2626,5.26,0.0005705049123074713
2019-06-27,US Dollar,USDGHS,5.2564,5.2616,5.259,-0.00019013214241122848
2019-06-28,US Dollar,USDGHS,5.2564,5.2616,5.259,0.0
2019-07-01,US Dollar,USDGHS,5.2554,5.2606,5.258,-0.0001901682995177757
2019-07-02,US Dollar,USDGHS,5.2549,5.2601,5.2575,-9.509771297167234e-05
2019-07-03,US Dollar,USDGHS,5.2549,5.2601,5.2575,0.0
2019-07-04,US Dollar,USDGHS,5.2549,5.2601,5.2575,0.0
2019-07-05,US Dollar,USDGHS,5.2569,5.2621,5.2595,0.00038033660247387943
2019-07-08,US Dollar,USDGHS,5.2559,5.2611,5.2585,-0.00019015021924571974
2019-07-09,US Dollar,USDGHS,5.2559,5.2611,5.2585,0.0
2019-07-10,US Dollar,USDGHS,5.2554,5.2606,5.258,-9.508867025654808e-05
2019-07-11,US Dollar,USDGHS,5.2548,5.26,5.2574,-0.00011411834084326044
2019-07-12,US Dollar,USDGHS,5.2518,5.2571,5.2545,-0.0005517556433320967
2019-07-15,US Dollar,USDGHS,5.2499,5.2551,5.2525,-0.0003806985864956875
2019-07-16,US Dollar,USDGHS,5.2489,5.2541,5.2515,-0.0001904036563254792
2019-07-17,US Dollar,USDGHS,5.2494,5.2546,5.252,9.520635985662986e-05
2019-07-18,US Dollar,USDGHS,5.2504,5.2556,5.253,0.00019038553127483928
2019-07-19,US Dollar,USDGHS,5.2524,5.2576,5.255,0.00038066235708983576
2019-07-22,US Dollar,USDGHS,5.2539,5.2591,5.2565,0.00028540170483407805
2019-07-23,US Dollar,USDGHS,5.2539,5.2591,5.2565,0.0
2019-07-24,US Dollar,USDGHS,5.2534,5.2586,5.256,-9.512485143915083e-05
2019-07-25,US Dollar,USDGHS,5.2529,5.2581,5.2555,-9.513390103752957e-05
2019-07-26,US Dollar,USDGHS,5.252,5.2572,5.2546,-0.000171263832351685
2019-07-29,US Dollar,USDGHS,5.2525,5.2577,5.2551,9.515019465393469e-05
2019-07-30,US Dollar,USDGHS,5.2544,5.2596,5.257,0.00036148819373668954
2019-07-31,US Dollar,USDGHS,5.2544,5.2596,5.257,0.0
2019-08-01,US Dollar,USDGHS,5.2545,5.2597,5.2571,1.9022075118851042e-05
2019-08-02,US Dollar,USDGHS,5.254,5.2592,5.2566,-9.511399419375844e-05
2019-08-06,US Dollar,USDGHS,5.2554,5.2606,5.258,0.0002662963894533616
2019-08-07,US Dollar,USDGHS,5.2578,5.263,5.2604,0.0004563431779832154
2019-08-08,US Dollar,USDGHS,5.2813,5.2865,5.2839,0.004457391938549904
2019-08-09,US Dollar,USDGHS,5.2589,5.2641,5.2615,-0.0042483042254928376
2019-08-13,US Dollar,USDGHS,5.2614,5.2666,5.264,0.000475036824286432
2019-08-14,US Dollar,USDGHS,5.2614,5.2666,5.264,0.0
2019-08-15,US Dollar,USDGHS,5.264,5.2692,5.2666,0.0004937990338312763
2019-08-16,US Dollar,USDGHS,5.2674,5.2726,5.27,0.0006453694964234309
2019-08-19,US Dollar,USDGHS,5.2724,5.2776,5.275,0.0009483168088594818
2019-08-20,US Dollar,USDGHS,5.2724,5.2776,5.275,0.0
2019-08-21,US Dollar,USDGHS,5.2724,5.2776,5.275,0.0
2019-08-22,US Dollar,USDGHS,5.2738,5.279,5.2764,0.00026536763049737466
2019-08-23,US Dollar,USDGHS,5.2748,5.28,5.2774,0.0001895052024850013
2019-08-26,US Dollar,USDGHS,5.2763,5.2815,5.2789,0.0002841904853206314
2019-08-27,US Dollar,USDGHS,5.2778,5.283,5.2804,0.00028410974403412413
2019-08-28,US Dollar,USDGHS,5.2778,5.283,5.2804,0.0
2019-08-29,US Dollar,USDGHS,5.2788,5.284,5.2814,0.00018936166240368795
2019-08-30,US Dollar,USDGHS,5.2788,5.284,5.2814,0.0
2019-09-02,US Dollar,USDGHS,5.2788,5.284,5.2814,0.0
2019-09-03,US Dollar,USDGHS,5.2846,5.2898,5.2872,0.0010975910872349029
2019-09-04,US Dollar,USDGHS,5.2974,5.3027,5.3001,0.0024368831305012152
2019-09-05,US Dollar,USDGHS,5.2974,5.3027,5.3001,0.0
2019-09-06,US Dollar,USDGHS,5.3003,5.3057,5.303,0.0005470098503857128
2019-09-09,US Dollar,USDGHS,5.3003,5.3057,5.303,0.0
2019-09-10,US Dollar,USDGHS,5.3013,5.3067,5.304,0.00018855472856841858
2019-09-11,US Dollar,USDGHS,5.3013,5.3067,5.304,0.0
2019-09-12,US Dollar,USDGHS,5.3043,5.3097,5.307,0.0005654509621965294
2019-09-13,US Dollar,USDGHS,5.3043,5.3097,5.307,0.0
2019-09-16,US Dollar,USDGHS,5.3043,5.3097,5.307,0.0
2019-09-17,US Dollar,USDGHS,5.3068,5.3122,5.3095,0.0004709650160052733
2019-09-18,US Dollar,USDGHS,5.3068,5.3122,5.3095,0.0
2019-09-19,US Dollar,USDGHS,5.3093,5.3147,5.312,0.00047074331236956216
2019-09-20,US Dollar,USDGHS,5.3142,5.3196,5.3169,0.0009220145729339266
2019-09-24,US Dollar,USDGHS,5.3141,5.3195,5.3168,-1.8808128874011367e-05
2019-09-25,US Dollar,USDGHS,5.3139,5.3193,5.3166,-3.7617319018067804e-05
2019-09-26,US Dollar,USDGHS,5.3137,5.3191,5.3164,-3.761873413414535e-05
2019-09-27,US Dollar,USDGHS,5.3134,5.3188,5.3161,-5.643075477639104e-05
2019-09-30,US Dollar,USDGHS,5.3134,5.3188,5.3161,0.0
2019-10-01,US Dollar,USDGHS,5.3129,5.3183,5.3156,-9.405833504865183e-05
2019-10-02,US Dollar,USDGHS,5.3129,5.3183,5.3156,0.0
2019-10-03,US Dollar,USDGHS,5.3126,5.318,5.3153,-5.6439247867965234e-05
2019-10-04,US Dollar,USDGHS,5.3126,5.318,5.3153,0.0
2019-10-07,US Dollar,USDGHS,5.3174,5.3228,5.3201,0.0009026459420253016
2019-10-08,US Dollar,USDGHS,5.3175,5.3229,5.3202,1.879646250632579e-05
2019-10-09,US Dollar,USDGHS,5.3173,5.3227,5.32,-3.759327832620035e-05
2019-10-10,US Dollar,USDGHS,5.3171,5.3225,5.3198,-3.759469163406668e-05
2019-10-11,US Dollar,USDGHS,5.3191,5.3245,5.3218,0.00037588333024129783
2019-10-14,US Dollar,USDGHS,5.3193,5.3247,5.322,3.758056333705191e-05
2019-10-15,US Dollar,USDGHS,5.3193,5.3247,5.322,0.0
2019-10-16,US Dollar,USDGHS,5.3183,5.3237,5.321,-0.0001879169412652099
2019-10-17,US Dollar,USDGHS,5.3178,5.3232,5.3205,-9.397171458298416e-05
2019-10-18,US Dollar,USDGHS,5.3188,5.3242,5.3215,0.00018793459931287166
2019-10-21,US Dollar,USDGHS,5.3188,5.3242,5.3215,0.0
2019-10-22,US Dollar,USDGHS,5.3198,5.3252,5.3225,0.00018789928653552632
2019-10-23,US Dollar,USDGHS,5.3248,5.3302,5.3275,0.0009389672051376616
2019-10-24,US Dollar,USDGHS,5.3245,5.3299,5.3272,-5.631317635948018e-05
2019-10-25,US Dollar,USDGHS,5.3295,5.3349,5.3322,0.0009381391760719841
2019-10-28,US Dollar,USDGHS,5.3295,5.3349,5.3322,0.0
2019-10-29,US Dollar,USDGHS,5.3297,5.3351,5.3324,3.7507267037216475e-05
2019-10-30,US Dollar,USDGHS,5.3345,5.3399,5.3372,0.0008997526287437155
2019-10-31,US Dollar,USDGHS,5.3345,5.3399,5.3372,0.0
2019-11-01,US Dollar,USDGHS,5.3345,5.3399,5.3372,0.0
2019-11-04,US Dollar,USDGHS,5.3395,5.3449,5.3422,0.000936382262175314
2019-11-05,US Dollar,USDGHS,5.3473,5.3527,5.35,0.0014590077596110518
2019-11-06,US Dollar,USDGHS,5.3571,5.3625,5.3598,0.0018301000457963215
2019-11-07,US Dollar,USDGHS,5.3571,5.3625,5.3598,0.0
2019-11-08,US Dollar,USDGHS,5.3571,5.3625,5.3598,0.0
2019-11-11,US Dollar,USDGHS,5.3571,5.3625,5.3598,0.0
2019-11-12,US Dollar,USDGHS,5.3569,5.3623,5.3596,-3.731552139539901e-05
2019-11-13,US Dollar,USDGHS,5.3566,5.362,5.3593,-5.597589306340278e-05
2019-11-14,US Dollar,USDGHS,5.3581,5.3635,5.3608,0.0002798481375713972
2019-11-15,US Dollar,USDGHS,5.3581,5.3635,5.3608,0.0
2019-11-18,US Dollar,USDGHS,5.3606,5.366,5.3633,0.0004662395996469103
2019-11-19,US Dollar,USDGHS,5.3621,5.3675,5.3648,0.0002796394533560295
2019-11-20,US Dollar,USDGHS,5.3646,5.37,5.3673,0.0004658920519228919
2019-11-21,US Dollar,USDGHS,5.3749,5.3803,5.3776,0.0019171892069543546
2019-11-22,US Dollar,USDGHS,5.3749,5.3803,5.3776,0.0
2019-11-25,US Dollar,USDGHS,5.3747,5.3801,5.3774,-3.719200372354869e-05
2019-11-26,US Dollar,USDGHS,5.4983,5.5039,5.5011,0.02274308625611094
2019-11-27,US Dollar,USDGHS,5.4983,5.5039,5.5011,0.0
2019-11-28,US Dollar,USDGHS,5.4983,5.5039,5.5011,0.0
2019-11-29,US Dollar,USDGHS,5.5226,5.5282,5.5254,0.0044075707321479035
2019-12-02,US Dollar,USDGHS,5.5226,5.5282,5.5254,0.0
2019-12-03,US Dollar,USDGHS,5.5341,5.5397,5.5369,0.002079134383027415
2019-12-04,US Dollar,USDGHS,5.5341,5.5397,5.5369,0.0
2019-12-05,US Dollar,USDGHS,5.5341,5.5397,5.5369,0.0
2019-12-09,US Dollar,USDGHS,5.5341,5.5397,5.5369,0.0
2019-12-10,US Dollar,USDGHS,5.5339,5.5395,5.5367,-3.612194769941877e-05
2019-12-11,US Dollar,USDGHS,5.5359,5.5415,5.5387,0.0003611607746429694
2019-12-12,US Dollar,USDGHS,5.5359,5.5415,5.5387,0.0
2019-12-13,US Dollar,USDGHS,5.5357,5.5413,5.5385,-3.61102083599412e-05
2019-12-16,US Dollar,USDGHS,5.5377,5.5433,5.5405,0.0003610434193926799
2019-12-17,US Dollar,USDGHS,5.5375,5.5431,5.5403,-3.609847664810897e-05
2019-12-18,US Dollar,USDGHS,5.5375,5.5431,5.5403,0.0
2019-12-19,US Dollar,USDGHS,5.5373,5.5429,5.5401,-3.609977979533391e-05
2019-12-20,US Dollar,USDGHS,5.5368,5.5424,5.5396,-9.025515137399976e-05
2019-12-23,US Dollar,USDGHS,5.5368,5.5424,5.5396,0.0
2019-12-24,US Dollar,USDGHS,5.5365,5.5421,5.5393,-5.4157001159590886e-05
2019-12-27,US Dollar,USDGHS,5.536,5.5416,5.5388,-9.026818684419437e-05
2019-12-30,US Dollar,USDGHS,5.535,5.5406,5.5378,-0.0001805608224034487
2019-12-31,US Dollar,USDGHS,5.5309,5.5365,5.5337,-0.0007406404168217357
2020-01-02,US Dollar,USDGHS,5.5314,5.537,5.5342,9.035137656477071e-05
2020-01-03,US Dollar,USDGHS,5.5314,5.537,5.5342,0.0
2020-01-06,US Dollar,USDGHS,5.5312,5.5368,5.534,-3.61395710273467e-05
2020-01-08,US Dollar,USDGHS,5.5337,5.5393,5.5365,0.0004516507912917722
2020-01-09,US Dollar,USDGHS,5.5335,5.5391,5.5363,-3.612455747815929e-05
2020-01-10,US Dollar,USDGHS,5.5335,5.5391,5.5363,0.0
2020-01-13,US Dollar,USDGHS,5.534,5.5396,5.5368,9.030894696884534e-05
2020-01-14,US Dollar,USDGHS,5.5338,5.5394,5.5366,-3.6122600108796895e-05
2020-01-15,US Dollar,USDGHS,5.5341,5.5397,5.5369,5.418341085896587e-05
2020-01-16,US Dollar,USDGHS,5.5334,5.539,5.5362,-0.00012643252583876657
2020-01-17,US Dollar,USDGHS,5.5314,5.537,5.5342,-0.00036132389466668854
2020-01-20,US Dollar,USDGHS,5.5314,5.537,5.5342,0.0
2020-01-21,US Dollar,USDGHS,5.5319,5.5375,5.5347,9.034321393096365e-05
2020-01-22,US Dollar,USDGHS,5.5309,5.5365,5.5337,-0.0001806945904956417
2020-01-23,US Dollar,USDGHS,5.5289,5.5345,5.5317,-0.0003614871621050978
2020-01-24,US Dollar,USDGHS,5.5239,5.5295,5.5267,-0.0009042900131528652
2020-01-27,US Dollar,USDGHS,5.5189,5.5245,5.5217,-0.0009051084937804842
2020-01-28,US Dollar,USDGHS,5.5159,5.5215,5.5187,-0.0005434585837174726
2020-01-29,US Dollar,USDGHS,5.5159,5.5215,5.5187,0.0
2020-01-30,US Dollar,USDGHS,5.496,5.5014,5.4987,-0.0036306246426658496
2020-01-31,US Dollar,USDGHS,5.4645,5.4699,5.4672,-0.005745098284884582
2020-02-03,US Dollar,USDGHS,5.409,5.4144,5.4117,-0.010203325979285034
2020-02-04,US Dollar,USDGHS,5.3633,5.3687,5.366,-0.008480524396172978
2020-02-05,US Dollar,USDGHS,5.3583,5.3637,5.361,-0.0009322271580317258
2020-02-06,US Dollar,USDGHS,5.3583,5.3637,5.361,0.0
2020-02-07,US Dollar,USDGHS,5.3581,5.3635,5.3608,-3.730716857673056e-05
2020-02-10,US Dollar,USDGHS,5.3574,5.3628,5.3601,-0.0001305860517297388
2020-02-11,US Dollar,USDGHS,5.3569,5.3623,5.3596,-9.32861927781932e-05
2020-02-12,US Dollar,USDGHS,5.3269,5.3323,5.3296,-0.0056131569750377435
2020-02-13,US Dollar,USDGHS,5.297,5.3022,5.2996,-0.0056448424454471225
2020-02-14,US Dollar,USDGHS,5.295,5.3002,5.2976,-0.00037745820098625233
2020-02-17,US Dollar,USDGHS,5.285,5.2902,5.2876,-0.0018894310877371557
2020-02-18,US Dollar,USDGHS,5.285,5.2902,5.2876,0.0
2020-02-19,US Dollar,USDGHS,5.2853,5.2905,5.2879,5.673490616598795e-05
2020-02-20,US Dollar,USDGHS,5.2803,5.2855,5.2829,-0.0009460022652747373
2020-02-21,US Dollar,USDGHS,5.2803,5.2855,5.2829,0.0
2020-02-24,US Dollar,USDGHS,5.2793,5.2845,5.2819,-0.00018930789091814096
2020-02-25,US Dollar,USDGHS,5.2843,5.2895,5.2869,0.0009461812832155198
2020-02-26,US Dollar,USDGHS,5.2918,5.297,5.2944,0.0014175954289143374
2020-02-27,US Dollar,USDGHS,5.2918,5.297,5.2944,0.0
2020-02-28,US Dollar,USDGHS,5.2923,5.2975,5.2949,9.443494855594242e-05
2020-03-02,US Dollar,USDGHS,5.2938,5.299,5.2964,0.0002832513496980895
2020-03-03,US Dollar,USDGHS,5.2948,5.3,5.2974,0.000188789669989956
2020-03-04,US Dollar,USDGHS,5.2974,5.3027,5.3,0.0004906864046214813
2020-03-05,US Dollar,USDGHS,5.2974,5.3027,5.3,0.0
2020-03-09,US Dollar,USDGHS,5.3003,5.3057,5.303,0.0005658775969169122
2020-03-10,US Dollar,USDGHS,5.3101,5.3155,5.3128,0.0018463050893740376
2020-03-11,US Dollar,USDGHS,5.3153,5.3207,5.318,0.0009782895764611184
2020-03-12,US Dollar,USDGHS,5.3251,5.3305,5.3278,0.0018411021751714174
2020-03-13,US Dollar,USDGHS,5.3251,5.3305,5.3278,0.0
2020-03-16,US Dollar,USDGHS,5.3349,5.3403,5.3376,0.001837718746236494
2020-03-17,US Dollar,USDGHS,5.3454,5.3508,5.3481,0.0019652439015526027
2020-03-18,US Dollar,USDGHS,5.3453,5.3507,5.348,-1.869840409175981e-05
2020-03-19,US Dollar,USDGHS,5.3473,5.3527,5.35,0.00037390166821847914
2020-03-20,US Dollar,USDGHS,5.3576,5.363,5.3603,0.0019233827577788555
2020-03-23,US Dollar,USDGHS,5.3686,5.374,5.3713,0.002050021218154066
2020-03-24,US Dollar,USDGHS,5.3936,5.399,5.3963,0.0046435686545448045
2020-03-25,US Dollar,USDGHS,5.4334,5.4388,5.4361,0.007348358460625463
2020-03-26,US Dollar,USDGHS,5.4352,5.4406,5.4379,0.00033106492853422076
2020-03-27,US Dollar,USDGHS,5.435,5.4404,5.4377,-3.6779579981208555e-05
2020-03-30,US Dollar,USDGHS,5.4347,5.4401,5.4374,-5.517190647925992e-05
2020-03-31,US Dollar,USDGHS,5.4396,5.445,5.4423,0.0009007601921577835
2020-04-01,US Dollar,USDGHS,5.4396,5.445,5.4423,0.0
2020-04-02,US Dollar,USDGHS,5.4473,5.4527,5.45,0.001413843041903173
2020-04-03,US Dollar,USDGHS,5.4583,5.4637,5.461,0.002016314494863921
2020-04-06,US Dollar,USDGHS,5.4979,5.5035,5.5007,0.007243433697194935
2020-04-07,US Dollar,USDGHS,5.4977,5.5033,5.5005,-3.63596698582441e-05
2020-04-08,US Dollar,USDGHS,5.4997,5.5053,5.5025,0.00036353722112637886
2020-04-09,US Dollar,USDGHS,5.5027,5.5083,5.5055,0.0005450581530290294
2020-04-14,US Dollar,USDGHS,5.5077,5.5133,5.5105,0.0009077705779508849
2020-04-15,US Dollar,USDGHS,5.5075,5.5131,5.5103,-3.629500581121807e-05
2020-04-16,US Dollar,USDGHS,5.5072,5.5128,5.51,-5.4444978825305323e-05
2020-04-17,US Dollar,USDGHS,5.5072,5.5128,5.51,0.0
2020-04-20,US Dollar,USDGHS,5.512,5.5176,5.5148,0.0008707641505139116
2020-04-21,US Dollar,USDGHS,5.512,5.5176,5.5148,0.0
2020-04-22,US Dollar,USDGHS,5.5219,5.5275,5.5247,0.001793559971721105
2020-04-23,US Dollar,USDGHS,5.5219,5.5275,5.5247,0.0
2020-04-24,US Dollar,USDGHS,5.5421,5.5477,5.5449,0.003649639087549331
2020-04-27,US Dollar,USDGHS,5.5451,5.5507,5.5479,0.0005408914021963073
2020-04-28,US Dollar,USDGHS,5.5553,5.5609,5.5581,0.001836845465136025
2020-04-29,US Dollar,USDGHS,5.5657,5.5713,5.5685,0.001869394609078317
2020-04-30,US Dollar,USDGHS,5.5982,5.6038,5.601,0.005819435376677363
2020-05-04,US Dollar,USDGHS,5.5982,5.6038,5.601,0.0
2020-05-05,US Dollar,USDGHS,5.5972,5.6028,5.6,-0.0001785554865917451
2020-05-06,US Dollar,USDGHS,5.5972,5.6028,5.6,0.0
2020-05-07,US Dollar,USDGHS,5.5982,5.6038,5.601,0.00017855548659185882
2020-05-08,US Dollar,USDGHS,5.6001,5.6057,5.6029,0.0003391676145296631
2020-05-11,US Dollar,USDGHS,5.6021,5.6077,5.6049,0.00035689430953965656
2020-05-12,US Dollar,USDGHS,5.6051,5.6107,5.6079,0.0005351027524941914
2020-05-13,US Dollar,USDGHS,5.6101,5.6157,5.6129,0.0008912021123154018
2020-05-14,US Dollar,USDGHS,5.6101,5.6157,5.6129,0.0
2020-05-15,US Dollar,USDGHS,5.6099,5.6155,5.6127,-3.5632839228368636e-05
2020-05-18,US Dollar,USDGHS,5.6129,5.6185,5.6157,0.0005343593159104559
2020-05-19,US Dollar,USDGHS,5.6127,5.6183,5.6155,-3.56150723024594e-05
2020-05-20,US Dollar,USDGHS,5.6127,5.6183,5.6155,0.0
2020-05-21,US Dollar,USDGHS,5.6125,5.6181,5.6153,-3.5616340780883675e-05
2020-05-22,US Dollar,USDGHS,5.6125,5.6181,5.6153,0.0
2020-05-26,US Dollar,USDGHS,5.6125,5.6181,5.6153,0.0
2020-05-27,US Dollar,USDGHS,5.6155,5.6211,5.6183,0.0005341119625619976
2020-05-28,US Dollar,USDGHS,5.6165,5.6221,5.6193,0.0001779739450843041
2020-05-29,US Dollar,USDGHS,5.6175,5.6231,5.6203,0.00017794227599551176
2020-06-01,US Dollar,USDGHS,5.6174,5.623,5.6202,-1.7792802811819195e-05
2020-06-02,US Dollar,USDGHS,5.6174,5.623,5.6202,0.0
2020-06-03,US Dollar,USDGHS,5.6184,5.624,5.6212,0.00017791378345020668
2020-06-04,US Dollar,USDGHS,5.6182,5.6238,5.621,-3.5580224514889896e-05
2020-06-05,US Dollar,USDGHS,5.6202,5.6258,5.623,0.00035574529012669543
2020-06-08,US Dollar,USDGHS,5.62,5.6256,5.6228,-3.5568834590933366e-05
2020-06-09,US Dollar,USDGHS,5.625,5.6306,5.6278,0.0008888415425280765
2020-06-10,US Dollar,USDGHS,5.625,5.6306,5.6278,0.0
2020-06-11,US Dollar,USDGHS,5.628,5.6336,5.6308,0.0005329259536713531
2020-06-12,US Dollar,USDGHS,5.6472,5.6528,5.65,0.0034040171866764686
2020-06-15,US Dollar,USDGHS,5.6471,5.6527,5.6499,-1.7699271675529906e-05
2020-06-16,US Dollar,USDGHS,5.6491,5.6547,5.6519,0.0003539259269988579
2020-06-17,US Dollar,USDGHS,5.6488,5.6544,5.6516,-5.3080904157284186e-05
2020-06-18,US Dollar,USDGHS,5.6483,5.6539,5.6511,-8.847443536974201e-05
2020-06-19,US Dollar,USDGHS,5.6493,5.6549,5.6521,0.0001769410437061988
2020-06-22,US Dollar,USDGHS,5.6491,5.6547,5.6519,-3.5385704179160845e-05
2020-06-23,US Dollar,USDGHS,5.6501,5.6557,5.6529,0.00017691600074435648
2020-06-24,US Dollar,USDGHS,5.6501,5.6557,5.6529,0.0
2020-06-25,US Dollar,USDGHS,5.6549,5.6605,5.6577,0.0008487613898746836
2020-06-26,US Dollar,USDGHS,5.6651,5.6707,5.6679,0.0018012295609529181
2020-06-29,US Dollar,USDGHS,5.6646,5.6702,5.6674,-8.821998541281634e-05
2020-06-30,US Dollar,USDGHS,5.6646,5.6702,5.6674,0.0
2020-07-01,US Dollar,USDGHS,5.6644,5.67,5.6672,-3.529017345477462e-05
2020-07-02,US Dollar,USDGHS,5.6654,5.671,5.6682,0.00017643841462923872
2020-07-03,US Dollar,USDGHS,5.6654,5.671,5.6682,0.0
2020-07-06,US Dollar,USDGHS,5.6652,5.6708,5.668,-3.528519257250004e-05
2020-07-07,US Dollar,USDGHS,5.6651,5.6707,5.6679,-1.7643063189053772e-05
2020-07-08,US Dollar,USDGHS,5.6672,5.6728,5.67,0.0003704389744157712
2020-07-09,US Dollar,USDGHS,5.6672,5.6728,5.67,0.0
2020-07-10,US Dollar,USDGHS,5.6692,5.6748,5.672,0.00035267149016557283
2020-07-13,US Dollar,USDGHS,5.669,5.6746,5.6718,-3.5261552569696474e-05
2020-07-14,US Dollar,USDGHS,5.6687,5.6743,5.6715,-5.2894660296446845e-05
2020-07-15,US Dollar,USDGHS,5.6682,5.6738,5.671,-8.816398506916215e-05
2020-07-16,US Dollar,USDGHS,5.6682,5.6738,5.671,0.0
2020-07-17,US Dollar,USDGHS,5.6681,5.6737,5.6709,-1.7633729798903423e-05
2020-07-20,US Dollar,USDGHS,5.6686,5.6742,5.6714,8.816553967449424e-05
2020-07-21,US Dollar,USDGHS,5.6706,5.6762,5.6734,0.0003525844476268876
2020-07-22,US Dollar,USDGHS,5.6716,5.6772,5.6744,0.00017624561634653387
2020-07-23,US Dollar,USDGHS,5.6736,5.6792,5.6764,0.00035239807250551545
2020-07-24,US Dollar,USDGHS,5.6751,5.6807,5.6779,0.00026421708229066454
2020-07-27,US Dollar,USDGHS,5.6751,5.6807,5.6779,0.0
2020-07-28,US Dollar,USDGHS,5.675,5.6806,5.6778,-1.761230043100775e-05
2020-07-29,US Dollar,USDGHS,5.6755,5.6811,5.6783,8.805840038793959e-05
2020-07-30,US Dollar,USDGHS,5.6754,5.681,5.6782,-1.761105974591858e-05
2020-08-03,US Dollar,USDGHS,5.6759,5.6815,5.6787,8.805219739937269e-05
2020-08-05,US Dollar,USDGHS,5.6759,5.6815,5.6787,0.0
2020-08-06,US Dollar,USDGHS,5.6759,5.6815,5.6787,0.0
2020-08-07,US Dollar,USDGHS,5.6769,5.6825,5.6797,0.0001760811386435338
2020-08-10,US Dollar,USDGHS,5.6768,5.6824,5.6796,-1.7606718724430825e-05
2020-08-11,US Dollar,USDGHS,5.6768,5.6824,5.6796,0.0
2020-08-12,US Dollar,USDGHS,5.6778,5.6834,5.6806,0.00017605323895400168
2020-08-13,US Dollar,USDGHS,5.6778,5.6834,5.6806,0.0
2020-08-14,US Dollar,USDGHS,5.6778,5.6834,5.6806,0.0
2020-08-17,US Dollar,USDGHS,5.6781,5.6837,5.6809,5.280992827878281e-05
2020-08-18,US Dollar,USDGHS,5.6793,5.6849,5.6821,0.00021121182864759484
2020-08-19,US Dollar,USDGHS,5.6793,5.6849,5.6821,0.0
2020-08-20,US Dollar,USDGHS,5.6803,5.6859,5.6831,0.0001759757861858309
2020-08-21,US Dollar,USDGHS,5.6803,5.6859,5.6831,0.0
2020-08-24,US Dollar,USDGHS,5.6806,5.6862,5.6834,5.278669776437175e-05
2020-08-25,US Dollar,USDGHS,5.6806,5.6862,5.6834,0.0
2020-08-26,US Dollar,USDGHS,5.6801,5.6857,5.6829,-8.797937769058479e-05
2020-08-27,US Dollar,USDGHS,5.6801,5.6857,5.6829,0.0
2020-08-28,US Dollar,USDGHS,5.682,5.6876,5.6848,0.0003342804644198897
2020-08-31,US Dollar,USDGHS,5.682,5.6876,5.6848,0.0
2020-09-01,US Dollar,USDGHS,5.683,5.6886,5.6858,0.00017589221370519176
2020-09-02,US Dollar,USDGHS,5.683,5.6886,5.6858,0.0
2020-09-03,US Dollar,USDGHS,5.685,5.6906,5.6878,0.00035169164039791314
2020-09-04,US Dollar,USDGHS,5.6913,5.6969,5.6941,0.0011070209092303189
2020-09-07,US Dollar,USDGHS,5.6913,5.6969,5.6941,0.0
2020-09-08,US Dollar,USDGHS,5.6911,5.6967,5.6939,-3.512469266243833e-05
2020-09-09,US Dollar,USDGHS,5.6911,5.6967,5.6939,0.0
2020-09-10,US Dollar,USDGHS,5.6941,5.6997,5.6969,0.0005267408907826901
2020-09-11,US Dollar,USDGHS,5.6939,5.6995,5.6967,-3.510742873554599e-05
2020-09-14,US Dollar,USDGHS,5.6972,5.7029,5.7,0.0005791150231607661
2020-09-15,US Dollar,USDGHS,5.6972,5.7029,5.7,0.0
2020-09-16,US Dollar,USDGHS,5.6967,5.7023,5.6995,-8.772314580833969e-05
2020-09-17,US Dollar,USDGHS,5.6967,5.7023,5.6995,0.0
2020-09-18,US Dollar,USDGHS,5.6972,5.7029,5.7,8.772314580827016e-05
2020-09-22,US Dollar,USDGHS,5.6972,5.7029,5.7,0.0
2020-09-23,US Dollar,USDGHS,5.6981,5.7039,5.701,0.00017542320894027986
2020-09-24,US Dollar,USDGHS,5.6981,5.7039,5.701,0.0
2020-09-25,US Dollar,USDGHS,5.6991,5.7049,5.702,0.0001753924410355557
2020-09-28,US Dollar,USDGHS,5.699,5.7048,5.7019,-1.7537859855414394e-05
2020-09-29,US Dollar,USDGHS,5.7,5.7058,5.7029,0.00017536475914744983
2020-09-30,US Dollar,USDGHS,5.6998,5.7056,5.7027,-3.5070491691803675e-05
2020-10-01,US Dollar,USDGHS,5.6998,5.7056,5.7027,0.0
2020-10-02,US Dollar,USDGHS,5.7,5.7058,5.7029,3.507049169189963e-05
2020-10-05,US Dollar,USDGHS,5.7,5.7058,5.7029,0.0
2020-10-06,US Dollar,USDGHS,5.6998,5.7056,5.7027,-3.5070491691803675e-05
2020-10-07,US Dollar,USDGHS,5.6998,5.7056,5.7027,0.0
2020-10-08,US Dollar,USDGHS,5.7003,5.7061,5.7032,8.767392320111737e-05
2020-10-09,US Dollar,USDGHS,5.7003,5.7061,5.7032,0.0
2020-10-12,US Dollar,USDGHS,5.7003,5.7061,5.7032,0.0
2020-10-13,US Dollar,USDGHS,5.7008,5.7066,5.7037,8.766623715838634e-05
2020-10-14,US Dollar,USDGHS,5.7007,5.7065,5.7036,-1.7532632613041942e-05
2020-10-15,US Dollar,USDGHS,5.7007,5.7065,5.7036,0.0
2020-10-16,US Dollar,USDGHS,5.7027,5.7085,5.7056,0.00035059426085727493
2020-10-19,US Dollar,USDGHS,5.7027,5.7085,5.7056,0.0
2020-10-20,US Dollar,USDGHS,5.7037,5.7095,5.7066,0.00017525104757352533
2020-10-21,US Dollar,USDGHS,5.7037,5.7095,5.7066,0.0
2020-10-22,US Dollar,USDGHS,5.7047,5.7105,5.7076,0.00017522034002530036
2020-10-23,US Dollar,USDGHS,5.7047,5.7105,5.7076,0.0
2020-10-26,US Dollar,USDGHS,5.7046,5.7104,5.7075,-1.7520652469693446e-05
2020-10-27,US Dollar,USDGHS,5.7061,5.7119,5.709,0.0002627775603086693
2020-10-28,US Dollar,USDGHS,5.7061,5.7119,5.709,0.0
2020-10-29,US Dollar,USDGHS,5.7071,5.7129,5.71,0.00017514668579682085
2020-10-30,US Dollar,USDGHS,5.7071,5.7129,5.71,0.0
2020-11-02,US Dollar,USDGHS,5.7081,5.7139,5.711,0.00017511601480707002
2020-11-03,US Dollar,USDGHS,5.7081,5.7139,5.711,0.0
2020-11-04,US Dollar,USDGHS,5.708,5.7138,5.7109,-1.7510221592463346e-05
2020-11-05,US Dollar,USDGHS,5.708,5.7138,5.7109,0.0
2020-11-06,US Dollar,USDGHS,5.7078,5.7136,5.7107,-3.5021363034998976e-05
2020-11-09,US Dollar,USDGHS,5.7081,5.7139,5.711,5.253158462733961e-05
2020-11-10,US Dollar,USDGHS,5.7083,5.7141,5.7112,3.501952338774495e-05
2020-11-11,US Dollar,USDGHS,5.7083,5.7141,5.7112,0.0
2020-11-12,US Dollar,USDGHS,5.7088,5.7146,5.7117,8.754344348977161e-05
2020-11-13,US Dollar,USDGHS,5.7088,5.7146,5.7117,0.0
2020-11-16,US Dollar,USDGHS,5.7091,5.7149,5.712,5.252238767962329e-05
2020-11-17,US Dollar,USDGHS,5.709,5.7148,5.7119,-1.7507156050482554e-05
2020-11-18,US Dollar,USDGHS,5.7096,5.7154,5.7125,0.00010503833909040085
2020-11-19,US Dollar,USDGHS,5.7096,5.7154,5.7125,0.0
2020-11-20,US Dollar,USDGHS,5.7101,5.7159,5.713,8.752352200235814e-05
2020-11-23,US Dollar,USDGHS,5.7101,5.7159,5.713,0.0
2020-11-24,US Dollar,USDGHS,5.71,5.7158,5.7129,-1.7504091581782543e-05
2020-11-25,US Dollar,USDGHS,5.71,5.7158,5.7129,0.0
2020-11-26,US Dollar,USDGHS,5.71,5.7158,5.7129,0.0
2020-11-27,US Dollar,USDGHS,5.7105,5.7163,5.7134,8.751739413779726e-05
2020-11-30,US Dollar,USDGHS,5.711,5.7168,5.7139,8.75097355139722e-05
2020-12-01,US Dollar,USDGHS,5.7115,5.7173,5.7144,8.750207823023245e-05
2020-12-02,US Dollar,USDGHS,5.7115,5.7173,5.7144,0.0
2020-12-03,US Dollar,USDGHS,5.7113,5.7171,5.7142,-3.4999912503841085e-05
2020-12-04,US Dollar,USDGHS,5.7113,5.7171,5.7142,0.0
2020-12-08,US Dollar,USDGHS,5.7113,5.7171,5.7142,0.0
2020-12-09,US Dollar,USDGHS,5.7113,5.7171,5.7142,0.0
2020-12-10,US Dollar,USDGHS,5.7116,5.7174,5.7145,5.249940939373436e-05
2020-12-11,US Dollar,USDGHS,5.7116,5.7174,5.7145,0.0
2020-12-14,US Dollar,USDGHS,5.7126,5.7184,5.7155,0.00017497812818035867
2020-12-15,US Dollar,USDGHS,5.7131,5.7189,5.716,8.747758392512558e-05
2020-12-16,US Dollar,USDGHS,5.7131,5.7189,5.716,0.0
2020-12-17,US Dollar,USDGHS,5.7136,5.7194,5.7165,8.746993226659171e-05
2020-12-18,US Dollar,USDGHS,5.7166,5.7224,5.7195,0.0005246589837035918
2020-12-21,US Dollar,USDGHS,5.7163,5.7221,5.7192,-5.245351308612804e-05
2020-12-22,US Dollar,USDGHS,5.7173,5.7231,5.7202,0.00017483434490398332
2020-12-23,US Dollar,USDGHS,5.7183,5.7241,5.7212,0.0001748037831987711
2020-12-24,US Dollar,USDGHS,5.7293,5.7351,5.7322,0.0019208275939221415
2020-12-29,US Dollar,USDGHS,5.7293,5.7351,5.7322,0.0
2020-12-30,US Dollar,USDGHS,5.7313,5.7371,5.7342,0.0003488453255221095
2020-12-31,US Dollar,USDGHS,5.7573,5.7631,5.7602,0.004523949809167688
2021-01-04,US Dollar,USDGHS,5.7573,5.7631,5.7602,0.0
2021-01-05,US Dollar,USDGHS,5.7578,5.7636,5.7607,8.679877445571808e-05
2021-01-06,US Dollar,USDGHS,5.7578,5.7636,5.7607,0.0
2021-01-08,US Dollar,USDGHS,5.7576,5.7634,5.7605,-3.47186057041671e-05
2021-01-11,US Dollar,USDGHS,5.7576,5.7634,5.7605,0.0
2021-01-12,US Dollar,USDGHS,5.7574,5.7632,5.7603,-3.471981112781211e-05
2021-01-13,US Dollar,USDGHS,5.7574,5.7632,5.7603,0.0
2021-01-14,US Dollar,USDGHS,5.7576,5.7634,5.7605,3.471981112769937e-05
2021-01-15,US Dollar,USDGHS,5.7576,5.7634,5.7605,0.0
2021-01-18,US Dollar,USDGHS,5.7574,5.7632,5.7603,-3.471981112781211e-05
2021-01-19,US Dollar,USDGHS,5.7574,5.7632,5.7603,0.0
2021-01-20,US Dollar,USDGHS,5.7579,5.7637,5.7608,8.679726767635701e-05
2021-01-21,US Dollar,USDGHS,5.7589,5.7647,5.7618,0.0001735719373250731
2021-01-22,US Dollar,USDGHS,5.7589,5.7647,5.7618,0.0
2021-01-25,US Dollar,USDGHS,5.7587,5.7645,5.7616,-3.471197737133326e-05
2021-01-26,US Dollar,USDGHS,5.7587,5.7645,5.7616,0.0
2021-01-27,US Dollar,USDGHS,5.7585,5.7643,5.7614,-3.4713182334433784e-05
2021-01-28,US Dollar,USDGHS,5.7575,5.7633,5.7604,-0.000173583989048768
2021-01-29,US Dollar,USDGHS,5.7575,5.7633,5.7604,0.0
2021-02-01,US Dollar,USDGHS,5.7577,5.7635,5.7606,3.47192084056593e-05
2021-02-02,US Dollar,USDGHS,5.7577,5.7635,5.7606,0.0
2021-02-03,US Dollar,USDGHS,5.7576,5.7634,5.7605,-1.7359453524847452e-05
2021-02-04,US Dollar,USDGHS,5.7575,5.7633,5.7604,-1.735975488080098e-05
2021-02-05,US Dollar,USDGHS,5.7576,5.7634,5.7605,1.7359754880758682e-05
2021-02-08,US Dollar,USDGHS,5.7574,5.7632,5.7603,-3.471981112781211e-05
2021-02-09,US Dollar,USDGHS,5.7574,5.7632,5.7603,0.0
2021-02-10,US Dollar,USDGHS,5.7572,5.763,5.7601,-3.472101663472819e-05
2021-02-11,US Dollar,USDGHS,5.757,5.7628,5.7599,-3.4722222225803545e-05
2021-02-12,US Dollar,USDGHS,5.757,5.7628,5.7599,0.0
2021-02-15,US Dollar,USDGHS,5.7568,5.7626,5.7597,-3.472342790037203e-05
2021-02-16,US Dollar,USDGHS,5.7568,5.7626,5.7597,0.0
2021-02-17,US Dollar,USDGHS,5.7567,5.7625,5.7596,-1.7362166104249496e-05
2021-02-18,US Dollar,USDGHS,5.7562,5.762,5.7591,-8.681535248136503e-05
2021-02-19,US Dollar,USDGHS,5.7557,5.7615,5.7586,-8.682289004117404e-05
2021-02-22,US Dollar,USDGHS,5.7507,5.7565,5.7536,-0.0008686437543464455
2021-02-23,US Dollar,USDGHS,5.7507,5.7565,5.7536,0.0
2021-02-24,US Dollar,USDGHS,5.7505,5.7563,5.7534,-3.476144955586148e-05
2021-02-25,US Dollar,USDGHS,5.7495,5.7553,5.7524,-0.00017382537546602512
2021-02-26,US Dollar,USDGHS,5.7345,5.7403,5.7374,-0.00261101298921385
2021-03-01,US Dollar,USDGHS,5.7295,5.7353,5.7324,-0.0008718548390941166
2021-03-02,US Dollar,USDGHS,5.7251,5.7309,5.728,-0.0007678615434350042
2021-03-03,US Dollar,USDGHS,5.7251,5.7309,5.728,0.0
2021-03-04,US Dollar,USDGHS,5.7236,5.7294,5.7265,-0.00026190580271058284
2021-03-05,US Dollar,USDGHS,5.7233,5.7291,5.7262,-5.238939290608893e-05
2021-03-09,US Dollar,USDGHS,5.7238,5.7296,5.7267,8.73141301009997e-05
2021-03-10,US Dollar,USDGHS,5.7236,5.7294,5.7265,-3.492473719494762e-05
2021-03-11,US Dollar,USDGHS,5.7236,5.7294,5.7265,0.0
2021-03-12,US Dollar,USDGHS,5.7236,5.7294,5.7265,0.0
2021-03-15,US Dollar,USDGHS,5.7241,5.7299,5.727,8.730955608642405e-05
2021-03-16,US Dollar,USDGHS,5.7241,5.7299,5.727,0.0
2021-03-17,US Dollar,USDGHS,5.7246,5.7304,5.7275,8.730193379321438e-05
2021-03-18,US Dollar,USDGHS,5.7246,5.7304,5.7275,0.0
2021-03-19,US Dollar,USDGHS,5.7246,5.7304,5.7275,0.0
2021-03-22,US Dollar,USDGHS,5.7244,5.7302,5.7273,-3.491985892744184e-05
2021-03-23,US Dollar,USDGHS,5.7244,5.7302,5.7273,0.0
2021-03-24,US Dollar,USDGHS,5.7244,5.7302,5.7273,0.0
2021-03-25,US Dollar,USDGHS,5.7239,5.7297,5.7268,-8.730498255070462e-05
2021-03-26,US Dollar,USDGHS,5.7239,5.7297,5.7268,0.0
2021-03-29,US Dollar,USDGHS,5.7259,5.7317,5.7288,0.00034917420655751193
2021-03-30,US Dollar,USDGHS,5.7259,5.7317,5.7288,0.0
2021-03-31,US Dollar,USDGHS,5.7259,5.7317,5.7288,0.0
2021-04-01,US Dollar,USDGHS,5.7269,5.7327,5.7298,0.00017454139293431
2021-04-06,US Dollar,USDGHS,5.7267,5.7325,5.7296,-3.4905841496232456e-05
2021-04-07,US Dollar,USDGHS,5.7265,5.7323,5.7294,-3.4907059956352874e-05
2021-04-08,US Dollar,USDGHS,5.7265,5.7323,5.7294,0.0
2021-04-09,US Dollar,USDGHS,5.7265,5.7323,5.7294,0.0
2021-04-12,US Dollar,USDGHS,5.7265,5.7323,5.7294,0.0
2021-04-13,US Dollar,USDGHS,5.7275,5.7333,5.7304,0.0001745231160297265
2021-04-14,US Dollar,USDGHS,5.7285,5.7343,5.7314,0.00017449266302616766
2021-04-15,US Dollar,USDGHS,5.7285,5.7343,5.7314,0.0
2021-04-16,US Dollar,USDGHS,5.729,5.7348,5.7319,8.723491495785061e-05
2021-04-19,US Dollar,USDGHS,5.7285,5.7343,5.7314,-8.723491495777958e-05
2021-04-20,US Dollar,USDGHS,5.7285,5.7343,5.7314,0.0
2021-04-21,US Dollar,USDGHS,5.7283,5.7341,5.7312,-3.4896096874981926e-05
2021-04-22,US Dollar,USDGHS,5.728,5.7338,5.7309,-5.23464286768935e-05
2021-04-23,US Dollar,USDGHS,5.728,5.7338,5.7309,0.0
2021-04-26,US Dollar,USDGHS,5.7278,5.7336,5.7307,-3.4899141484767864e-05
2021-04-27,US Dollar,USDGHS,5.7288,5.7346,5.7317,0.00017448352919763254
2021-04-28,US Dollar,USDGHS,5.7288,5.7346,5.7317,0.0
2021-04-29,US Dollar,USDGHS,5.7283,5.7341,5.7312,-8.72379590359689e-05
2021-04-30,US Dollar,USDGHS,5.7293,5.7351,5.7322,0.00017446830827426275
2021-05-04,US Dollar,USDGHS,5.7291,5.7349,5.732,-3.4891226604498256e-05
2021-05-05,US Dollar,USDGHS,5.7289,5.7347,5.7318,-3.4892444044825436e-05
2021-05-06,US Dollar,USDGHS,5.7289,5.7347,5.7318,0.0
2021-05-07,US Dollar,USDGHS,5.7287,5.7345,5.7316,-3.489366156986707e-05
2021-05-10,US Dollar,USDGHS,5.7282,5.734,5.7311,-8.723948115495457e-05
2021-05-11,US Dollar,USDGHS,5.728,5.7338,5.7309,-3.489792357701232e-05
2021-05-12,US Dollar,USDGHS,5.7278,5.7336,5.7307,-3.4899141484767864e-05
2021-05-14,US Dollar,USDGHS,5.7278,5.7336,5.7307,0.0
2021-05-17,US Dollar,USDGHS,5.7276,5.7334,5.7305,-3.490035947712684e-05
2021-05-18,US Dollar,USDGHS,5.7276,5.7334,5.7305,0.0
2021-05-19,US Dollar,USDGHS,5.7276,5.7334,5.7305,0.0
2021-05-20,US Dollar,USDGHS,5.7286,5.7344,5.7315,0.0001744896183103244
2021-05-21,US Dollar,USDGHS,5.7286,5.7344,5.7315,0.0
2021-05-24,US Dollar,USDGHS,5.7296,5.7354,5.7325,0.0001744591769952426
2021-05-25,US Dollar,USDGHS,5.7316,5.7374,5.7345,0.00034882707251762636
2021-05-26,US Dollar,USDGHS,5.7331,5.7389,5.736,0.0002615404748792028
2021-05-27,US Dollar,USDGHS,5.7331,5.7389,5.736,0.0
2021-05-28,US Dollar,USDGHS,5.7387,5.7445,5.7416,0.0009758138364059581
2021-05-31,US Dollar,USDGHS,5.7444,5.7502,5.7473,0.0009922621778721422
2021-06-01,US Dollar,USDGHS,5.7443,5.7501,5.7472,-1.7399625908441508e-05
2021-06-02,US Dollar,USDGHS,5.7443,5.7501,5.7472,0.0
2021-06-03,US Dollar,USDGHS,5.7441,5.7499,5.747,-3.480016008430333e-05
2021-06-04,US Dollar,USDGHS,5.7441,5.7499,5.747,0.0
2021-06-07,US Dollar,USDGHS,5.7473,5.7531,5.7502,0.0005566572874494322
2021-06-08,US Dollar,USDGHS,5.7483,5.7541,5.7512,0.0001738918744708204
2021-06-09,US Dollar,USDGHS,5.7483,5.7541,5.7512,0.0
2021-06-10,US Dollar,USDGHS,5.7488,5.7546,5.7517,8.693459915572386e-05
2021-06-11,US Dollar,USDGHS,5.7486,5.7544,5.7515,-3.477293275258367e-05
2021-06-14,US Dollar,USDGHS,5.7485,5.7543,5.7514,-1.7386919820639848e-05
2021-06-15,US Dollar,USDGHS,5.7485,5.7543,5.7514,0.0
2021-06-16,US Dollar,USDGHS,5.7483,5.7541,5.7512,-3.477474658257085e-05
2021-06-17,US Dollar,USDGHS,5.7483,5.7541,5.7512,0.0
2021-06-18,US Dollar,USDGHS,5.7483,5.7541,5.7512,0.0
2021-06-21,US Dollar,USDGHS,5.7488,5.7546,5.7517,8.693459915572386e-05
2021-06-22,US Dollar,USDGHS,5.7503,5.7561,5.7532,0.0002607584609166427
2021-06-23,US Dollar,USDGHS,5.7513,5.7571,5.7542,0.00017380120661786725
2021-06-24,US Dollar,USDGHS,5.7513,5.7571,5.7542,0.0
2021-06-25,US Dollar,USDGHS,5.7513,5.7571,5.7542,0.0
2021-06-28,US Dollar,USDGHS,5.7569,5.7627,5.7598,0.0009727289285324214
2021-06-29,US Dollar,USDGHS,5.7584,5.7642,5.7613,0.00026039180433734896
2021-06-30,US Dollar,USDGHS,5.7597,5.7655,5.7626,0.00022561806428625413
2021-07-01,US Dollar,USDGHS,5.7602,5.766,5.7631,8.676262618562524e-05
2021-07-02,US Dollar,USDGHS,5.7612,5.767,5.7641,0.00017350267237645228
2021-07-05,US Dollar,USDGHS,5.7612,5.767,5.7641,0.0
2021-07-06,US Dollar,USDGHS,5.7611,5.7669,5.764,-1.734891265726245e-05
2021-07-07,US Dollar,USDGHS,5.7621,5.7679,5.765,0.00017347558374664084
2021-07-08,US Dollar,USDGHS,5.7651,5.7709,5.768,0.0005202462616257322
2021-07-09,US Dollar,USDGHS,5.7773,5.7831,5.7802,0.002112884179124612
2021-07-12,US Dollar,USDGHS,5.7771,5.7829,5.78,-3.460147748641865e-05
2021-07-13,US Dollar,USDGHS,5.7781,5.7839,5.781,0.0001729954160528753
2021-07-14,US Dollar,USDGHS,5.7781,5.7839,5.781,0.0
2021-07-15,US Dollar,USDGHS,5.7791,5.7849,5.782,0.00017296549381540482
2021-07-16,US Dollar,USDGHS,5.7936,5.7994,5.7965,0.002504643534164816
2021-07-19,US Dollar,USDGHS,5.7934,5.7992,5.7963,-3.450417500863673e-05
2021-07-21,US Dollar,USDGHS,5.7936,5.7994,5.7965,3.450417500865613e-05
2021-07-22,US Dollar,USDGHS,5.7934,5.7992,5.7963,-3.450417500863673e-05
2021-07-23,US Dollar,USDGHS,5.7974,5.8032,5.8003,0.0006898573993471562
2021-07-26,US Dollar,USDGHS,5.7974,5.8032,5.8003,0.0
2021-07-27,US Dollar,USDGHS,5.7974,5.8032,5.8003,0.0
2021-07-28,US Dollar,USDGHS,5.7972,5.803,5.8001,-3.448156960453035e-05
2021-07-29,US Dollar,USDGHS,5.7982,5.804,5.8011,0.00017239595946583056
2021-07-30,US Dollar,USDGHS,5.7982,5.804,5.8011,0.0
2021-08-02,US Dollar,USDGHS,5.7992,5.805,5.8021,0.00017236624422156235
2021-08-03,US Dollar,USDGHS,5.7997,5.8055,5.8026,8.617198209512006e-05
2021-08-05,US Dollar,USDGHS,5.7995,5.8053,5.8024,-3.446790176999131e-05
2021-08-06,US Dollar,USDGHS,5.8174,5.8232,5.8203,0.0030801817395638025
2021-08-09,US Dollar,USDGHS,5.8174,5.8232,5.8203,0.0
2021-08-10,US Dollar,USDGHS,5.8174,5.8232,5.8203,0.0
2021-08-11,US Dollar,USDGHS,5.8172,5.823,5.8201,-3.436308030984061e-05
2021-08-12,US Dollar,USDGHS,5.8192,5.825,5.8221,0.00034357767770258103
2021-08-13,US Dollar,USDGHS,5.8192,5.825,5.8221,0.0
2021-08-16,US Dollar,USDGHS,5.8202,5.826,5.8231,0.00017174458188065267
2021-08-17,US Dollar,USDGHS,5.8232,5.829,5.8261,0.0005150568393231536
2021-08-18,US Dollar,USDGHS,5.8232,5.829,5.8261,0.0
2021-08-19,US Dollar,USDGHS,5.8242,5.83,5.8271,0.00017162667807203518
2021-08-20,US Dollar,USDGHS,5.8307,5.8365,5.8336,0.0011148559989091395
2021-08-23,US Dollar,USDGHS,5.8307,5.8365,5.8336,0.0
2021-08-24,US Dollar,USDGHS,5.8307,5.8365,5.8336,0.0
2021-08-25,US Dollar,USDGHS,5.8306,5.8364,5.8335,-1.714222043213755e-05
2021-08-26,US Dollar,USDGHS,5.8306,5.8364,5.8335,0.0
2021-08-27,US Dollar,USDGHS,5.8473,5.8531,5.8502,0.002858685411781101
2021-08-30,US Dollar,USDGHS,5.8473,5.8531,5.8502,0.0
2021-08-31,US Dollar,USDGHS,5.8488,5.8546,5.8517,0.00025636862530278767
2021-09-01,US Dollar,USDGHS,5.8483,5.8541,5.8512,-8.544890587868982e-05
2021-09-02,US Dollar,USDGHS,5.8485,5.8543,5.8514,3.418043853818883e-05
2021-09-03,US Dollar,USDGHS,5.8535,5.8593,5.8564,0.0008541314856720599
2021-09-06,US Dollar,USDGHS,5.8535,5.8593,5.8564,0.0
2021-09-07,US Dollar,USDGHS,5.8535,5.8593,5.8564,0.0
2021-09-08,US Dollar,USDGHS,5.8533,5.8591,5.8562,-3.415125591563144e-05
2021-09-09,US Dollar,USDGHS,5.8532,5.859,5.8561,-1.707606533354117e-05
2021-09-10,US Dollar,USDGHS,5.8532,5.859,5.8561,0.0
2021-09-13,US Dollar,USDGHS,5.8532,5.859,5.8561,0.0
2021-09-14,US Dollar,USDGHS,5.8538,5.8596,5.8567,0.00010245201839454812
2021-09-15,US Dollar,USDGHS,5.8543,5.8601,5.8572,8.536866462988772e-05
2021-09-16,US Dollar,USDGHS,5.8545,5.8603,5.8574,3.4145425370064875e-05
2021-09-17,US Dollar,USDGHS,5.8601,5.8659,5.863,0.0009555988577429798
2021-09-20,US Dollar,USDGHS,5.8601,5.8659,5.863,0.0
2021-09-22,US Dollar,USDGHS,5.8599,5.8657,5.8628,-3.411281106954125e-05
2021-09-23,US Dollar,USDGHS,5.8594,5.8652,5.8623,-8.528711913803705e-05
2021-09-24,US Dollar,USDGHS,5.8614,5.8672,5.8643,0.0003411048418795256
2021-09-27,US Dollar,USDGHS,5.8614,5.8672,5.8643,0.0
2021-09-28,US Dollar,USDGHS,5.8624,5.8682,5.8653,0.00017050879866721224
2021-09-29,US Dollar,USDGHS,5.8624,5.8682,5.8653,0.0
2021-09-30,US Dollar,USDGHS,5.8634,5.8692,5.8663,0.00017047973037291644
2021-10-01,US Dollar,USDGHS,5.8634,5.8692,5.8663,0.0
2021-10-04,US Dollar,USDGHS,5.8644,5.8702,5.8673,0.00017045067198837943
2021-10-05,US Dollar,USDGHS,5.8644,5.8702,5.8673,0.0
2021-10-06,US Dollar,USDGHS,5.8649,5.8707,5.8678,8.521444219513046e-05
2021-10-07,US Dollar,USDGHS,5.8649,5.8707,5.8678,0.0
2021-10-08,US Dollar,USDGHS,5.8659,5.8717,5.8688,0.000170407102980413
2021-10-11,US Dollar,USDGHS,5.8659,5.8717,5.8688,0.0
2021-10-12,US Dollar,USDGHS,5.8669,5.8727,5.8698,0.00017037806934707715
2021-10-13,US Dollar,USDGHS,5.8773,5.8831,5.8802,0.0017702132282272638
2021-10-14,US Dollar,USDGHS,5.8773,5.8831,5.8802,0.0
2021-10-15,US Dollar,USDGHS,5.8793,5.8851,5.8822,0.0003400666563411887
2021-10-18,US Dollar,USDGHS,5.8793,5.8851,5.8822,0.0
2021-10-19,US Dollar,USDGHS,5.8798,5.8856,5.8827,8.499859757421502e-05
2021-10-20,US Dollar,USDGHS,5.8808,5.8866,5.8837,0.00016997552393392784
2021-10-21,US Dollar,USDGHS,5.8818,5.8876,5.8847,0.0001699466371649224
2021-10-22,US Dollar,USDGHS,5.892,5.8978,5.8949,0.0017318079644954017
2021-10-25,US Dollar,USDGHS,5.8971,5.9031,5.9001,0.0008817296035427864
2021-10-26,US Dollar,USDGHS,5.897,5.9028,5.8999,-3.389830508801313e-05
2021-10-27,US Dollar,USDGHS,5.897,5.9028,5.8999,0.0
2021-10-28,US Dollar,USDGHS,5.8974,5.9034,5.9004,8.474360826422473e-05
2021-10-29,US Dollar,USDGHS,5.8979,5.9039,5.9009,8.473642739334649e-05
2021-11-01,US Dollar,USDGHS,5.8979,5.9039,5.9009,0.0
2021-11-02,US Dollar,USDGHS,5.8982,5.9042,5.9012,5.0838410124499144e-05
2021-11-03,US Dollar,USDGHS,5.8982,5.9042,5.9012,0.0
2021-11-04,US Dollar,USDGHS,5.8987,5.9047,5.9017,8.472494053132774e-05
2021-11-05,US Dollar,USDGHS,5.8985,5.9045,5.9015,-3.3889114819508516e-05
2021-11-08,US Dollar,USDGHS,5.8993,5.9053,5.9023,0.00013554956899044563
2021-11-09,US Dollar,USDGHS,5.8993,5.9053,5.9023,0.0
2021-11-10,US Dollar,USDGHS,5.8995,5.9055,5.9025,3.388452155362213e-05
2021-11-11,US Dollar,USDGHS,5.8995,5.9055,5.9025,0.0
2021-11-12,US Dollar,USDGHS,5.9001,5.9061,5.9031,0.00010164667624127322
2021-11-15,US Dollar,USDGHS,5.9007,5.9067,5.9037,0.00010163634524438897
2021-11-16,US Dollar,USDGHS,5.9012,5.9072,5.9042,8.46890641518897e-05
2021-11-17,US Dollar,USDGHS,5.9083,5.9143,5.9113,0.0012018113248822584
2021-11-18,US Dollar,USDGHS,5.9083,5.9143,5.9113,0.0
2021-11-19,US Dollar,USDGHS,5.9083,5.9143,5.9113,0.0
2021-11-22,US Dollar,USDGHS,5.9083,5.9143,5.9113,0.0
2021-11-23,US Dollar,USDGHS,5.9088,5.9148,5.9118,8.458018629620078e-05
2021-11-24,US Dollar,USDGHS,5.9087,5.9147,5.9117,-1.691546496440693e-05
2021-11-25,US Dollar,USDGHS,5.9092,5.9152,5.9122,8.457446363693584e-05
2021-11-26,US Dollar,USDGHS,5.9112,5.9172,5.9142,0.0003382263442916863
2021-11-29,US Dollar,USDGHS,5.9122,5.9182,5.9152,0.00016907028291908256
2021-11-30,US Dollar,USDGHS,5.9142,5.9202,5.9172,0.000338054835713452
2021-12-01,US Dollar,USDGHS,5.9152,5.9212,5.9182,0.0001689845721107013
2021-12-02,US Dollar,USDGHS,5.9152,5.9212,5.9182,0.0
2021-12-06,US Dollar,USDGHS,5.9172,5.9232,5.9202,0.00033788350098457287
2021-12-07,US Dollar,USDGHS,5.9172,5.9232,5.9202,0.0
2021-12-08,US Dollar,USDGHS,5.9182,5.9242,5.9212,0.00016889894816102572
2021-12-09,US Dollar,USDGHS,5.9182,5.9242,5.9212,0.0
2021-12-10,US Dollar,USDGHS,5.9284,5.9344,5.9314,0.001721141777834388
2021-12-13,US Dollar,USDGHS,5.9286,5.9346,5.9316,3.371828374265523e-05
2021-12-14,US Dollar,USDGHS,5.9301,5.9361,5.9331,0.00025285089517481334
2021-12-15,US Dollar,USDGHS,5.9361,5.9421,5.9391,0.00101076472950647
2021-12-16,US Dollar,USDGHS,5.9361,5.9421,5.9391,0.0
2021-12-17,US Dollar,USDGHS,5.951,5.957,5.954,0.002505655850126308
2021-12-20,US Dollar,USDGHS,5.9508,5.9568,5.9538,-3.359142747082031e-05
2021-12-21,US Dollar,USDGHS,5.9533,5.9593,5.9563,0.0004198117625739646
2021-12-22,US Dollar,USDGHS,5.9543,5.9603,5.9573,0.00016787536972021386
2021-12-23,US Dollar,USDGHS,5.9594,5.9654,5.9624,0.0008557262869388952
2021-12-24,US Dollar,USDGHS,5.9744,5.9804,5.9774,0.0025126062231340296
2021-12-29,US Dollar,USDGHS,5.9779,5.9839,5.9809,0.0005853675020599171
2021-12-30,US Dollar,USDGHS,5.9931,5.9991,5.9961,0.0025381995759279677
2021-12-31,US Dollar,USDGHS,6.0031,6.0091,6.0061,0.001666361552709754
2022-01-04,US Dollar,USDGHS,6.0031,6.0091,6.0061,0.0
2022-01-05,US Dollar,USDGHS,6.0029,6.0089,6.0059,-3.330003330316818e-05
2022-01-06,US Dollar,USDGHS,6.0034,6.0094,6.0064,8.324800417722255e-05
2022-01-10,US Dollar,USDGHS,6.0034,6.0094,6.0064,0.0
2022-01-11,US Dollar,USDGHS,6.0034,6.0094,6.0064,0.0
2022-01-12,US Dollar,USDGHS,6.0032,6.0092,6.0062,-3.329837004798393e-05
2022-01-13,US Dollar,USDGHS,6.0032,6.0092,6.0062,0.0
2022-01-14,US Dollar,USDGHS,6.0033,6.0093,6.0063,1.6649323621704487e-05
2022-01-17,US Dollar,USDGHS,6.0033,6.0093,6.0063,0.0
2022-01-18,US Dollar,USDGHS,6.0053,6.0113,6.0083,0.0003329282736791813
2022-01-19,US Dollar,USDGHS,6.0071,6.0131,6.0101,0.0002995407064932286
2022-01-20,US Dollar,USDGHS,6.0071,6.0131,6.0101,0.0
2022-01-21,US Dollar,USDGHS,6.0069,6.0129,6.0099,-3.327787021943622e-05
2022-01-24,US Dollar,USDGHS,6.0079,6.0139,6.0109,0.00016637827803595018
2022-01-25,US Dollar,USDGHS,6.0079,6.0139,6.0109,0.0
2022-01-26,US Dollar,USDGHS,6.0094,6.0154,6.0124,0.0002495155253186689
2022-01-27,US Dollar,USDGHS,6.0196,6.0256,6.0226,0.0016950564922697318
2022-01-28,US Dollar,USDGHS,6.0196,6.0256,6.0226,0.0
2022-01-31,US Dollar,USDGHS,6.0206,6.0266,6.0236,0.00016602746132339364
2022-02-01,US Dollar,USDGHS,6.0996,6.1058,6.1027,0.013046208970915458
2022-02-02,US Dollar,USDGHS,6.0996,6.1058,6.1027,0.0
2022-02-03,US Dollar,USDGHS,6.1046,6.1108,6.1077,0.0008189740351613746
2022-02-04,US Dollar,USDGHS,6.1046,6.1108,6.1077,0.0
2022-02-07,US Dollar,USDGHS,6.1567,6.1629,6.1598,0.00849403924927498
2022-02-08,US Dollar,USDGHS,6.1976,6.2038,6.2007,0.006617879417883838
2022-02-09,US Dollar,USDGHS,6.1974,6.2036,6.2005,-3.225494307287314e-05
2022-02-10,US Dollar,USDGHS,6.2076,6.2138,6.2107,0.0016436770491852165
2022-02-11,US Dollar,USDGHS,6.2988,6.3052,6.302,0.014593432325207717
2022-02-14,US Dollar,USDGHS,6.2989,6.3053,6.3021,1.5867852524643584e-05
2022-02-15,US Dollar,USDGHS,6.3037,6.3101,6.3069,0.0007613609694453
2022-02-16,US Dollar,USDGHS,6.3068,6.3132,6.31,0.0004914043960691538
2022-02-17,US Dollar,USDGHS,6.317,6.3234,6.3202,0.0016151766745540952
2022-02-18,US Dollar,USDGHS,6.4195,6.4259,6.4227,0.016087736810973443
2022-02-21,US Dollar,USDGHS,6.4195,6.4259,6.4227,0.0
2022-02-22,US Dollar,USDGHS,6.4193,6.4257,6.4225,-3.1140036747726996e-05
2022-02-23,US Dollar,USDGHS,6.447,6.4534,6.4502,0.0043036880769869714
2022-02-24,US Dollar,USDGHS,6.4971,6.5037,6.5004,0.007752575390827703
2022-02-25,US Dollar,USDGHS,6.5971,6.6037,6.6004,0.015266539786796238
2022-02-28,US Dollar,USDGHS,6.5971,6.6037,6.6004,0.0
2022-03-01,US Dollar,USDGHS,6.6972,6.704,6.7006,0.015066821369651144
2022-03-02,US Dollar,USDGHS,6.9931,7.0001,6.9966,0.04322724214604125
2022-03-03,US Dollar,USDGHS,6.9974,7.0044,7.0009,0.0006143954470818223
2022-03-04,US Dollar,USDGHS,6.9984,7.0054,7.0019,0.00014282857738457451
2022-03-08,US Dollar,USDGHS,7.0065,7.0135,7.01,0.0011561602498271594
2022-03-09,US Dollar,USDGHS,7.0066,7.0136,7.0101,1.426523348659228e-05
2022-03-10,US Dollar,USDGHS,7.0165,7.0235,7.02,0.001411251757734507
2022-03-11,US Dollar,USDGHS,7.0215,7.0285,7.025,0.0007119971820897821
2022-03-14,US Dollar,USDGHS,7.0265,7.0335,7.03,0.0007114906027640052
2022-03-15,US Dollar,USDGHS,7.0315,7.0385,7.035,0.0007109847437789285
2022-03-16,US Dollar,USDGHS,7.0315,7.0385,7.035,0.0
2022-03-17,US Dollar,USDGHS,7.0315,7.0385,7.035,0.0
2022-03-18,US Dollar,USDGHS,7.1089,7.1161,7.1125,0.010956108886096967
2022-03-21,US Dollar,USDGHS,7.1089,7.1161,7.1125,0.0
2022-03-22,US Dollar,USDGHS,7.1088,7.116,7.1124,-1.4059852793565659e-05
2022-03-23,US Dollar,USDGHS,7.1087,7.1159,7.1123,-1.4060050475773424e-05
2022-03-24,US Dollar,USDGHS,7.1086,7.1158,7.1122,-1.4060248163754468e-05
2022-03-25,US Dollar,USDGHS,7.1085,7.1157,7.1121,-1.4060445856953673e-05
2022-03-28,US Dollar,USDGHS,7.109,7.1162,7.1126,7.030025240672053e-05
2022-03-29,US Dollar,USDGHS,7.1088,7.116,7.1124,-2.8119507910388504e-05
2022-03-30,US Dollar,USDGHS,7.1088,7.116,7.1124,0.0
2022-03-31,US Dollar,USDGHS,7.1086,7.1158,7.1122,-2.8120298639456756e-05
2022-04-01,US Dollar,USDGHS,7.1084,7.1156,7.112,-2.812108941282478e-05
2022-04-04,US Dollar,USDGHS,7.1084,7.1156,7.112,0.0
2022-04-05,US Dollar,USDGHS,7.1083,7.1155,7.1119,-1.4060841260338852e-05
2022-04-06,US Dollar,USDGHS,7.1081,7.1153,7.1117,-2.8122275656424623e-05
2022-04-07,US Dollar,USDGHS,7.1084,7.1156,7.112,4.218311691672715e-05
2022-04-08,US Dollar,USDGHS,7.1084,7.1156,7.112,0.0
2022-04-11,US Dollar,USDGHS,7.1089,7.1161,7.1125,7.030124084583838e-05
2022-04-12,US Dollar,USDGHS,7.1089,7.1161,7.1125,0.0
2022-04-13,US Dollar,USDGHS,7.109,7.1162,7.1126,1.4059655116773364e-05
2022-04-14,US Dollar,USDGHS,7.1088,7.116,7.1124,-2.8119507910388504e-05
2022-04-19,US Dollar,USDGHS,7.1088,7.116,7.1124,0.0
2022-04-20,US Dollar,USDGHS,7.1086,7.1158,7.1122,-2.8120298639456756e-05
2022-04-21,US Dollar,USDGHS,7.1086,7.1158,7.1122,0.0
2022-04-22,US Dollar,USDGHS,7.1088,7.116,7.1124,2.8120298639392375e-05
2022-04-25,US Dollar,USDGHS,7.1087,7.1159,7.1123,-1.4060050475773424e-05
2022-04-26,US Dollar,USDGHS,7.1089,7.1161,7.1125,2.811990326922711e-05
2022-04-27,US Dollar,USDGHS,7.1088,7.116,7.1124,-1.4059852793565659e-05
2022-04-28,US Dollar,USDGHS,7.1087,7.1159,7.1123,-1.4060050475773424e-05
2022-04-29,US Dollar,USDGHS,7.1092,7.1164,7.1128,7.029827561218682e-05
2022-05-04,US Dollar,USDGHS,7.1097,7.1169,7.1133,7.029333411196796e-05
2022-05-05,US Dollar,USDGHS,7.1097,7.1169,7.1133,0.0
2022-05-06,US Dollar,USDGHS,7.1096,7.1168,7.1132,-1.4058271535747902e-05
2022-05-09,US Dollar,USDGHS,7.1095,7.1167,7.1131,-1.4058469173545809e-05
2022-05-10,US Dollar,USDGHS,7.11,7.1172,7.1136,7.029036954526808e-05
2022-05-11,US Dollar,USDGHS,7.1107,7.1179,7.1143,9.839821766608789e-05
2022-05-12,US Dollar,USDGHS,7.1107,7.1179,7.1143,0.0
2022-05-13,US Dollar,USDGHS,7.1127,7.1199,7.1163,0.0002810844255573694
2022-05-16,US Dollar,USDGHS,7.1167,7.1239,7.1203,0.0005619319367344514
2022-05-17,US Dollar,USDGHS,7.1217,7.1289,7.1253,0.0007019711637723144
2022-05-18,US Dollar,USDGHS,7.1262,7.1334,7.1298,0.0006313530104282542
2022-05-19,US Dollar,USDGHS,7.1262,7.1334,7.1298,0.0
2022-05-20,US Dollar,USDGHS,7.1287,7.1359,7.1323,0.0003505795115172721
2022-05-23,US Dollar,USDGHS,7.1297,7.1369,7.1333,0.00014019739816587373
2022-05-24,US Dollar,USDGHS,7.1317,7.1389,7.1353,0.0002803358441749231
2022-05-25,US Dollar,USDGHS,7.1337,7.1409,7.1373,0.0002802572780138756
2022-05-26,US Dollar,USDGHS,7.1342,7.1414,7.1378,7.005204870099078e-05
2022-05-27,US Dollar,USDGHS,7.1377,7.1449,7.1413,0.0004902269849071245
2022-05-30,US Dollar,USDGHS,7.1377,7.1449,7.1413,0.0
2022-05-31,US Dollar,USDGHS,7.1405,7.1477,7.1441,0.0003920086292096033
2022-06-01,US Dollar,USDGHS,7.1405,7.1477,7.1441,0.0
2022-06-02,US Dollar,USDGHS,7.1415,7.1487,7.1451,0.00013996584856155867
2022-06-03,US Dollar,USDGHS,7.1425,7.1497,7.1461,0.00013994626086434063
2022-06-06,US Dollar,USDGHS,7.1425,7.1497,7.1461,0.0
2022-06-07,US Dollar,USDGHS,7.1435,7.1507,7.1471,0.00013992667864891917
2022-06-08,US Dollar,USDGHS,7.1489,7.1561,7.1525,0.0007552659174650716
2022-06-09,US Dollar,USDGHS,7.1569,7.1641,7.1605,0.001117864994491818
2022-06-10,US Dollar,USDGHS,7.1964,7.2036,7.2,0.005501215085389571
2022-06-13,US Dollar,USDGHS,7.1964,7.2036,7.2,0.0
2022-06-14,US Dollar,USDGHS,7.1974,7.2046,7.201,0.00013887924472015046
2022-06-15,US Dollar,USDGHS,7.1994,7.2066,7.203,0.0002777006404961546
2022-06-16,US Dollar,USDGHS,7.1994,7.2066,7.203,0.0
2022-06-17,US Dollar,USDGHS,7.1994,7.2066,7.203,0.0
2022-06-20,US Dollar,USDGHS,7.2024,7.2096,7.206,0.00041640641867564404
2022-06-21,US Dollar,USDGHS,7.2024,7.2096,7.206,0.0
2022-06-22,US Dollar,USDGHS,7.2074,7.2146,7.211,0.0006936256087210744
2022-06-23,US Dollar,USDGHS,7.2074,7.2146,7.211,0.0
2022-06-24,US Dollar,USDGHS,7.2114,7.2186,7.215,0.0005545542912116223
2022-06-27,US Dollar,USDGHS,7.2164,7.2236,7.22,0.0006927606789005746
2022-06-28,US Dollar,USDGHS,7.2189,7.2261,7.2225,0.00034620045351847913
2022-06-29,US Dollar,USDGHS,7.2209,7.2281,7.2245,0.000276874093275506
2022-06-30,US Dollar,USDGHS,7.2269,7.2341,7.2305,0.000830162621180871
2022-07-01,US Dollar,USDGHS,7.2309,7.2381,7.2345,0.0005530591222893976
2022-07-04,US Dollar,USDGHS,7.2309,7.2381,7.2345,0.0
2022-07-05,US Dollar,USDGHS,7.2409,7.2481,7.2445,0.0013813110836407448
2022-07-06,US Dollar,USDGHS,7.2659,7.2731,7.2695,0.0034449531107033737
2022-07-07,US Dollar,USDGHS,7.2809,7.2881,7.2845,0.0020612897225703824
2022-07-08,US Dollar,USDGHS,7.3008,7.3082,7.3045,0.0027417934785181897
2022-07-12,US Dollar,USDGHS,7.3208,7.3282,7.3245,0.002734296597255853
2022-07-13,US Dollar,USDGHS,7.3308,7.3382,7.3345,0.0013643497579928444
2022-07-14,US Dollar,USDGHS,7.3508,7.3582,7.3545,0.0027231278315800952
2022-07-15,US Dollar,USDGHS,7.3808,7.3882,7.3845,0.0040708381069673805
2022-07-18,US Dollar,USDGHS,7.3808,7.3882,7.3845,0.0
2022-07-19,US Dollar,USDGHS,7.4008,7.4082,7.4045,0.002704714611192954
2022-07-20,US Dollar,USDGHS,7.4308,7.4382,7.4345,0.00404340465972002
2022-07-21,US Dollar,USDGHS,7.4408,7.4482,7.4445,0.0013441765583271802
2022-07-22,US Dollar,USDGHS,7.4708,7.4782,7.4745,0.004021722693963785
2022-07-25,US Dollar,USDGHS,7.4963,7.5038,7.5,0.0034057931348327993
2022-07-26,US Dollar,USDGHS,7.4963,7.5038,7.5,0.0
2022-07-27,US Dollar,USDGHS,7.5262,7.5338,7.53,0.003992021269537457
2022-07-28,US Dollar,USDGHS,7.5582,7.5658,7.562,0.004240663656938944
2022-07-29,US Dollar,USDGHS,7.6082,7.6158,7.612,0.006590243965161968
2022-08-01,US Dollar,USDGHS,7.6102,7.6178,7.614,0.00026270852640248373
2022-08-02,US Dollar,USDGHS,7.6402,7.6478,7.644,0.003932368417721111
2022-08-03,US Dollar,USDGHS,7.6432,7.6508,7.647,0.0003923876840615075
2022-08-05,US Dollar,USDGHS,7.9961,8.0041,8.0001,0.04514062753962348
2022-08-08,US Dollar,USDGHS,8.0011,8.0091,8.0051,0.0006247969613195686
2022-08-09,US Dollar,USDGHS,8.0161,8.0241,8.0201,0.0018720520655870372
2022-08-10,US Dollar,USDGHS,8.0261,8.0341,8.0301,0.001246090552635105
2022-08-11,US Dollar,USDGHS,8.0281,8.0361,8.0321,0.0002490318898203307
2022-08-12,US Dollar,USDGHS,8.0531,8.0611,8.0571,0.0031076772145436533
2022-08-15,US Dollar,USDGHS,8.0631,8.0711,8.0671,0.001240371774364116
2022-08-16,US Dollar,USDGHS,8.0751,8.0831,8.0791,0.0014864181305124272
2022-08-17,US Dollar,USDGHS,8.0951,8.1031,8.0991,0.0024724642034916916
2022-08-18,US Dollar,USDGHS,8.0951,8.1031,8.0991,0.0
2022-08-19,US Dollar,USDGHS,8.145,8.1532,8.1491,0.0061545473131531855
2022-08-22,US Dollar,USDGHS,8.19,8.1982,8.1941,0.0055068913948175405
2022-08-23,US Dollar,USDGHS,8.191,8.1992,8.1951,0.00012203158192478753
2022-08-24,US Dollar,USDGHS,8.221,8.2292,8.2251,0.0036540399483577612
2022-08-25,US Dollar,USDGHS,8.2209,8.2291,8.225,-1.2157980802632176e-05
2022-08-26,US Dollar,USDGHS,8.2214,8.2296,8.2255,6.078842590252118e-05
2022-08-29,US Dollar,USDGHS,8.2224,8.2306,8.2265,0.00012156576722953668
2022-08-30,US Dollar,USDGHS,8.2234,8.2316,8.2275,0.00012155099079009962
2022-08-31,US Dollar,USDGHS,8.2284,8.2366,8.2325,0.0006075334330243851
2022-09-01,US Dollar,USDGHS,8.2284,8.2366,8.2325,0.0
2022-09-02,US Dollar,USDGHS,8.2294,8.2376,8.2335,0.00012146240753409254
2022-09-05,US Dollar,USDGHS,8.2344,8.2426,8.2385,0.0006070908394326714
2022-09-06,US Dollar,USDGHS,8.2374,8.2456,8.2415,0.00036407767392461645
2022-09-07,US Dollar,USDGHS,8.2424,8.2506,8.2465,0.0006065017167961618
2022-09-08,US Dollar,USDGHS,8.2424,8.2506,8.2465,0.0
2022-09-09,US Dollar,USDGHS,8.2524,8.2606,8.2565,0.0012119010148362959
2022-09-12,US Dollar,USDGHS,8.2544,8.2626,8.2585,0.0002422040581019291
2022-09-13,US Dollar,USDGHS,8.2646,8.2728,8.2687,0.0012343290206488602
2022-09-14,US Dollar,USDGHS,8.2656,8.2738,8.2697,0.00012093068268017383
2022-09-15,US Dollar,USDGHS,8.2756,8.2838,8.2797,0.0012085031743830196
2022-09-16,US Dollar,USDGHS,8.2856,8.2938,8.2897,0.0012070444571474458
2022-09-19,US Dollar,USDGHS,9.0055,9.0145,9.01,0.08332129130637929
2022-09-20,US Dollar,USDGHS,9.0355,9.0445,9.04,0.003324102783838621
2022-09-22,US Dollar,USDGHS,9.2367,9.2459,9.2413,0.02202339399391903
2022-09-23,US Dollar,USDGHS,9.5366,9.5462,9.5414,0.03195765681949507
2022-09-26,US Dollar,USDGHS,9.5365,9.5461,9.5413,-1.0480697176044351e-05
2022-09-27,US Dollar,USDGHS,9.5385,9.5481,9.5433,0.00020959307581213567
2022-09-28,US Dollar,USDGHS,9.5435,9.5531,9.5483,0.0005237905795549033
2022-09-29,US Dollar,USDGHS,9.5537,9.5633,9.5585,0.001067682811245741
2022-09-30,US Dollar,USDGHS,9.6,9.6096,9.6048,0.0048321625285055545
2022-10-03,US Dollar,USDGHS,9.62,9.6296,9.6248,0.002080127221736261
2022-10-04,US Dollar,USDGHS,9.6302,9.6398,9.635,0.001059201129151992
2022-10-05,US Dollar,USDGHS,9.6302,9.6398,9.635,0.0
2022-10-06,US Dollar,USDGHS,9.6302,9.6398,9.635,0.0
2022-10-07,US Dollar,USDGHS,9.6327,9.6423,9.6375,0.00025943702311811723
2022-10-10,US Dollar,USDGHS,9.6427,9.6523,9.6475,0.001037075540189109
2022-10-11,US Dollar,USDGHS,9.7176,9.7274,9.7225,0.0077439726181283705
2022-10-12,US Dollar,USDGHS,9.7871,9.7969,9.792,0.007122938722204829
2022-10-13,US Dollar,USDGHS,10.7061,10.7169,10.7115,0.08975220490516693
2022-10-14,US Dollar,USDGHS,10.7115,10.7223,10.7169,0.0005040040427013521
2022-10-17,US Dollar,USDGHS,10.8655,10.8763,10.8709,0.014267559675955343
2022-10-18,US Dollar,USDGHS,10.8655,10.8763,10.8709,0.0
2022-10-19,US Dollar,USDGHS,11.3076,11.319,11.3133,0.03988953036387831
2022-10-20,US Dollar,USDGHS,12.5823,12.5949,12.5886,0.10681261775090055
2022-10-21,US Dollar,USDGHS,12.5244,12.537,12.5307,-0.004610009239250836
2022-10-24,US Dollar,USDGHS,12.5274,12.54,12.5337,0.0002393833496373469
2022-10-25,US Dollar,USDGHS,13.002,13.015,13.0085,0.0371819733321575
2022-10-26,US Dollar,USDGHS,13.0018,13.0148,13.0083,-1.5374680975687734e-05
2022-10-27,US Dollar,USDGHS,13.0028,13.0158,13.0093,7.687104117925394e-05
2022-10-28,US Dollar,USDGHS,13.0026,13.0156,13.0091,-1.5373735510545376e-05
2022-10-31,US Dollar,USDGHS,13.0021,13.0151,13.0086,-3.843537284707871e-05
2022-11-01,US Dollar,USDGHS,13.0019,13.0149,13.0084,-1.5374562786188764e-05
2022-11-02,US Dollar,USDGHS,13.0029,13.0159,13.0094,7.68704502680625e-05
2022-11-03,US Dollar,USDGHS,13.0017,13.0147,13.0082,-9.22452494349392e-05
2022-11-04,US Dollar,USDGHS,13.0012,13.0142,13.0077,-3.843803213127658e-05
2022-11-07,US Dollar,USDGHS,13.0114,13.0244,13.0179,0.0007838436402811031
2022-11-08,US Dollar,USDGHS,13.0314,13.0444,13.0379,0.0015351671357546426
2022-11-09,US Dollar,USDGHS,13.0494,13.0624,13.0559,0.001379638293778654
2022-11-10,US Dollar,USDGHS,13.0694,13.0824,13.0759,0.0015307023553742143
2022-11-11,US Dollar,USDGHS,13.0694,13.0824,13.0759,0.0
2022-11-14,US Dollar,USDGHS,13.0744,13.0874,13.0809,0.0003823097673186557
2022-11-15,US Dollar,USDGHS,13.0742,13.0872,13.0807,-1.5289584735115375e-05
2022-11-16,US Dollar,USDGHS,13.0892,13.1022,13.0957,0.0011460706317025443
2022-11-17,US Dollar,USDGHS,13.0991,13.1123,13.1057,0.0007633180277043352
2022-11-18,US Dollar,USDGHS,13.099,13.1122,13.1056,-7.630296856724794e-06
2022-11-21,US Dollar,USDGHS,13.0988,13.112,13.1054,-1.5260768380067357e-05
2022-11-22,US Dollar,USDGHS,13.0986,13.1118,13.1052,-1.526100127455027e-05
2022-11-23,US Dollar,USDGHS,13.0989,13.1121,13.1055,2.2891414575881957e-05
2022-11-24,US Dollar,USDGHS,13.0987,13.1119,13.1053,-1.5260884826365104e-05
2022-11-25,US Dollar,USDGHS,13.0985,13.1117,13.1051,-1.5261117724511836e-05
2022-11-28,US Dollar,USDGHS,13.0982,13.1114,13.1048,-2.289211328656556e-05
2022-11-29,US Dollar,USDGHS,13.098,13.1112,13.1046,-1.5261700001076643e-05
2022-11-30,US Dollar,USDGHS,13.0978,13.111,13.1044,-1.526193292409294e-05
2022-12-01,US Dollar,USDGHS,13.0973,13.1105,13.1039,-3.8155851395291294e-05
2022-12-05,US Dollar,USDGHS,13.0968,13.11,13.1034,-3.815730731971324e-05
2022-12-06,US Dollar,USDGHS,13.0769,13.0899,13.0834,-0.0015274874279177064
2022-12-07,US Dollar,USDGHS,12.8936,12.9065,12.9,-0.014116939721100239
2022-12-08,US Dollar,USDGHS,12.8886,12.9014,12.895,-0.0003876720343183757
2022-12-09,US Dollar,USDGHS,12.5517,12.5643,12.558,-0.026481726641390434
2022-12-12,US Dollar,USDGHS,11.4943,11.5058,11.5,-0.08801087732271333
2022-12-13,US Dollar,USDGHS,10.3948,10.4052,10.4,-0.1005412292218774
2022-12-14,US Dollar,USDGHS,9.2954,9.3047,9.3,-0.11179140598811668
2022-12-15,US Dollar,USDGHS,7.9975,8.0055,8.0015,-0.1503853760553024
2022-12-16,US Dollar,USDGHS,7.9972,8.0052,8.0012,-3.749367294702474e-05
2022-12-19,US Dollar,USDGHS,7.997,8.005,8.001,-2.4996562974102736e-05
2022-12-20,US Dollar,USDGHS,8.0,8.008,8.004,0.00037488285349998205
2022-12-21,US Dollar,USDGHS,8.005,8.013,8.009,0.0006244926200582842
2022-12-22,US Dollar,USDGHS,8.2959,8.3042,8.3,0.035689605461007044
2022-12-23,US Dollar,USDGHS,8.2988,8.3072,8.303,0.0003613804773412528
2022-12-28,US Dollar,USDGHS,8.3008,8.3092,8.305,0.0002408477853644606
2022-12-29,US Dollar,USDGHS,8.3108,8.3192,8.315,0.0012033695796327285
2022-12-30,US Dollar,USDGHS,8.5717,8.5803,8.576,0.030906491683555266
2023-01-03,US Dollar,USDGHS,8.5817,8.5903,8.586,0.0011653654739227598
2023-01-04,US Dollar,USDGHS,8.6017,8.6103,8.606,0.002326664614038905
2023-01-05,US Dollar,USDGHS,8.6067,8.6153,8.611,0.0005808212976203502
2023-01-06,US Dollar,USDGHS,9.0002,9.0092,9.0047,0.04470620753384286
2023-01-10,US Dollar,USDGHS,9.0052,9.0142,9.0097,0.000555111480637176
2023-01-11,US Dollar,USDGHS,9.0252,9.0342,9.0297,0.0022173695571410736
2023-01-12,US Dollar,USDGHS,9.0402,9.0492,9.0447,0.0016598065157015036
2023-01-13,US Dollar,USDGHS,10.3305,10.3409,10.3357,0.13342497104986642
2023-01-16,US Dollar,USDGHS,10.3305,10.3409,10.3357,0.0
2023-01-17,US Dollar,USDGHS,10.341,10.3514,10.3462,0.0010153806857323812
2023-01-18,US Dollar,USDGHS,10.351,10.3614,10.3562,0.0009660716417173558
2023-01-19,US Dollar,USDGHS,10.3509,10.3613,10.3561,-9.656098067391315e-06
2023-01-20,US Dollar,USDGHS,10.3507,10.3611,10.3559,-1.9312475860011993e-05
2023-01-23,US Dollar,USDGHS,10.3948,10.4052,10.4,0.004249400542587238
2023-01-24,US Dollar,USDGHS,10.3998,10.4102,10.405,0.0004806536982706546
2023-01-25,US Dollar,USDGHS,10.3998,10.4102,10.405,0.0
2023-01-26,US Dollar,USDGHS,10.5947,10.6053,10.6,0.018567541272423847
2023-01-27,US Dollar,USDGHS,10.7946,10.8054,10.8,0.018692133012152546
2023-01-30,US Dollar,USDGHS,10.7945,10.8053,10.7999,-9.25930212663657e-06
2023-01-31,US Dollar,USDGHS,10.7943,10.8051,10.7997,-1.8518861460868438e-05
2023-02-01,US Dollar,USDGHS,10.7941,10.8049,10.7995,-1.851920441544494e-05
2023-02-02,US Dollar,USDGHS,10.7938,10.8046,10.7992,-2.7779449690774187e-05
2023-02-03,US Dollar,USDGHS,10.7936,10.8044,10.799,-1.852006185767645e-05
2023-02-06,US Dollar,USDGHS,10.7933,10.8041,10.7987,-2.778073591343981e-05
2023-02-07,US Dollar,USDGHS,10.7932,10.804,10.7986,-9.260416811422189e-06
2023-02-08,US Dollar,USDGHS,10.793,10.8038,10.7984,-1.8521090892718127e-05
2023-02-09,US Dollar,USDGHS,10.7929,10.8037,10.7983,-9.260674084675942e-06
2023-02-10,US Dollar,USDGHS,10.7939,10.8047,10.7993,9.260288186798983e-05
2023-02-13,US Dollar,USDGHS,10.7944,10.8052,10.7998,4.6298225397210644e-05
2023-02-14,US Dollar,USDGHS,10.7964,10.8072,10.8018,0.00018517146930925723
2023-02-15,US Dollar,USDGHS,10.7967,10.8075,10.8021,2.7772763252792387e-05
2023-02-16,US Dollar,USDGHS,10.7965,10.8073,10.8019,-1.851508979865756e-05
2023-02-17,US Dollar,USDGHS,10.7985,10.8093,10.8039,0.00018513547341104274
2023-02-20,US Dollar,USDGHS,10.7985,10.8093,10.8039,0.0
2023-02-21,US Dollar,USDGHS,11.0009,11.0119,11.0064,0.01856974173325255
2023-02-22,US Dollar,USDGHS,11.0029,11.0139,11.0084,0.00018169595049720273
2023-02-23,US Dollar,USDGHS,11.0079,11.0189,11.0134,0.0004540954950020311
2023-02-24,US Dollar,USDGHS,11.0077,11.0187,11.0132,-1.8159861259261625e-05
2023-02-27,US Dollar,USDGHS,11.0075,11.0185,11.013,-1.816019104567569e-05
2023-02-28,US Dollar,USDGHS,11.008,11.019,11.0135,4.539985926839833e-05
2023-03-01,US Dollar,USDGHS,11.009,11.02,11.0145,9.079353556268767e-05
2023-03-02,US Dollar,USDGHS,11.0088,11.0198,11.0143,-1.81580476471529e-05
2023-03-03,US Dollar,USDGHS,11.0083,11.0193,11.0138,-4.539656167223881e-05
2023-03-07,US Dollar,USDGHS,11.0081,11.0191,11.0136,-1.8159201721961604e-05
2023-03-08,US Dollar,USDGHS,11.0079,11.0189,11.0134,-1.8159531484505224e-05
2023-03-09,US Dollar,USDGHS,11.0082,11.0192,11.0137,2.7239173565201153e-05
2023-03-10,US Dollar,USDGHS,11.0086,11.0196,11.0141,3.6317743945623405e-05
2023-03-13,US Dollar,USDGHS,11.0081,11.0191,11.0136,-4.539738602616508e-05
2023-03-14,US Dollar,USDGHS,11.0081,11.0191,11.0136,0.0
2023-03-15,US Dollar,USDGHS,11.0084,11.0194,11.0139,2.7238678925689545e-05
2023-03-16,US Dollar,USDGHS,11.0086,11.0196,11.0141,1.815870710044399e-05
2023-03-17,US Dollar,USDGHS,11.0086,11.0196,11.0141,0.0
2023-03-20,US Dollar,USDGHS,11.0085,11.0195,11.014,-9.079312332872933e-06
2023-03-21,US Dollar,USDGHS,11.0085,11.0195,11.014,0.0
2023-03-22,US Dollar,USDGHS,11.0089,11.0199,11.0144,3.6316754738861566e-05
2023-03-23,US Dollar,USDGHS,11.0087,11.0197,11.0142,-1.8158212506053107e-05
2023-03-24,US Dollar,USDGHS,11.0088,11.0198,11.0143,9.079147468174124e-06
2023-03-27,US Dollar,USDGHS,11.0087,11.0197,11.0142,-9.07914746814192e-06
2023-03-28,US Dollar,USDGHS,11.0085,11.0195,11.014,-1.815854223284657e-05
2023-03-29,US Dollar,USDGHS,11.0084,11.0194,11.0139,-9.079394767569939e-06
2023-03-30,US Dollar,USDGHS,11.0083,11.0193,11.0138,-9.079477203710255e-06
2023-03-31,US Dollar,USDGHS,11.0082,11.0192,11.0137,-9.079559641404905e-06
2023-04-03,US Dollar,USDGHS,11.0062,11.0172,11.0117,-0.00018160850704168431
2023-04-04,US Dollar,USDGHS,10.9395,10.9505,10.945,-0.006075612926808981
2023-04-05,US Dollar,USDGHS,10.9245,10.9355,10.93,-0.0013714287863790956
2023-04-06,US Dollar,USDGHS,10.9245,10.9355,10.93,0.0
2023-04-11,US Dollar,USDGHS,10.9243,10.9353,10.9298,-1.8298429080338432e-05
2023-04-12,US Dollar,USDGHS,10.9263,10.9373,10.9318,0.00018296922508684606
2023-04-13,US Dollar,USDGHS,10.9313,10.9423,10.9368,0.0004572766511915402
2023-04-14,US Dollar,USDGHS,10.9343,10.9453,10.9398,0.00027426565543145693
2023-04-17,US Dollar,USDGHS,10.9363,10.9473,10.9418,0.0001828019893947062
2023-04-18,US Dollar,USDGHS,10.9373,10.9483,10.9428,9.138846501140975e-05
2023-04-19,US Dollar,USDGHS,10.9378,10.9488,10.9433,4.5691100752348345e-05
2023-04-20,US Dollar,USDGHS,10.9388,10.9498,10.9443,9.137593895129199e-05
2023-04-21,US Dollar,USDGHS,10.9386,10.9496,10.9441,-1.8274519837413656e-05
2023-04-25,US Dollar,USDGHS,10.9436,10.9546,10.9491,0.0004567628384091325
2023-04-26,US Dollar,USDGHS,10.9466,10.9576,10.9521,0.0002739575930782113
2023-04-27,US Dollar,USDGHS,10.9463,10.9573,10.9518,-2.739238218016977e-05
2023-04-28,US Dollar,USDGHS,10.9461,10.9571,10.9516,-1.8262004986119667e-05
2023-05-02,US Dollar,USDGHS,10.9461,10.9571,10.9516,0.0
2023-05-03,US Dollar,USDGHS,10.946,10.957,10.9515,-9.131127557370455e-06
2023-05-04,US Dollar,USDGHS,10.9463,10.9573,10.9518,2.739313254355645e-05
2023-05-05,US Dollar,USDGHS,10.9463,10.9573,10.9518,0.0
2023-05-08,US Dollar,USDGHS,10.9493,10.9603,10.9548,0.00027389006224181543
2023-05-09,US Dollar,USDGHS,10.9493,10.9603,10.9548,0.0
2023-05-10,US Dollar,USDGHS,10.9543,10.9653,10.9598,0.0004563168012885742
2023-05-11,US Dollar,USDGHS,10.9593,10.9703,10.9648,0.0004561086712352632
2023-05-12,US Dollar,USDGHS,10.959,10.97,10.9645,-2.7360654468656758e-05
2023-05-15,US Dollar,USDGHS,10.958,10.969,10.9635,-9.120758853449221e-05
2023-05-16,US Dollar,USDGHS,10.9538,10.9648,10.9593,-0.00038316273937484855
2023-05-17,US Dollar,USDGHS,10.9365,10.9475,10.942,-0.0015798152254099056
2023-05-18,US Dollar,USDGHS,10.8289,10.8397,10.8343,-0.009891568185649556
2023-05-19,US Dollar,USDGHS,10.8074,10.8182,10.8128,-0.001986409918151005
2023-05-22,US Dollar,USDGHS,10.7824,10.7932,10.7878,-0.002314751549739621
2023-05-23,US Dollar,USDGHS,10.772,10.7828,10.7774,-0.0009645169816421962
2023-05-24,US Dollar,USDGHS,10.772,10.7828,10.7774,0.0
2023-05-25,US Dollar,USDGHS,10.7747,10.7855,10.7801,0.0002504928692210445
2023-05-26,US Dollar,USDGHS,10.97,10.981,10.9755,0.017963674134384395
2023-05-29,US Dollar,USDGHS,10.97,10.981,10.9755,0.0
2023-05-30,US Dollar,USDGHS,10.967,10.978,10.9725,-0.0002733734298052868
2023-05-31,US Dollar,USDGHS,10.966,10.977,10.9715,-9.114108646478551e-05
2023-06-01,US Dollar,USDGHS,10.9654,10.9764,10.9709,-5.46886393603266e-05
2023-06-02,US Dollar,USDGHS,10.9654,10.9764,10.9709,0.0
2023-06-05,US Dollar,USDGHS,10.9665,10.9775,10.972,0.00010026022092985989
2023-06-06,US Dollar,USDGHS,10.9714,10.9824,10.9769,0.00044649163114362475
2023-06-07,US Dollar,USDGHS,10.9714,10.9824,10.9769,0.0
2023-06-08,US Dollar,USDGHS,10.9712,10.9822,10.9767,-1.822024633836399e-05
2023-06-09,US Dollar,USDGHS,10.9712,10.9822,10.9767,0.0
2023-06-12,US Dollar,USDGHS,10.9712,10.9822,10.9767,0.0
2023-06-13,US Dollar,USDGHS,10.9729,10.9839,10.9784,0.0001548615131244691
2023-06-14,US Dollar,USDGHS,10.978,10.989,10.9835,0.0004644406988168491
2023-06-15,US Dollar,USDGHS,10.978,10.989,10.9835,0.0
2023-06-16,US Dollar,USDGHS,10.9843,10.9953,10.9898,0.000573423215687187
2023-06-19,US Dollar,USDGHS,10.9843,10.9953,10.9898,0.0
2023-06-20,US Dollar,USDGHS,10.9822,10.9932,10.9877,-0.00019110453931439077
2023-06-21,US Dollar,USDGHS,10.9822,10.9932,10.9877,0.0
2023-06-22,US Dollar,USDGHS,10.9827,10.9937,10.9882,4.550439345716023e-05
2023-06-23,US Dollar,USDGHS,10.9827,10.9937,10.9882,0.0
2023-06-26,US Dollar,USDGHS,10.9842,10.9952,10.9897,0.0001365007577909195
2023-06-27,US Dollar,USDGHS,10.9922,11.0032,10.9977,0.0007276895270037781
2023-06-29,US Dollar,USDGHS,10.9917,11.0027,10.9972,-4.546508509578026e-05
2023-06-30,US Dollar,USDGHS,10.9917,11.0027,10.9972,0.0
2023-07-03,US Dollar,USDGHS,10.9914,11.0024,10.9969,-2.728004328598167e-05
2023-07-04,US Dollar,USDGHS,10.9914,11.0024,10.9969,0.0
2023-07-05,US Dollar,USDGHS,10.9949,11.0059,11.0004,0.00031822087524698906
2023-07-06,US Dollar,USDGHS,10.9949,11.0059,11.0004,0.0
2023-07-07,US Dollar,USDGHS,10.9954,11.0064,11.0009,4.5451859670498656e-05
2023-07-10,US Dollar,USDGHS,10.9951,11.0061,11.0006,-2.7270867896962304e-05
2023-07-11,US Dollar,USDGHS,10.9961,11.0071,11.0016,9.090000097162836e-05
2023-07-12,US Dollar,USDGHS,10.9961,11.0071,11.0016,0.0
2023-07-13,US Dollar,USDGHS,10.9973,11.0083,11.0028,0.00010906909538007525
2023-07-14,US Dollar,USDGHS,10.9973,11.0083,11.0028,0.0
2023-07-17,US Dollar,USDGHS,10.997,11.008,11.0025,-2.7266158609041987e-05
2023-07-18,US Dollar,USDGHS,10.9975,11.0085,11.003,4.5443184666365395e-05
2023-07-19,US Dollar,USDGHS,10.9973,11.0083,11.0028,-1.8177026057171166e-05
2023-07-20,US Dollar,USDGHS,10.9977,11.0087,11.0032,3.635372171626017e-05
2023-07-21,US Dollar,USDGHS,10.9977,11.0087,11.0032,0.0
2023-07-24,US Dollar,USDGHS,10.9981,11.0091,11.0036,3.6352400171246034e-05
2023-07-25,US Dollar,USDGHS,10.9979,11.0089,11.0034,-1.8176034898652504e-05
2023-07-26,US Dollar,USDGHS,10.9984,11.0094,11.0039,4.5439467820793636e-05
2023-07-27,US Dollar,USDGHS,10.9984,11.0094,11.0039,0.0
2023-07-28,US Dollar,USDGHS,10.9981,11.0091,11.0036,-2.726343292221424e-05
2023-07-31,US Dollar,USDGHS,10.9979,11.0089,11.0034,-1.8176034898652504e-05
2023-08-01,US Dollar,USDGHS,10.9976,11.0086,11.0031,-2.726467180312668e-05
2023-08-02,US Dollar,USDGHS,10.9971,11.0081,11.0026,-4.5442771653442366e-05
2023-08-03,US Dollar,USDGHS,10.9962,11.0072,11.0017,-8.180219325329261e-05
2023-08-07,US Dollar,USDGHS,10.9967,11.0077,11.0022,4.54464890392949e-05
2023-08-08,US Dollar,USDGHS,10.9967,11.0077,11.0022,0.0
2023-08-09,US Dollar,USDGHS,10.9969,11.0079,11.0024,1.8178017324078462e-05
2023-08-10,US Dollar,USDGHS,10.9976,11.0086,11.0031,6.362045854328446e-05
2023-08-11,US Dollar,USDGHS,10.9976,11.0086,11.0031,0.0
2023-08-14,US Dollar,USDGHS,10.9985,11.0095,11.004,8.179178542396723e-05
2023-08-15,US Dollar,USDGHS,10.9993,11.0103,11.0048,7.26981934819983e-05
2023-08-16,US Dollar,USDGHS,10.9991,11.0101,11.0046,-1.8174052905142993e-05
2023-08-17,US Dollar,USDGHS,10.9996,11.0106,11.0051,4.5434512972691525e-05
2023-08-18,US Dollar,USDGHS,10.9996,11.0106,11.0051,0.0
2023-08-21,US Dollar,USDGHS,10.9996,11.0106,11.0051,0.0
2023-08-22,US Dollar,USDGHS,11.0005,11.0115,11.006,8.17769216897002e-05
2023-08-23,US Dollar,USDGHS,11.0012,11.0122,11.0067,6.359964931483229e-05
2023-08-24,US Dollar,USDGHS,11.0027,11.0137,11.0082,0.00013627134371012052
2023-08-25,US Dollar,USDGHS,11.0047,11.0157,11.0102,0.0001816662432783438
2023-08-28,US Dollar,USDGHS,11.0077,11.0187,11.0132,0.0002724374999823799
2023-08-29,US Dollar,USDGHS,11.0097,11.0207,11.0152,0.0001815837741730384
2023-08-30,US Dollar,USDGHS,11.0112,11.0222,11.0167,0.00013616619559082347
2023-08-31,US Dollar,USDGHS,11.0137,11.0247,11.0192,0.00022690246468037652
2023-09-01,US Dollar,USDGHS,11.0152,11.0262,11.0207,0.00013611677024990583
2023-09-04,US Dollar,USDGHS,11.0152,11.0262,11.0207,0.0
2023-09-05,US Dollar,USDGHS,11.0175,11.0285,11.023,0.0002086764026317279
2023-09-06,US Dollar,USDGHS,11.0276,11.0386,11.0331,0.0009158464738525344
2023-09-07,US Dollar,USDGHS,11.0346,11.0456,11.0401,0.0006342533239097894
2023-09-08,US Dollar,USDGHS,11.0461,11.0571,11.0516,0.001041115082927692
2023-09-11,US Dollar,USDGHS,11.0476,11.0586,11.0531,0.00013571774349374066
2023-09-12,US Dollar,USDGHS,11.0503,11.0613,11.0558,0.00024424553129478587
2023-09-13,US Dollar,USDGHS,11.0503,11.0613,11.0558,0.0
2023-09-14,US Dollar,USDGHS,11.0606,11.0716,11.0661,0.0009312039873878574
2023-09-15,US Dollar,USDGHS,11.0653,11.0763,11.0708,0.0004246303746794871
2023-09-18,US Dollar,USDGHS,11.0668,11.0778,11.0723,0.00013548238523914427
2023-09-19,US Dollar,USDGHS,11.0681,11.0791,11.0736,0.00011740322149869509
2023-09-20,US Dollar,USDGHS,11.069,11.08,11.0745,8.127107973097656e-05
2023-09-22,US Dollar,USDGHS,11.069,11.08,11.0745,0.0
2023-09-25,US Dollar,USDGHS,11.0703,11.0813,11.0758,0.00011737990018122787
2023-09-26,US Dollar,USDGHS,11.0736,11.0846,11.0791,0.000297902497813674
2023-09-27,US Dollar,USDGHS,11.076,11.087,11.0815,0.0002166006344037352
2023-09-28,US Dollar,USDGHS,11.1024,11.1136,11.108,0.0023885182269617338
2023-09-29,US Dollar,USDGHS,11.1229,11.1341,11.1285,0.0018438158710000676
2023-10-02,US Dollar,USDGHS,11.1436,11.1548,11.1492,0.0018583611375767224
2023-10-03,US Dollar,USDGHS,11.1436,11.1548,11.1492,0.0
2023-10-04,US Dollar,USDGHS,11.1786,11.1898,11.1842,0.0031343215679875483
2023-10-05,US Dollar,USDGHS,11.2193,11.2305,11.2249,0.00363245688154902
2023-10-06,US Dollar,USDGHS,11.2231,11.2343,11.2287,0.0003384757933053186
2023-10-09,US Dollar,USDGHS,11.2231,11.2343,11.2287,0.0
2023-10-10,US Dollar,USDGHS,11.2531,11.2643,11.2587,0.0026681624196415537
2023-10-11,US Dollar,USDGHS,11.2603,11.2715,11.2659,0.0006393010526469069
2023-10-12,US Dollar,USDGHS,11.2952,11.3066,11.3009,0.0031019043961580876
2023-10-13,US Dollar,USDGHS,11.3057,11.3171,11.3114,0.0009286981646864778
2023-10-16,US Dollar,USDGHS,11.3137,11.3251,11.3194,0.0007070011076262508
2023-10-17,US Dollar,USDGHS,11.3293,11.3407,11.335,0.0013772161227614522
2023-10-18,US Dollar,USDGHS,11.3548,11.3662,11.3605,0.0022471424494285306
2023-10-19,US Dollar,USDGHS,11.3793,11.3907,11.385,0.0021542731067818724
2023-10-20,US Dollar,USDGHS,11.4158,11.4272,11.4215,0.0032008445980843264
2023-10-23,US Dollar,USDGHS,11.4362,11.4476,11.4419,0.001784511963541812
2023-10-24,US Dollar,USDGHS,11.4522,11.4636,11.4579,0.001397392344353015
2023-10-25,US Dollar,USDGHS,11.4549,11.4663,11.4606,0.00023561751532508992
2023-10-26,US Dollar,USDGHS,11.4579,11.4693,11.4636,0.0002617321448186269
2023-10-27,US Dollar,USDGHS,11.4579,11.4693,11.4636,0.0
2023-10-30,US Dollar,USDGHS,11.4656,11.477,11.4713,0.0006714657826547679
2023-10-31,US Dollar,USDGHS,11.4906,11.502,11.4963,0.002176980605150311
2023-11-01,US Dollar,USDGHS,11.4936,11.505,11.4993,0.00026091948172863314
2023-11-02,US Dollar,USDGHS,11.496,11.5076,11.5018,0.00021738090872562977
2023-11-03,US Dollar,USDGHS,11.496,11.5076,11.5018,0.0
2023-11-06,US Dollar,USDGHS,11.5013,11.5129,11.5071,0.00046069130586328587
2023-11-07,US Dollar,USDGHS,11.5062,11.5178,11.512,0.0004257334191180163
2023-11-08,US Dollar,USDGHS,11.509,11.5206,11.5148,0.00024319488715747635
2023-11-09,US Dollar,USDGHS,11.5141,11.5257,11.5199,0.0004428102022891737
2023-11-10,US Dollar,USDGHS,11.5183,11.5299,11.5241,0.0003645200526390301
2023-11-13,US Dollar,USDGHS,11.5237,11.5353,11.5295,0.0004684734790888452
2023-11-14,US Dollar,USDGHS,11.5312,11.5428,11.537,0.0006502937389114956
2023-11-15,US Dollar,USDGHS,11.5392,11.5508,11.545,0.0006931808613060788
2023-11-16,US Dollar,USDGHS,11.5472,11.5588,11.553,0.0006927006944230354
2023-11-17,US Dollar,USDGHS,11.5552,11.5668,11.561,0.000692221192303086
2023-11-20,US Dollar,USDGHS,11.5552,11.5668,11.561,0.0
2023-11-21,US Dollar,USDGHS,11.56,11.5716,11.5658,0.00041510283038926693
2023-11-22,US Dollar,USDGHS,11.5687,11.5803,11.5745,0.0007519349714499186
2023-11-23,US Dollar,USDGHS,11.5687,11.5803,11.5745,0.0
2023-11-24,US Dollar,USDGHS,11.5772,11.5888,11.583,0.0007341034551851433
2023-11-27,US Dollar,USDGHS,11.5842,11.5958,11.59,0.0006041514014514212
2023-11-28,US Dollar,USDGHS,11.5933,11.6049,11.5991,0.0007848515437965459
2023-11-29,US Dollar,USDGHS,11.6053,11.6169,11.6111,0.0010340282349323962
2023-11-30,US Dollar,USDGHS,11.6148,11.6264,11.6206,0.0008178480722051992
2023-12-04,US Dollar,USDGHS,11.6188,11.6304,11.6246,0.00034415707668508297
2023-12-05,US Dollar,USDGHS,11.6188,11.6304,11.6246,0.0
2023-12-06,US Dollar,USDGHS,11.6203,11.6319,11.6261,0.00012902837351826178
2023-12-07,US Dollar,USDGHS,11.6236,11.6352,11.6294,0.0002838038332566858
2023-12-08,US Dollar,USDGHS,11.6243,11.6359,11.6301,6.019045983030417e-05
2023-12-11,US Dollar,USDGHS,11.63,11.6416,11.6358,0.0004899875022278668
2023-12-12,US Dollar,USDGHS,11.6298,11.6414,11.6356,-1.7188480280895148e-05
2023-12-13,US Dollar,USDGHS,11.6326,11.6442,11.6384,0.00024061184270087512
2023-12-14,US Dollar,USDGHS,11.6344,11.646,11.6402,0.00015464847573204576
2023-12-15,US Dollar,USDGHS,11.6373,11.6489,11.6431,0.0002491055834007205
2023-12-18,US Dollar,USDGHS,11.6373,11.6489,11.6431,0.0
2023-12-19,US Dollar,USDGHS,11.6392,11.6508,11.645,0.00016317346663880007
2023-12-20,US Dollar,USDGHS,11.6399,11.6515,11.6457,6.010982926315806e-05
2023-12-21,US Dollar,USDGHS,11.6399,11.6515,11.6457,0.0
2023-12-22,US Dollar,USDGHS,11.6396,11.6512,11.6454,-2.5760912968131762e-05
2023-12-27,US Dollar,USDGHS,11.6385,11.6501,11.6443,-9.446235896718603e-05
2023-12-28,US Dollar,USDGHS,11.6372,11.6488,11.643,-0.00011164883875327064
2023-12-29,US Dollar,USDGHS,11.8741,11.8859,11.88,0.02015117287961994
2024-01-02,US Dollar,USDGHS,11.877,11.8888,11.8829,0.00024407795465997142
2024-01-03,US Dollar,USDGHS,11.877,11.8888,11.8829,0.0
2024-01-04,US Dollar,USDGHS,11.8768,11.8886,11.8827,-1.6831049921300535e-05
2024-01-05,US Dollar,USDGHS,11.8787,11.8905,11.8846,0.00015988353780609614
2024-01-09,US Dollar,USDGHS,11.881,11.8928,11.8869,0.0001935090345310705
2024-01-10,US Dollar,USDGHS,11.8867,11.8985,11.8926,0.00047940453829296555
2024-01-11,US Dollar,USDGHS,11.8937,11.9055,11.8996,0.0005884281572933947
2024-01-12,US Dollar,USDGHS,11.9017,11.9137,11.9077,0.0006804635815525017
2024-01-15,US Dollar,USDGHS,11.9017,11.9137,11.9077,0.0
2024-01-16,US Dollar,USDGHS,11.9042,11.9162,11.9102,0.00020992614875200454
2024-01-17,US Dollar,USDGHS,11.9071,11.9191,11.9131,0.00024345913574729184
2024-01-18,US Dollar,USDGHS,11.9094,11.9214,11.9154,0.000193046142824251
2024-01-19,US Dollar,USDGHS,11.9541,11.9661,11.9601,0.003744428575507467
2024-01-22,US Dollar,USDGHS,11.9562,11.9682,11.9622,0.00017556840315466853
2024-01-23,US Dollar,USDGHS,11.9593,11.9713,11.9653,0.0002591160812741825
2024-01-24,US Dollar,USDGHS,11.9593,11.9713,11.9653,0.0
2024-01-25,US Dollar,USDGHS,11.965,11.977,11.971,0.00047626409325946857
2024-01-26,US Dollar,USDGHS,11.974,11.986,11.98,0.0007515344180705963
2024-01-29,US Dollar,USDGHS,11.999,12.011,12.005,0.0020846369859133553
2024-01-30,US Dollar,USDGHS,12.0066,12.0186,12.0126,0.0006328692503551759
2024-01-31,US Dollar,USDGHS,12.0296,12.0416,12.0356,0.0019128256595416086
2024-02-01,US Dollar,USDGHS,12.0296,12.0416,12.0356,0.0
2024-02-02,US Dollar,USDGHS,12.0476,12.0596,12.0536,0.001494445921828156
2024-02-05,US Dollar,USDGHS,12.0651,12.0771,12.0711,0.0014507954975199815
2024-02-06,US Dollar,USDGHS,12.0733,12.0853,12.0793,0.0006790778053463577
2024-02-07,US Dollar,USDGHS,12.0816,12.0936,12.0876,0.0006868899466907574
2024-02-08,US Dollar,USDGHS,12.094,12.1061,12.1,0.0010253188481965775
2024-02-09,US Dollar,USDGHS,12.1117,12.1239,12.1178,0.0014699934102442836
2024-02-12,US Dollar,USDGHS,12.1549,12.1671,12.161,0.0035586639859228365
2024-02-13,US Dollar,USDGHS,12.1549,12.1671,12.161,0.0
2024-02-14,US Dollar,USDGHS,12.1564,12.1686,12.1625,0.0001233375132609325
2024-02-15,US Dollar,USDGHS,12.1754,12.1876,12.1815,0.001560959896314832
2024-02-16,US Dollar,USDGHS,12.2003,12.2125,12.2064,0.002041996945389715
2024-02-19,US Dollar,USDGHS,12.2753,12.2875,12.2814,0.006125518381577759
2024-02-20,US Dollar,USDGHS,12.2892,12.3014,12.2953,0.0011311527977389143
2024-02-21,US Dollar,USDGHS,12.3766,12.389,12.3828,0.007091337394387432
2024-02-22,US Dollar,USDGHS,12.3815,12.3939,12.3877,0.00039563190601036484
2024-02-23,US Dollar,USDGHS,12.3815,12.3939,12.3877,0.0
2024-02-26,US Dollar,USDGHS,12.3843,12.3967,12.3905,0.00022600511836351082
2024-02-27,US Dollar,USDGHS,12.39,12.4024,12.3962,0.0004599240802912359
2024-02-28,US Dollar,USDGHS,12.4221,12.4345,12.4283,0.002586156248137333
2024-02-29,US Dollar,USDGHS,12.458,12.4704,12.4642,0.002884404932412624
2024-03-01,US Dollar,USDGHS,12.4938,12.5063,12.5,0.0028681090955084603
2024-03-04,US Dollar,USDGHS,12.4956,12.5082,12.5019,0.0001519884491703992
2024-03-05,US Dollar,USDGHS,12.4991,12.5117,12.5054,0.0002799182656947944
2024-03-07,US Dollar,USDGHS,12.5285,12.5411,12.5348,0.002348225134758943
2024-03-08,US Dollar,USDGHS,12.5412,12.5538,12.5475,0.0010126663890721557
2024-03-11,US Dollar,USDGHS,12.5477,12.5603,12.554,0.00051789734838828
2024-03-12,US Dollar,USDGHS,12.5696,12.5822,12.5759,0.0017429441059522272
2024-03-13,US Dollar,USDGHS,12.5984,12.611,12.6047,0.0022874762760308333
2024-03-14,US Dollar,USDGHS,12.5984,12.611,12.6047,0.0
2024-03-15,US Dollar,USDGHS,12.5984,12.611,12.6047,0.0
2024-03-18,US Dollar,USDGHS,12.6547,12.6673,12.661,0.004456642260793057
2024-03-19,US Dollar,USDGHS,12.7018,12.7146,12.7082,0.003721051863031766
2024-03-20,US Dollar,USDGHS,12.7413,12.7541,12.7477,0.00310340877380234
2024-03-21,US Dollar,USDGHS,12.7706,12.7834,12.777,0.0022958164342357715
2024-03-22,US Dollar,USDGHS,12.7936,12.8064,12.8,0.0017984913163855132
2024-03-25,US Dollar,USDGHS,12.8393,12.8521,12.8457,0.003563954064233596
2024-03-26,US Dollar,USDGHS,12.8558,12.8686,12.8622,0.001283652283202723
2024-03-27,US Dollar,USDGHS,12.8624,12.8752,12.8688,0.0005129998946595831
2024-03-28,US Dollar,USDGHS,12.8706,12.8834,12.877,0.0006369971239793791
2024-04-02,US Dollar,USDGHS,12.9006,12.9136,12.9071,0.002334773265178147
2024-04-03,US Dollar,USDGHS,12.9006,12.9136,12.9071,0.0
2024-04-04,US Dollar,USDGHS,12.9067,12.9197,12.9132,0.00047249645538489476
2024-04-05,US Dollar,USDGHS,12.9117,12.9247,12.9182,0.00038712575101965764
2024-04-08,US Dollar,USDGHS,12.9528,12.9658,12.9593,0.003176507356500849
2024-04-09,US Dollar,USDGHS,12.9528,12.9658,12.9593,0.0
2024-04-10,US Dollar,USDGHS,12.9643,12.9773,12.9708,0.0008870001082900546
2024-04-12,US Dollar,USDGHS,12.9802,12.9932,12.9867,0.0012250796100230835
2024-04-15,US Dollar,USDGHS,12.9907,13.0037,12.9972,0.0008081928095111448
2024-04-16,US Dollar,USDGHS,12.9907,13.0037,12.9972,0.0
2024-04-17,US Dollar,USDGHS,12.998,13.011,13.0045,0.0005615017627154836
2024-04-18,US Dollar,USDGHS,13.0035,13.0165,13.01,0.00042284111414376955
2024-04-19,US Dollar,USDGHS,13.0472,13.0602,13.0537,0.003353325962912985
2024-04-22,US Dollar,USDGHS,13.0601,13.0731,13.0666,0.0009877375871485629
2024-04-23,US Dollar,USDGHS,13.0693,13.0823,13.0758,0.000703837473208127
2024-04-24,US Dollar,USDGHS,13.1355,13.1487,13.1421,0.005057624090946846
2024-04-25,US Dollar,USDGHS,13.1683,13.1815,13.1749,0.0024926866271633773
2024-04-26,US Dollar,USDGHS,13.1928,13.206,13.1994,0.001857869747988146
2024-04-29,US Dollar,USDGHS,13.2376,13.2508,13.2442,0.0033883467350884207
2024-04-30,US Dollar,USDGHS,13.2673,13.2805,13.2739,0.0022399804223034417
2024-05-02,US Dollar,USDGHS,13.3667,13.3801,13.3734,0.007467958286891821
2024-05-03,US Dollar,USDGHS,13.4094,13.4228,13.4161,0.003187818821586667
2024-05-06,US Dollar,USDGHS,13.4641,13.4775,13.4708,0.004068901618822877
2024-05-07,US Dollar,USDGHS,13.4915,13.5049,13.4982,0.0020319633228965323
2024-05-08,US Dollar,USDGHS,13.5447,13.5583,13.5515,0.003940899084434253
2024-05-09,US Dollar,USDGHS,13.6584,13.672,13.6652,0.008355212898332546
2024-05-10,US Dollar,USDGHS,13.6754,13.689,13.6822,0.0012432627737733717
2024-05-13,US Dollar,USDGHS,13.7161,13.7299,13.723,0.0029775393095844674
2024-05-14,US Dollar,USDGHS,13.7161,13.7299,13.723,0.0
2024-05-15,US Dollar,USDGHS,13.7274,13.7412,13.7343,0.0008230962722457283
2024-05-16,US Dollar,USDGHS,13.7641,13.7779,13.771,0.0026685781852470144
2024-05-17,US Dollar,USDGHS,13.7931,13.8069,13.8,0.002103660418170222
2024-05-20,US Dollar,USDGHS,13.8326,13.8464,13.8395,0.0028582302061325297
2024-05-21,US Dollar,USDGHS,13.8687,13.8825,13.8756,0.002605079571487933
2024-05-22,US Dollar,USDGHS,13.9,13.914,13.907,0.0022604085556944555
2024-05-23,US Dollar,USDGHS,13.9225,13.9365,13.9295,0.001616582896557702
2024-05-24,US Dollar,USDGHS,13.948,13.962,13.955,0.00182897359525398
2024-05-27,US Dollar,USDGHS,13.998,14.012,14.005,0.0035765417237864456
2024-05-28,US Dollar,USDGHS,14.008,14.022,14.015,0.0007137759046797241
2024-05-29,US Dollar,USDGHS,14.0408,14.0548,14.0478,0.002337615272613428
2024-05-30,US Dollar,USDGHS,14.0909,14.1049,14.0979,0.003560050232451957
2024-05-31,US Dollar,USDGHS,14.123,14.1372,14.1301,0.0022814236904113833
2024-06-03,US Dollar,USDGHS,14.1223,14.1365,14.1294,-4.954086237504497e-05
2024-06-04,US Dollar,USDGHS,14.1424,14.1566,14.1495,0.0014215548260271156
2024-06-05,US Dollar,USDGHS,14.1424,14.1566,14.1495,0.0
2024-06-06,US Dollar,USDGHS,14.1374,14.1516,14.1445,-0.0003534318266802984
2024-06-07,US Dollar,USDGHS,14.1444,14.1586,14.1515,0.0004947695888322243
2024-06-10,US Dollar,USDGHS,14.1925,14.2067,14.1996,0.003393169658344114
2024-06-11,US Dollar,USDGHS,14.2409,14.2551,14.248,0.0034027507909840824
2024-06-12,US Dollar,USDGHS,14.2659,14.2801,14.273,0.0017530946602710132
2024-06-13,US Dollar,USDGHS,14.2659,14.2801,14.273,0.0
2024-06-14,US Dollar,USDGHS,14.2943,14.3087,14.3015,0.001994786222018423
2024-06-18,US Dollar,USDGHS,14.3157,14.3301,14.3229,0.001495228126144894
2024-06-19,US Dollar,USDGHS,14.3577,14.3721,14.3649,0.002928076046800286
2024-06-20,US Dollar,USDGHS,14.3995,14.4139,14.4067,0.0029056451089957813
2024-06-21,US Dollar,USDGHS,14.4395,14.4539,14.4467,0.002772638623183302
2024-06-24,US Dollar,USDGHS,14.4793,14.4937,14.4865,0.002751166487189095
2024-06-25,US Dollar,USDGHS,14.5185,14.5331,14.5258,0.002709197411972134
2024-06-26,US Dollar,USDGHS,14.5385,14.5531,14.5458,0.0013759134794941112
2024-06-27,US Dollar,USDGHS,14.5537,14.5683,14.561,0.0010444295753379712
2024-06-28,US Dollar,USDGHS,14.5787,14.5933,14.586,0.0017154428332739093
2024-07-01,US Dollar,USDGHS,14.5787,14.5933,14.586,0.0
2024-07-02,US Dollar,USDGHS,14.6159,14.6305,14.6232,0.002547144058216022
2024-07-03,US Dollar,USDGHS,14.6508,14.6654,14.6581,0.0023837750732557655
2024-07-04,US Dollar,USDGHS,14.6508,14.6654,14.6581,0.0
2024-07-05,US Dollar,USDGHS,14.6634,14.678,14.6707,0.0008592237510691855
2024-07-08,US Dollar,USDGHS,14.7011,14.7159,14.7085,0.002573250521327666
2024-07-09,US Dollar,USDGHS,14.7011,14.7159,14.7085,0.0
2024-07-10,US Dollar,USDGHS,14.7062,14.721,14.7136,0.00034667818076055003
2024-07-11,US Dollar,USDGHS,14.7062,14.721,14.7136,0.0
2024-07-12,US Dollar,USDGHS,14.7098,14.7246,14.7172,0.00024464166913265486
2024-07-15,US Dollar,USDGHS,14.7179,14.7327,14.7253,0.0005502250287410421
2024-07-16,US Dollar,USDGHS,14.7382,14.753,14.7456,0.0013776303547264695
2024-07-17,US Dollar,USDGHS,14.753,14.7678,14.7604,0.0010031858768525083
2024-07-18,US Dollar,USDGHS,14.7576,14.7724,14.765,0.0003115961197626136
2024-07-19,US Dollar,USDGHS,14.7737,14.7885,14.7811,0.0010898224532858382
2024-07-22,US Dollar,USDGHS,14.7737,14.7885,14.7811,0.0
2024-07-23,US Dollar,USDGHS,14.779,14.7938,14.7864,0.00035850173716167746
2024-07-24,US Dollar,USDGHS,14.791,14.8058,14.7984,0.0008112274315250525
2024-07-25,US Dollar,USDGHS,14.8111,14.8259,14.8185,0.001357333352642616
2024-07-26,US Dollar,USDGHS,14.8209,14.8357,14.8283,0.0006611169068463392
2024-07-29,US Dollar,USDGHS,14.8284,14.8432,14.8358,0.0005056617365642877
2024-07-30,US Dollar,USDGHS,14.8832,14.898,14.8906,0.0036869625704996235
2024-07-31,US Dollar,USDGHS,14.8934,14.9084,14.9009,0.0006914724273969407
2024-08-01,US Dollar,USDGHS,14.9426,14.9576,14.9501,0.00329637496572673
2024-08-02,US Dollar,USDGHS,14.9621,14.9771,14.9696,0.001303489190133033
2024-08-06,US Dollar,USDGHS,14.9836,14.9986,14.9911,0.0014352137093286824
2024-08-07,US Dollar,USDGHS,15.0147,15.0297,15.0222,0.0020724153046124
2024-08-08,US Dollar,USDGHS,15.0499,15.0649,15.0574,0.002340457723376728
2024-08-09,US Dollar,USDGHS,15.0844,15.0994,15.0919,0.002288611348091554
2024-08-12,US Dollar,USDGHS,15.108,15.1232,15.1156,0.0015691470570479249
2024-08-13,US Dollar,USDGHS,15.1265,15.1417,15.1341,0.0012231527788039258
2024-08-14,US Dollar,USDGHS,15.1251,15.1403,15.1327,-9.251060574618265e-05
2024-08-15,US Dollar,USDGHS,15.1251,15.1403,15.1327,0.0
2024-08-16,US Dollar,USDGHS,15.1246,15.1398,15.1322,-3.3041576218377894e-05
2024-08-19,US Dollar,USDGHS,15.1236,15.1388,15.1312,-6.608642785427831e-05
2024-08-20,US Dollar,USDGHS,15.1236,15.1388,15.1312,0.0
2024-08-21,US Dollar,USDGHS,15.1224,15.1376,15.13,-7.930947884607036e-05
2024-08-22,US Dollar,USDGHS,15.1239,15.1391,15.1315,9.913586578525078e-05
2024-08-23,US Dollar,USDGHS,15.1239,15.1391,15.1315,0.0
2024-08-26,US Dollar,USDGHS,15.1289,15.1441,15.1365,0.00033038192450639465
2024-08-27,US Dollar,USDGHS,15.1279,15.1431,15.1355,-6.606765330095916e-05
2024-08-28,US Dollar,USDGHS,15.1504,15.1656,15.158,0.001485467452582215
2024-08-29,US Dollar,USDGHS,15.1643,15.1795,15.1719,0.0009165873262459931
2024-08-30,US Dollar,USDGHS,15.1823,15.1975,15.1899,0.0011857005914555465
2024-09-02,US Dollar,USDGHS,15.2226,15.2378,15.2302,0.002649565489670409
2024-09-03,US Dollar,USDGHS,15.24,15.2552,15.2476,0.0011418148219638341
2024-09-04,US Dollar,USDGHS,15.2719,15.2871,15.2795,0.0020899470707191645
2024-09-05,US Dollar,USDGHS,15.3158,15.3312,15.3235,0.002875537059674499
2024-09-06,US Dollar,USDGHS,15.3373,15.3527,15.345,0.0014020903221326517
2024-09-09,US Dollar,USDGHS,15.3598,15.3752,15.3675,0.0014652017273279626
2024-09-10,US Dollar,USDGHS,15.3598,15.3752,15.3675,0.0
2024-09-11,US Dollar,USDGHS,15.4398,15.4552,15.4475,0.005192288153970179
2024-09-12,US Dollar,USDGHS,15.5202,15.5358,15.528,0.005197667913711662
2024-09-13,US Dollar,USDGHS,15.6337,15.6493,15.6415,0.007282792579973224
2024-09-16,US Dollar,USDGHS,15.657,15.6726,15.6648,0.001488518560297833
2024-09-17,US Dollar,USDGHS,15.6133,15.6289,15.6211,-0.0027935925397794678
2024-09-18,US Dollar,USDGHS,15.7421,15.7579,15.75,0.008217800804441185
2024-09-19,US Dollar,USDGHS,15.7221,15.7379,15.73,-0.0012706482014555418
2024-09-20,US Dollar,USDGHS,15.748,15.7638,15.7559,0.0016451812298070468
2024-09-24,US Dollar,USDGHS,15.7122,15.728,15.7201,-0.002274749996010868
2024-09-25,US Dollar,USDGHS,15.6922,15.7079,15.7,-0.0012794359497203037
2024-09-26,US Dollar,USDGHS,15.7921,15.8079,15.8,0.0063492276786587445
2024-09-27,US Dollar,USDGHS,15.8221,15.8379,15.83,0.0018969338599996708
2024-09-30,US Dollar,USDGHS,15.7921,15.8079,15.8,-0.0018969338599995832
2024-10-01,US Dollar,USDGHS,15.8321,15.8479,15.84,0.0025284463533586906
2024-10-02,US Dollar,USDGHS,15.8721,15.8879,15.88,0.002522069432709939
2024-10-03,US Dollar,USDGHS,15.7921,15.8079,15.8,-0.0050505157860685915
2024-10-04,US Dollar,USDGHS,15.7821,15.7979,15.79,-0.0006331117653705114
2024-10-07,US Dollar,USDGHS,15.8721,15.8879,15.88,0.005683627551439058
2024-10-08,US Dollar,USDGHS,15.8221,15.8379,15.83,-0.0031535819260689268
2024-10-09,US Dollar,USDGHS,15.8921,15.908,15.9,0.0044122353332649925
2024-10-10,US Dollar,USDGHS,15.8421,15.8579,15.85,-0.00314960890289622
2024-10-11,US Dollar,USDGHS,15.8921,15.908,15.9,0.0031496089028962013
2024-10-14,US Dollar,USDGHS,15.962,15.978,15.97,0.004392853000735334
2024-10-15,US Dollar,USDGHS,15.8921,15.908,15.9,-0.004392853000735216
2024-10-16,US Dollar,USDGHS,15.922,15.938,15.93,0.001885014695771204
2024-10-17,US Dollar,USDGHS,15.992,16.008,16.0,0.004384598317824126
2024-10-18,US Dollar,USDGHS,15.982,15.998,15.99,-0.0006251953939183611
2024-10-21,US Dollar,USDGHS,15.992,16.008,16.0,0.000625195393918318
2024-10-22,US Dollar,USDGHS,15.992,16.008,16.0,0.0
2024-10-23,US Dollar,USDGHS,16.1419,16.1581,16.15,0.009331327428884222
2024-10-24,US Dollar,USDGHS,16.062,16.078,16.07,-0.004965869919244252
2024-10-25,US Dollar,USDGHS,16.1419,16.1581,16.15,0.0049658699192442765
2024-10-28,US Dollar,USDGHS,16.1419,16.1581,16.15,0.0
2024-10-29,US Dollar,USDGHS,16.2067,16.2229,16.2148,0.004004355756145598
2024-10-30,US Dollar,USDGHS,16.2419,16.2581,16.25,0.00216850335093545
2024-10-31,US Dollar,USDGHS,16.2919,16.3082,16.3,0.00307219903697028
2024-11-01,US Dollar,USDGHS,16.2919,16.3082,16.3,0.0
2024-11-04,US Dollar,USDGHS,16.3918,16.4082,16.4,0.006116227017436054
2024-11-05,US Dollar,USDGHS,16.3418,16.3582,16.35,-0.0030534374868901202
2024-11-06,US Dollar,USDGHS,16.4118,16.4282,16.42,0.0042722066810198574
2024-11-07,US Dollar,USDGHS,16.1919,16.2081,16.2,-0.013488861785943884
2024-11-08,US Dollar,USDGHS,16.3419,16.3583,16.3501,0.009222771294171235
2024-11-11,US Dollar,USDGHS,16.2919,16.3082,16.3,-0.003068905719792874
2024-11-12,US Dollar,USDGHS,16.2419,16.2581,16.25,-0.003072199036970252
2024-11-13,US Dollar,USDGHS,16.1419,16.1581,16.15,-0.006172859107081079
2024-11-14,US Dollar,USDGHS,16.072,16.088,16.08,-0.004343785917845308
2024-11-15,US Dollar,USDGHS,15.967,15.983,15.975,-0.006551263487221703
2024-11-18,US Dollar,USDGHS,15.922,15.938,15.93,-0.0028208763416413406
2024-11-19,US Dollar,USDGHS,15.912,15.928,15.92,-0.0006279435057202077
2024-11-20,US Dollar,USDGHS,15.8921,15.908,15.9,-0.0012570711900510918
2024-11-21,US Dollar,USDGHS,15.8421,15.8579,15.85,-0.00314960890289622
2024-11-22,US Dollar,USDGHS,15.7921,15.8079,15.8,-0.0031595602903684815
2024-11-25,US Dollar,USDGHS,15.7121,15.7279,15.72,-0.005076153031860661
2024-11-26,US Dollar,USDGHS,15.6122,15.6278,15.62,-0.00638164258952072
2024-11-27,US Dollar,USDGHS,15.4823,15.4977,15.49,-0.008357489982762551
2024-11-28,US Dollar,USDGHS,15.3693,15.3847,15.377,-0.007321767895221473
2024-11-29,US Dollar,USDGHS,15.2624,15.2776,15.27,-0.006982767303014828
2024-12-02,US Dollar,USDGHS,15.1874,15.2026,15.195,-0.004923692861784612
2024-12-03,US Dollar,USDGHS,15.1074,15.1226,15.115,-0.0052787981373350204
2024-12-04,US Dollar,USDGHS,14.9125,14.9275,14.92,-0.01298503345580659
2024-12-05,US Dollar,USDGHS,14.8626,14.8774,14.87,-0.0033568343035511447
2024-12-09,US Dollar,USDGHS,14.7926,14.8074,14.8,-0.00471857970199426
2024-12-10,US Dollar,USDGHS,14.7426,14.7574,14.75,-0.0033840979842405684
2024-12-11,US Dollar,USDGHS,14.6727,14.6873,14.68,-0.004757059599459346
2024-12-12,US Dollar,USDGHS,14.7226,14.7374,14.73,0.0034002072881694576
2024-12-13,US Dollar,USDGHS,14.7326,14.7474,14.74,0.0006786562866516908
2024-12-16,US Dollar,USDGHS,14.7226,14.7374,14.73,-0.0006786562866515843
2024-12-17,US Dollar,USDGHS,14.7126,14.7274,14.72,-0.0006791171738086595
2024-12-18,US Dollar,USDGHS,14.7226,14.7374,14.73,0.0006791171738086843
2024-12-19,US Dollar,USDGHS,14.7326,14.7474,14.74,0.0006786562866516908
2024-12-20,US Dollar,USDGHS,14.6927,14.7074,14.7,-0.0027173929765000266
2024-12-23,US Dollar,USDGHS,14.6427,14.6573,14.65,-0.0034071583216141975
2024-12-24,US Dollar,USDGHS,14.6427,14.6573,14.65,0.0
2024-12-27,US Dollar,USDGHS,14.6927,14.7074,14.7,0.0034071583216141346
2024-12-30,US Dollar,USDGHS,14.7026,14.7174,14.71,0.0006800408286556885
2024-12-31,US Dollar,USDGHS,14.6927,14.7074,14.7,-0.0006800408286556255
2025-01-02,US Dollar,USDGHS,14.6927,14.7074,14.7,0.0
2025-01-03,US Dollar,USDGHS,14.7426,14.7574,14.75,0.0033955890011383287
2025-01-06,US Dollar,USDGHS,14.6927,14.7074,14.7,-0.003395589001138272
2025-01-08,US Dollar,USDGHS,14.7426,14.7574,14.75,0.0033955890011383287
2025-01-09,US Dollar,USDGHS,14.7926,14.8074,14.8,0.003384097984240494
2025-01-10,US Dollar,USDGHS,14.7426,14.7574,14.75,-0.0033840979842405684
2025-01-13,US Dollar,USDGHS,14.7926,14.8074,14.8,0.003384097984240494
2025-01-14,US Dollar,USDGHS,14.8366,14.8514,14.844,0.0029685624282816373
2025-01-15,US Dollar,USDGHS,14.8426,14.8574,14.85,0.0004041220503574785
2025-01-16,US Dollar,USDGHS,14.9125,14.9275,14.92,0.004702729526906124
2025-01-17,US Dollar,USDGHS,14.9425,14.9575,14.95,0.002008705061080587
2025-01-20,US Dollar,USDGHS,14.9925,15.0075,15.0,0.0033389012655146303
2025-01-21,US Dollar,USDGHS,15.0121,15.0271,15.0196,0.0013058137207077529
2025-01-22,US Dollar,USDGHS,15.0525,15.0675,15.06,0.0026862075488298448
2025-01-23,US Dollar,USDGHS,15.1124,15.1276,15.12,0.003976148379639417
2025-01-24,US Dollar,USDGHS,15.0925,15.1076,15.1,-0.001323626930508253
2025-01-27,US Dollar,USDGHS,15.1924,15.2076,15.2,0.006600684031352093
2025-01-28,US Dollar,USDGHS,15.2424,15.2576,15.25,0.0032840752011900187
2025-01-29,US Dollar,USDGHS,15.2424,15.2576,15.25,0.0
2025-01-30,US Dollar,USDGHS,15.2899,15.3051,15.2975,0.003109913301137956
2025-01-31,US Dollar,USDGHS,15.2924,15.3077,15.3,0.0001634120438314169
2025-02-03,US Dollar,USDGHS,15.2924,15.3077,15.3,0.0
2025-02-04,US Dollar,USDGHS,15.3723,15.3877,15.38,0.005215135679108119
2025-02-05,US Dollar,USDGHS,15.4423,15.4577,15.45,0.004541039266256421
2025-02-06,US Dollar,USDGHS,15.4423,15.4577,15.45,0.0
2025-02-07,US Dollar,USDGHS,15.4773,15.4927,15.485,0.0022628100814116765
2025-02-10,US Dollar,USDGHS,15.4723,15.4877,15.48,-0.00032294526358499925
2025-02-11,US Dollar,USDGHS,15.4423,15.4577,15.45,-0.001939864817826703
2025-02-12,US Dollar,USDGHS,15.4573,15.4727,15.465,0.0009704027932785145
2025-02-13,US Dollar,USDGHS,15.4823,15.4977,15.49,0.0016152482917443263
2025-02-14,US Dollar,USDGHS,15.4923,15.5078,15.5,0.0006453694964236529
2025-02-17,US Dollar,USDGHS,15.4923,15.5078,15.5,0.0
2025-02-18,US Dollar,USDGHS,15.4923,15.5078,15.5,0.0
2025-02-19,US Dollar,USDGHS,15.5422,15.5578,15.55,0.003220614700042157
2025-02-20,US Dollar,USDGHS,15.5422,15.5578,15.55,0.0
2025-02-21,US Dollar,USDGHS,15.5322,15.5478,15.54,-0.0006432936857418188
2025-02-24,US Dollar,USDGHS,15.4923,15.5078,15.5,-0.0025773210143004033
2025-02-25,US Dollar,USDGHS,15.5222,15.5378,15.53,0.001933613235394781
2025-02-26,US Dollar,USDGHS,15.5222,15.5378,15.53,0.0
2025-02-27,US Dollar,USDGHS,15.5322,15.5478,15.54,0.000643707778905692
2025-02-28,US Dollar,USDGHS,15.5222,15.5378,15.53,-0.0006437077789056425
2025-03-03,US Dollar,USDGHS,15.5222,15.5378,15.53,0.0
2025-03-04,US Dollar,USDGHS,15.5122,15.5278,15.52,-0.0006441224055230209
2025-03-05,US Dollar,USDGHS,15.5122,15.5278,15.52,0.0
2025-03-07,US Dollar,USDGHS,15.5422,15.5578,15.55,0.001931123870170442
2025-03-10,US Dollar,USDGHS,15.5322,15.5478,15.54,-0.0006432936857418188
2025-03-11,US Dollar,USDGHS,15.5322,15.5478,15.54,0.0
2025-03-12,US Dollar,USDGHS,15.5322,15.5478,15.54,0.0
2025-03-13,US Dollar,USDGHS,15.5222,15.5378,15.53,-0.0006437077789056425
2025-03-14,US Dollar,USDGHS,15.5222,15.5378,15.53,0.0
2025-03-17,US Dollar,USDGHS,15.5322,15.5478,15.54,0.000643707778905692
2025-03-18,US Dollar,USDGHS,15.5322,15.5478,15.54,0.0
2025-03-19,US Dollar,USDGHS,15.5222,15.5378,15.53,-0.0006437077789056425
2025-03-20,US Dollar,USDGHS,15.5222,15.5378,15.53,0.0
2025-03-21,US Dollar,USDGHS,15.5222,15.5378,15.53,0.0
2025-03-24,US Dollar,USDGHS,15.5122,15.5278,15.52,-0.0006441224055230209
2025-03-25,US Dollar,USDGHS,15.5122,15.5278,15.52,0.0
2025-03-26,US Dollar,USDGHS,15.5222,15.5378,15.53,0.0006441224055230074
2025-03-27,US Dollar,USDGHS,15.5222,15.5378,15.53,0.0
2025-03-28,US Dollar,USDGHS,15.5222,15.5378,15.53,0.0
2025-04-02,US Dollar,USDGHS,15.5222,15.5378,15.53,0.0
2025-04-03,US Dollar,USDGHS,15.5222,15.5378,15.53,0.0
2025-04-04,US Dollar,USDGHS,15.5272,15.5428,15.535,0.0003219056844150297
2025-04-07,US Dollar,USDGHS,15.5122,15.5278,15.52,-0.0009660280899380406
2025-04-08,US Dollar,USDGHS,15.5122,15.5278,15.52,0.0
2025-04-09,US Dollar,USDGHS,15.5222,15.5378,15.53,0.0006441224055230074
2025-04-10,US Dollar,USDGHS,15.5172,15.5328,15.525,-0.0003220093410531338
2025-04-11,US Dollar,USDGHS,15.5122,15.5278,15.52,-0.00032211306446983844
2025-04-14,US Dollar,USDGHS,15.5072,15.5228,15.515,-0.0003222168547290565
2025-04-15,US Dollar,USDGHS,15.5122,15.5278,15.52,0.00032221685472921086
2025-04-16,US Dollar,USDGHS,15.4972,15.5128,15.505,-0.0009669622026603114
2025-04-17,US Dollar,USDGHS,15.4523,15.4677,15.46,-0.002906509393136383
2025-04-22,US Dollar,USDGHS,15.4123,15.4277,15.42,-0.0025906750240925064
2025-04-23,US Dollar,USDGHS,15.3423,15.3577,15.35,-0.004549894101977254
2025-04-24,US Dollar,USDGHS,14.8926,14.9075,14.9,-0.0297542610817926
2025-04-25,US Dollar,USDGHS,14.5427,14.5573,14.55,-0.02377021933391196
2025-04-28,US Dollar,USDGHS,14.3728,14.3872,14.38,-0.011752641324600847
2025-04-29,US Dollar,USDGHS,14.2429,14.2571,14.25,-0.00908144557824115
2025-04-30,US Dollar,USDGHS,14.1429,14.1571,14.15,-0.007042282625412923
2025-05-02,US Dollar,USDGHS,13.8931,13.907,13.9,-0.017825783952600573
2025-05-05,US Dollar,USDGHS,13.6432,13.6568,13.65,-0.018149318505677334
2025-05-06,US Dollar,USDGHS,13.4433,13.4567,13.45,-0.014760415583120686
2025-05-07,US Dollar,USDGHS,13.2934,13.3067,13.3,-0.011215070820139957
2025-05-08,US Dollar,USDGHS,13.1934,13.2066,13.2,-0.007547205635382966
2025-05-09,US Dollar,USDGHS,13.0935,13.1066,13.1,-0.007604599385219304
2025-05-12,US Dollar,USDGHS,12.8836,12.8964,12.89,-0.016160413256009788
2025-05-13,US Dollar,USDGHS,12.5937,12.6063,12.6,-0.022755002993663734
2025-05-14,US Dollar,USDGHS,12.4413,12.4537,12.4475,-0.012177014423231531
2025-05-15,US Dollar,USDGHS,12.3938,12.4062,12.4,-0.0038233269232094747
2025-05-16,US Dollar,USDGHS,12.3138,12.3262,12.32,-0.006472514505617479
2025-05-19,US Dollar,USDGHS,12.2239,12.2361,12.23,-0.007332008406292685
2025-05-20,US Dollar,USDGHS,12.094,12.1061,12.1,-0.010686497096385595
2025-05-21,US Dollar,USDGHS,11.8441,11.8559,11.85,-0.020877585021555255
2025-05-22,US Dollar,USDGHS,11.6242,11.6358,11.63,-0.018739901050567085
2025-05-23,US Dollar,USDGHS,10.9445,10.9555,10.95,-0.0602485102680634
2025-05-26,US Dollar,USDGHS,10.3948,10.4052,10.4,-0.05153365011518279
2025-05-27,US Dollar,USDGHS,10.2949,10.3052,10.3,-0.009661910911736859
2025-05-28,US Dollar,USDGHS,10.2749,10.2851,10.28,-0.0019436352085711256
2025-05-29,US Dollar,USDGHS,10.2949,10.3052,10.3,0.0019436352085712523
2025-05-30,US Dollar,USDGHS,10.2749,10.2851,10.28,-0.0019436352085711256
2025-06-02,US Dollar,USDGHS,10.2449,10.2551,10.25,-0.0029225544426018536
2025-06-03,US Dollar,USDGHS,10.2449,10.2551,10.25,0.0
2025-06-04,US Dollar,USDGHS,10.2249,10.2351,10.23,-0.0019531256208820736
2025-06-05,US Dollar,USDGHS,10.2449,10.2551,10.25,0.00195312562088207
2025-06-09,US Dollar,USDGHS,10.2449,10.2551,10.25,0.0
2025-06-10,US Dollar,USDGHS,10.2449,10.2551,10.25,0.0
2025-06-11,US Dollar,USDGHS,10.2449,10.2551,10.25,0.0
2025-06-12,US Dollar,USDGHS,10.2449,10.2551,10.25,0.0
2025-06-13,US Dollar,USDGHS,10.3448,10.3552,10.35,0.009708814126960903
2025-06-16,US Dollar,USDGHS,10.2949,10.3052,10.3,-0.004842624475787903
2025-06-17,US Dollar,USDGHS,10.2949,10.3052,10.3,0.0
2025-06-18,US Dollar,USDGHS,10.2949,10.3052,10.3,0.0
2025-06-19,US Dollar,USDGHS,10.2949,10.3052,10.3,0.0
2025-06-20,US Dollar,USDGHS,10.2949,10.3052,10.3,0.0
2025-06-23,US Dollar,USDGHS,10.2949,10.3052,10.3,0.0
2025-06-24,US Dollar,USDGHS,10.2949,10.3052,10.3,0.0
2025-06-25,US Dollar,USDGHS,10.3148,10.3252,10.32,0.0019398648178264545
2025-06-26,US Dollar,USDGHS,10.3048,10.3152,10.31,-0.0009694620245481195
2025-06-27,US Dollar,USDGHS,10.3048,10.3152,10.31,0.0
2025-06-30,US Dollar,USDGHS,10.3048,10.3152,10.31,0.0
2025-07-01,US Dollar,USDGHS,10.3285,10.3389,10.3337,0.0022961010295980953
2025-07-02,US Dollar,USDGHS,10.3148,10.3252,10.32,-0.0013266390050499226
2025-07-03,US Dollar,USDGHS,10.3148,10.3252,10.32,0.0
2025-07-07,US Dollar,USDGHS,10.3448,10.3552,10.35,0.00290275965796141
2025-07-08,US Dollar,USDGHS,10.3448,10.3552,10.35,0.0
2025-07-09,US Dollar,USDGHS,10.3448,10.3552,10.35,0.0
2025-07-10,US Dollar,USDGHS,10.3948,10.4052,10.4,0.004819286435948922
2025-07-11,US Dollar,USDGHS,10.3948,10.4052,10.4,0.0
2025-07-14,US Dollar,USDGHS,10.3948,10.4052,10.4,0.0
2025-07-15,US Dollar,USDGHS,10.3948,10.4052,10.4,0.0
2025-07-16,US Dollar,USDGHS,10.4248,10.4352,10.43,0.0028804628653540877
2025-07-17,US Dollar,USDGHS,10.4248,10.4352,10.43,0.0
2025-07-18,US Dollar,USDGHS,10.4248,10.4352,10.43,0.0
2025-07-21,US Dollar,USDGHS,10.4448,10.4552,10.45,0.0019157093981389615
2025-07-22,US Dollar,USDGHS,10.4448,10.4552,10.45,0.0
2025-07-23,US Dollar,USDGHS,10.4948,10.5053,10.5,0.004773278752657812
2025-07-24,US Dollar,USDGHS,10.4448,10.4552,10.45,-0.004773278752657771
2025-07-25,US Dollar,USDGHS,10.4448,10.4552,10.45,0.0
2025-07-28,US Dollar,USDGHS,10.4748,10.4852,10.48,0.0028667004820762637
2025-07-29,US Dollar,USDGHS,10.4748,10.4852,10.48,0.0
2025-07-30,US Dollar,USDGHS,10.4948,10.5053,10.5,0.0019065782705814474
2025-07-31,US Dollar,USDGHS,10.4948,10.5053,10.5,0.0
2025-08-01,US Dollar,USDGHS,10.4948,10.5053,10.5,0.0
2025-08-04,US Dollar,USDGHS,10.5047,10.5153,10.51,0.0009519277253821558
2025-08-05,US Dollar,USDGHS,10.5447,10.5553,10.55,0.0037986750332157384
2025-08-06,US Dollar,USDGHS,10.5447,10.5553,10.55,0.0
2025-08-07,US Dollar,USDGHS,10.4948,10.5053,10.5,-0.004750602758597865
2025-08-08,US Dollar,USDGHS,10.5947,10.6053,10.6,0.009478743954543739
2025-08-11,US Dollar,USDGHS,10.5947,10.6053,10.6,0.0
2025-08-12,US Dollar,USDGHS,10.6247,10.6353,10.63,0.0028261912358352663
2025-08-13,US Dollar,USDGHS,10.7452,10.756,10.7506,0.011281374615762887
2025-08-14,US Dollar,USDGHS,10.7946,10.8054,10.8,0.0045845671605547
2025-08-15,US Dollar,USDGHS,10.6447,10.6553,10.65,-0.013986241974739952
2025-08-18,US Dollar,USDGHS,10.7946,10.8054,10.8,0.01398624197473987
2025-08-19,US Dollar,USDGHS,10.7945,10.8053,10.7999,-9.25930212663657e-06
2025-08-20,US Dollar,USDGHS,10.8146,10.8254,10.82,0.0018593985902880066
2025-08-21,US Dollar,USDGHS,10.9445,10.9555,10.95,0.011943182844174186
2025-08-22,US Dollar,USDGHS,10.8946,10.9055,10.9,-0.004576667027411755
2025-08-25,US Dollar,USDGHS,10.9445,10.9555,10.95,0.004576667027411673
2025-08-26,US Dollar,USDGHS,10.9745,10.9855,10.98,0.0027359798188748455
2025-08-27,US Dollar,USDGHS,11.0445,11.0555,11.05,0.00635499188237722
2025-08-28,US Dollar,USDGHS,11.2444,11.2556,11.25,0.01793770068666725
2025-08-29,US Dollar,USDGHS,11.3943,11.4057,11.4,0.013245226750020723
2025-09-01,US Dollar,USDGHS,11.5942,11.6058,11.6,0.01739174271186902
2025-09-02,US Dollar,USDGHS,11.7441,11.7559,11.75,0.012848142477849059
2025-09-03,US Dollar,USDGHS,11.8941,11.906,11.9,0.01268515952731586
2025-09-04,US Dollar,USDGHS,11.944,11.956,11.95,0.004192878260035958
2025-09-05,US Dollar,USDGHS,11.954,11.966,11.96,0.0008364701449661284
2025-09-08,US Dollar,USDGHS,12.044,12.056,12.05,0.007496911414178374
2025-09-09,US Dollar,USDGHS,12.094,12.1061,12.1,0.004140792666031387
2025-09-10,US Dollar,USDGHS,12.094,12.1061,12.1,0.0
2025-09-11,US Dollar,USDGHS,12.1139,12.1261,12.12,0.0016515280384729392
2025-09-12,US Dollar,USDGHS,12.1439,12.1561,12.15,0.002472189145389073
2025-09-15,US Dollar,USDGHS,12.1939,12.2061,12.2,0.004106781952653281
2025-09-16,US Dollar,USDGHS,12.1939,12.2061,12.2,0.0
2025-09-17,US Dollar,USDGHS,12.2439,12.2561,12.25,0.004089985251525066
2025-09-18,US Dollar,USDGHS,12.2439,12.2561,12.25,0.0
2025-09-19,US Dollar,USDGHS,12.2639,12.2761,12.27,0.0016313217320840971
2025-09-23,US Dollar,USDGHS,12.2939,12.3062,12.3,0.002442003655551809
2025-09-24,US Dollar,USDGHS,12.2939,12.3062,12.3,0.0
2025-09-25,US Dollar,USDGHS,12.3438,12.3562,12.35,0.004056800695614248
2025-09-26,US Dollar,USDGHS,12.3938,12.4062,12.4,0.004040409537005127
2025-09-29,US Dollar,USDGHS,12.4041,12.4165,12.4103,0.0008303003665198179
2025-09-30,US Dollar,USDGHS,12.4138,12.4262,12.42,0.0007813035278217081
2025-10-01,US Dollar,USDGHS,12.4438,12.4562,12.45,0.002412546405383926
2025-10-02,US Dollar,USDGHS,12.5437,12.5563,12.55,0.00800004266707637
2025-10-03,US Dollar,USDGHS,12.5437,12.5563,12.55,0.0
2025-10-06,US Dollar,USDGHS,12.5437,12.5563,12.55,0.0
2025-10-07,US Dollar,USDGHS,12.4038,12.4162,12.41,-0.011218066361277132
2025-10-08,US Dollar,USDGHS,12.3938,12.4062,12.4,-0.0008061266055246638
2025-10-09,US Dollar,USDGHS,12.2939,12.3062,12.3,-0.008097210232619362
2025-10-10,US Dollar,USDGHS,12.1589,12.1711,12.165,-0.011036286142885997
2025-10-13,US Dollar,USDGHS,11.8941,11.906,11.9,-0.02202457611800217
2025-10-14,US Dollar,USDGHS,11.4443,11.4557,11.45,-0.03854867011723514
2025-10-15,US Dollar,USDGHS,11.2444,11.2556,11.25,-0.017621601349819445
2025-10-16,US Dollar,USDGHS,10.6947,10.7054,10.7,-0.050124387182568744
2025-10-17,US Dollar,USDGHS,10.6947,10.7054,10.7,0.0
2025-10-20,US Dollar,USDGHS,10.7946,10.8054,10.8,0.00930239266231363
2025-10-21,US Dollar,USDGHS,10.7446,10.7554,10.75,-0.004640379556502225
2025-10-22,US Dollar,USDGHS,10.7146,10.7254,10.72,-0.0027945989310158
2025-10-23,US Dollar,USDGHS,10.7946,10.8054,10.8,0.0074349784875179905
2025-10-24,US Dollar,USDGHS,10.8446,10.8554,10.85,0.004618945856294458
2025-10-27,US Dollar,USDGHS,10.7946,10.8054,10.8,-0.004618945856294417
2025-10-28,US Dollar,USDGHS,10.8446,10.8554,10.85,0.004618945856294458
2025-10-29,US Dollar,USDGHS,10.8446,10.8554,10.85,0.0
2025-10-30,US Dollar,USDGHS,10.8946,10.9055,10.9,0.004597709248629549
2025-10-31,US Dollar,USDGHS,10.8946,10.9055,10.9,0.0
2025-11-03,US Dollar,USDGHS,10.8946,10.9055,10.9,0.0
2025-11-04,US Dollar,USDGHS,10.9145,10.9255,10.92,0.0018331810816609117
2025-11-05,US Dollar,USDGHS,10.9095,10.9205,10.915,-0.0004579803148518753
2025-11-06,US Dollar,USDGHS,10.9095,10.9205,10.915,0.0
2025-11-07,US Dollar,USDGHS,10.9145,10.9255,10.92,0.0004579803148518966
2025-11-10,US Dollar,USDGHS,10.9145,10.9255,10.92,0.0
2025-11-11,US Dollar,USDGHS,10.9445,10.9555,10.95,0.002743485945750834
2025-11-12,US Dollar,USDGHS,10.9593,10.9703,10.9648,0.0013506855869125354
2025-11-13,US Dollar,USDGHS,10.9645,10.9755,10.97,0.000474132437716708
2025-11-14,US Dollar,USDGHS,10.9645,10.9755,10.97,0.0
2025-11-17,US Dollar,USDGHS,10.9745,10.9855,10.98,0.0009111617942456437
2025-11-18,US Dollar,USDGHS,10.9945,11.0055,11.0,0.0018198367169858993
2025-11-19,US Dollar,USDGHS,11.0045,11.0155,11.01,0.0009086779362181122
2025-11-20,US Dollar,USDGHS,11.0745,11.0855,11.08,0.006337730584549139
2025-11-21,US Dollar,USDGHS,11.1144,11.1256,11.12,0.0036036075032983964
2025-11-24,US Dollar,USDGHS,11.1144,11.1256,11.12,0.0
2025-11-25,US Dollar,USDGHS,11.1444,11.1556,11.15,0.002694209083691542
2025-11-26,US Dollar,USDGHS,11.1844,11.1956,11.19,0.003581024417706021
2025-11-27,US Dollar,USDGHS,11.2044,11.2156,11.21,0.001785714760234753
2025-11-28,US Dollar,USDGHS,11.2644,11.2756,11.27,0.005338090967616178
2025-12-01,US Dollar,USDGHS,11.2944,11.3057,11.3,0.002658397666610099
2025-12-02,US Dollar,USDGHS,11.3343,11.3457,11.34,0.0035335725813110445
2025-12-03,US Dollar,USDGHS,11.3613,11.3727,11.367,0.0023781224049674193
2025-12-04,US Dollar,USDGHS,11.4043,11.4157,11.41,0.0037757431694106637
2025-12-08,US Dollar,USDGHS,11.4143,11.4257,11.42,0.0008760403538798185
2025-12-09,US Dollar,USDGHS,11.4143,11.4257,11.42,0.0
2025-12-10,US Dollar,USDGHS,11.4343,11.4457,11.44,0.0017497817237875507
2025-12-11,US Dollar,USDGHS,11.4643,11.4757,11.47,0.0026189451896275733
2025-12-12,US Dollar,USDGHS,11.4843,11.4957,11.49,0.0017421607193848518
2025-12-15,US Dollar,USDGHS,11.4843,11.4957,11.49,0.0
2025-12-16,US Dollar,USDGHS,11.4943,11.5058,11.5,0.0008699435085400354
2025-12-17,US Dollar,USDGHS,11.4943,11.5058,11.5,0.0
2025-12-18,US Dollar,USDGHS,11.5042,11.5158,11.51,0.0008691873645869339
2025-12-19,US Dollar,USDGHS,11.4843,11.4957,11.49,-0.0017391308731268757
2025-12-22,US Dollar,USDGHS,11.4143,11.4257,11.42,-0.006110887632800149
2025-12-23,US Dollar,USDGHS,11.3443,11.3557,11.35,-0.0061484603004524595
2025-12-24,US Dollar,USDGHS,11.0945,11.1056,11.1,-0.022272635609123178
2025-12-29,US Dollar,USDGHS,10.6447,10.6553,10.65,-0.041385216162854246
2025-12-30,US Dollar,USDGHS,10.4448,10.4552,10.45,-0.01895791374461416
2025-12-31,US Dollar,USDGHS,10.4448,10.4552,10.45,0.0
